// Menu logo lava fill: 4 frames of 64x64 RGB
const unsigned char menu_lava_rgb[] = {
  0xf0, 0x2b, 0x00, 0xff, 0x3e, 0x19, 0xf1, 0x28, 0x11, 0xef, 0x1e, 0x10,
  0xed, 0x0d, 0x05, 0xdc, 0x05, 0x00, 0xb8, 0x02, 0x00, 0x9c, 0x03, 0x05,
  0x80, 0x00, 0x04, 0x82, 0x01, 0x0a, 0x8f, 0x00, 0x03, 0xa7, 0x00, 0x03,
  0xc9, 0x00, 0x09, 0xd4, 0x00, 0x04, 0xcd, 0x00, 0x00, 0xc5, 0x00, 0x00,
  0xb4, 0x06, 0x08, 0xb2, 0x00, 0x00, 0xf1, 0x13, 0x0c, 0xff, 0x1d, 0x0b,
  0xff, 0x21, 0x01, 0xfc, 0x22, 0x01, 0xfa, 0x22, 0x07, 0xf4, 0x25, 0x00,
  0xff, 0x3e, 0x00, 0xfd, 0x34, 0x00, 0xff, 0x32, 0x14, 0xf5, 0x12, 0x0c,
  0xe6, 0x0f, 0x1a, 0xbe, 0x00, 0x0d, 0x98, 0x00, 0x01, 0x9f, 0x01, 0x00,
  0xc8, 0x00, 0x00, 0xe1, 0x00, 0x00, 0xef, 0x00, 0x00, 0xfa, 0x06, 0x0b,
  0xf2, 0x04, 0x0b, 0xe9, 0x00, 0x05, 0xf6, 0x00, 0x0e, 0xf5, 0x00, 0x0c,
  0xe5, 0x00, 0x01, 0xc6, 0x00, 0x00, 0xa5, 0x05, 0x00, 0xa5, 0x08, 0x00,
  0xca, 0x03, 0x06, 0xdb, 0x00, 0x06, 0xdb, 0x00, 0x00, 0xdb, 0x00, 0x00,
  0xd8, 0x09, 0x00, 0xd4, 0x00, 0x00, 0xe6, 0x00, 0x00, 0xf8, 0x05, 0x00,
  0xff, 0x16, 0x05, 0xd6, 0x00, 0x00, 0xc2, 0x05, 0x07, 0xaa, 0x00, 0x0a,
  0xae, 0x03, 0x12, 0xc2, 0x08, 0x13, 0xe9, 0x0c, 0x0b, 0xf7, 0x14, 0x01,
  0xff, 0x38, 0x0b, 0xf8, 0x39, 0x00, 0xe1, 0x2a, 0x00, 0xff, 0x5e, 0x1b,
  0xe9, 0x24, 0x00, 0xff, 0x37, 0x10, 0xf3, 0x23, 0x0c, 0xe4, 0x0b, 0x00,
  0xe3, 0x03, 0x00, 0xd5, 0x00, 0x00, 0xb0, 0x00, 0x00, 0x93, 0x00, 0x00,
  0x84, 0x00, 0x00, 0x8b, 0x00, 0x00, 0xae, 0x09, 0x11, 0xba, 0x00, 0x0b,
  0xd0, 0x04, 0x0e, 0xc4, 0x00, 0x00, 0xc3, 0x00, 0x00, 0xbe, 0x0d, 0x07,
  0x82, 0x00, 0x00, 0x95, 0x00, 0x00, 0xda, 0x0e, 0x08, 0xed, 0x09, 0x00,
  0xff, 0x1f, 0x08, 0xf9, 0x17, 0x00, 0xeb, 0x0c, 0x00, 0xdc, 0x07, 0x00,
  0xf2, 0x2d, 0x00, 0xff, 0x3b, 0x00, 0xec, 0x12, 0x00, 0xe5, 0x0a, 0x02,
  0xc7, 0x00, 0x02, 0xb7, 0x02, 0x0b, 0xa3, 0x05, 0x06, 0xa2, 0x00, 0x00,
  0xd2, 0x07, 0x00, 0xef, 0x0d, 0x03, 0xea, 0x01, 0x00, 0xf4, 0x06, 0x04,
  0xf2, 0x04, 0x07, 0xe9, 0x00, 0x01, 0xf5, 0x00, 0x0a, 0xf0, 0x00, 0x0a,
  0xdc, 0x00, 0x00, 0xbd, 0x00, 0x00, 0x9a, 0x00, 0x00, 0x97, 0x00, 0x00,
  0xd5, 0x0a, 0x0d, 0xe8, 0x08, 0x0d, 0xeb, 0x08, 0x05, 0xe8, 0x0b, 0x01,
  0xdf, 0x0c, 0x00, 0xd8, 0x02, 0x00, 0xe1, 0x00, 0x00, 0xec, 0x00, 0x00,
  0xf1, 0x12, 0x00, 0xe3, 0x16, 0x00, 0xbe, 0x0c, 0x00, 0x95, 0x00, 0x00,
  0x86, 0x00, 0x00, 0xa1, 0x00, 0x00, 0xd7, 0x02, 0x00, 0xef, 0x0f, 0x00,
  0xf5, 0x2b, 0x00, 0xff, 0x58, 0x13, 0xff, 0x5e, 0x12, 0xec, 0x3e, 0x00,
  0xea, 0x26, 0x00, 0xff, 0x39, 0x0e, 0xf0, 0x0f, 0x00, 0xec, 0x05, 0x00,
  0xde, 0x00, 0x00, 0xd2, 0x01, 0x00, 0xad, 0x00, 0x00, 0x90, 0x00, 0x00,
  0x95, 0x00, 0x00, 0xb6, 0x08, 0x03, 0xcb, 0x04, 0x08, 0xd8, 0x0a, 0x10,
  0xd0, 0x07, 0x0b, 0xb9, 0x00, 0x00, 0xac, 0x03, 0x00, 0x83, 0x00, 0x00,
  0x42, 0x00, 0x00, 0x5e, 0x00, 0x00, 0xb7, 0x11, 0x10, 0xd8, 0x02, 0x02,
  0xeb, 0x00, 0x00, 0xfb, 0x04, 0x00, 0xff, 0x13, 0x04, 0xff, 0x23, 0x05,
  0xf2, 0x2c, 0x00, 0xff, 0x40, 0x06, 0xd7, 0x06, 0x00, 0xd1, 0x06, 0x00,
  0xae, 0x02, 0x00, 0x93, 0x00, 0x00, 0x9c, 0x00, 0x00, 0xc2, 0x0d, 0x08,
  0xda, 0x0b, 0x00, 0xf5, 0x19, 0x04, 0xfc, 0x20, 0x0d, 0xff, 0x1f, 0x12,
  0xf2, 0x06, 0x01, 0xe9, 0x00, 0x00, 0xf0, 0x01, 0x02, 0xe9, 0x03, 0x06,
  0xd4, 0x01, 0x01, 0xba, 0x00, 0x00, 0x9f, 0x00, 0x00, 0xa1, 0x00, 0x00,
  0xdd, 0x05, 0x07, 0xe9, 0x01, 0x00, 0xfc, 0x18, 0x0a, 0xe7, 0x09, 0x00,
  0xe5, 0x0b, 0x00, 0xe0, 0x02, 0x00, 0xe9, 0x02, 0x00, 0xf3, 0x11, 0x00,
  0xff, 0x3d, 0x0f, 0xf6, 0x3f, 0x09, 0xfa, 0x5f, 0x34, 0x87, 0x05, 0x00,
  0x5a, 0x00, 0x00, 0x7f, 0x00, 0x00, 0xd2, 0x0b, 0x05, 0xfa, 0x1d, 0x01,
  0xff, 0x47, 0x07, 0xff, 0x62, 0x0b, 0xff, 0x64, 0x03, 0xf4, 0x4e, 0x00,
  0xff, 0x3c, 0x06, 0xf4, 0x22, 0x00, 0xff, 0x19, 0x07, 0xf2, 0x04, 0x00,
  0xe1, 0x00, 0x00, 0xd8, 0x06, 0x04, 0xb4, 0x02, 0x05, 0x98, 0x00, 0x00,
  0xaf, 0x00, 0x00, 0xca, 0x05, 0x00, 0xe4, 0x0e, 0x0d, 0xd9, 0x05, 0x06,
  0xc2, 0x00, 0x00, 0x9e, 0x00, 0x00, 0xa3, 0x00, 0x00, 0x81, 0x03, 0x00,
  0x39, 0x00, 0x00, 0x3e, 0x00, 0x00, 0x99, 0x04, 0x09, 0xd3, 0x07, 0x0e,
  0xe6, 0x00, 0x00, 0xfe, 0x04, 0x00, 0xff, 0x20, 0x0d, 0xff, 0x35, 0x11,
  0xff, 0x39, 0x04, 0xff, 0x3f, 0x0a, 0xe1, 0x12, 0x00, 0xc8, 0x07, 0x00,
  0x8e, 0x00, 0x00, 0x8f, 0x00, 0x00, 0xac, 0x00, 0x00, 0xc9, 0x07, 0x00,
  0xf5, 0x25, 0x0c, 0xfd, 0x28, 0x07, 0xff, 0x3e, 0x1e, 0xfd, 0x27, 0x0d,
  0xee, 0x09, 0x00, 0xe7, 0x00, 0x00, 0xeb, 0x05, 0x00, 0xe5, 0x07, 0x00,
  0xd6, 0x05, 0x05, 0xc4, 0x00, 0x00, 0xb6, 0x00, 0x00, 0xbd, 0x00, 0x00,
  0xe3, 0x04, 0x04, 0xff, 0x1b, 0x15, 0xfa, 0x1c, 0x05, 0xf8, 0x1d, 0x05,
  0xe5, 0x00, 0x00, 0xe6, 0x00, 0x00, 0xf8, 0x10, 0x03, 0xff, 0x2a, 0x0e,
  0xff, 0x44, 0x0c, 0xff, 0x63, 0x20, 0xff, 0x71, 0x39, 0x82, 0x09, 0x00,
  0x42, 0x00, 0x00, 0x6c, 0x00, 0x00, 0xcc, 0x0e, 0x07, 0xfd, 0x24, 0x09,
  0xff, 0x57, 0x13, 0xff, 0x75, 0x16, 0xf9, 0x5b, 0x00, 0xfa, 0x62, 0x00,
  0xff, 0x3d, 0x10, 0xf8, 0x23, 0x00, 0xee, 0x09, 0x00, 0xe4, 0x00, 0x00,
  0xe5, 0x00, 0x00, 0xd7, 0x02, 0x00, 0xc2, 0x05, 0x07, 0xbd, 0x04, 0x05,
  0xca, 0x03, 0x00, 0xdd, 0x0d, 0x06, 0xe0, 0x0d, 0x09, 0xcf, 0x05, 0x03,
  0xbc, 0x02, 0x00, 0xa8, 0x00, 0x00, 0xbc, 0x07, 0x0b, 0xa7, 0x12, 0x15,
  0x4e, 0x00, 0x00, 0x47, 0x00, 0x00, 0x8b, 0x00, 0x01, 0xd1, 0x0b, 0x1a,
  0xf0, 0x06, 0x0c, 0xfe, 0x10, 0x05, 0xff, 0x3a, 0x16, 0xff, 0x3d, 0x0a,
  0xff, 0x47, 0x13, 0xff, 0x40, 0x14, 0xff, 0x36, 0x1e, 0xc7, 0x07, 0x00,
  0x91, 0x00, 0x00, 0x98, 0x00, 0x00, 0xc0, 0x02, 0x00, 0xdf, 0x0f, 0x03,
  0xf2, 0x27, 0x03, 0xff, 0x3a, 0x0a, 0xff, 0x38, 0x0a, 0xf0, 0x23, 0x00,
  0xf7, 0x1d, 0x00, 0xe9, 0x0a, 0x00, 0xfa, 0x1d, 0x03, 0xff, 0x33, 0x21,
  0xe3, 0x09, 0x05, 0xce, 0x00, 0x00, 0xcc, 0x00, 0x00, 0xcf, 0x00, 0x00,
  0xd2, 0x00, 0x00, 0xe5, 0x06, 0x00, 0xff, 0x4d, 0x2e, 0xf4, 0x20, 0x03,
  0xe9, 0x00, 0x00, 0xee, 0x00, 0x00, 0xf4, 0x09, 0x00, 0xff, 0x22, 0x06,
  0xff, 0x39, 0x01, 0xff, 0x4c, 0x0b, 0xff, 0x71, 0x3c, 0x8f, 0x09, 0x00,
  0x57, 0x00, 0x00, 0x75, 0x00, 0x08, 0xcb, 0x12, 0x11, 0xec, 0x1c, 0x03,
  0xff, 0x43, 0x05, 0xff, 0x5c, 0x02, 0xfa, 0x6c, 0x01, 0xef, 0x6c, 0x00,
  0xff, 0x35, 0x13, 0xfb, 0x27, 0x0a, 0xe8, 0x0b, 0x00, 0xe0, 0x00, 0x00,
  0xdf, 0x00, 0x00, 0xdb, 0x00, 0x00, 0xd2, 0x07, 0x07, 0xcf, 0x0b, 0x0b,
  0xd6, 0x0e, 0x09, 0xd5, 0x0d, 0x08, 0xc7, 0x06, 0x00, 0xb8, 0x00, 0x00,
  0xa8, 0x00, 0x00, 0xb4, 0x09, 0x0a, 0xb3, 0x03, 0x07, 0x9f, 0x06, 0x0c,
  0x6c, 0x05, 0x08, 0x61, 0x00, 0x01, 0x8c, 0x00, 0x03, 0xbd, 0x00, 0x08,
  0xea, 0x06, 0x08, 0xfe, 0x19, 0x04, 0xff, 0x46, 0x0e, 0xf5, 0x3e, 0x00,
  0xff, 0x45, 0x11, 0xf9, 0x2b, 0x07, 0xec, 0x1b, 0x09, 0xd0, 0x09, 0x00,
  0xb3, 0x03, 0x00, 0xa8, 0x00, 0x00, 0xc9, 0x00, 0x00, 0xf2, 0x1d, 0x0c,
  0xff, 0x3c, 0x0d, 0xff, 0x40, 0x04, 0xff, 0x3f, 0x05, 0xfe, 0x37, 0x01,
  0xf6, 0x27, 0x00, 0xf3, 0x1f, 0x00, 0xfb, 0x27, 0x01, 0xf8, 0x20, 0x04,
  0xe9, 0x0c, 0x00, 0xd9, 0x00, 0x00, 0xd7, 0x01, 0x01, 0xd8, 0x03, 0x00,
  0xd8, 0x00, 0x00, 0xe6, 0x09, 0x00, 0xff, 0x4a, 0x2c, 0xf4, 0x20, 0x03,
  0xf3, 0x03, 0x00, 0xf3, 0x00, 0x00, 0xec, 0x00, 0x00, 0xed, 0x0b, 0x00,
  0xf1, 0x22, 0x00, 0xff, 0x3f, 0x0b, 0xff, 0x54, 0x31, 0xad, 0x12, 0x04,
  0x64, 0x00, 0x00, 0x6d, 0x00, 0x04, 0xab, 0x00, 0x01, 0xd7, 0x14, 0x00,
  0xec, 0x2b, 0x00, 0xf7, 0x45, 0x00, 0xf3, 0x5d, 0x05, 0xeb, 0x62, 0x03,
  0xe1, 0x0c, 0x00, 0xde, 0x0b, 0x00, 0xcf, 0x01, 0x00, 0xd8, 0x04, 0x00,
  0xe2, 0x00, 0x00, 0xe6, 0x00, 0x00, 0xe2, 0x06, 0x00, 0xdb, 0x0c, 0x09,
  0xcc, 0x12, 0x0f, 0xb1, 0x07, 0x03, 0x9c, 0x00, 0x00, 0x97, 0x00, 0x00,
  0x9a, 0x00, 0x00, 0xa1, 0x05, 0x03, 0xa1, 0x0b, 0x09, 0x85, 0x00, 0x00,
  0x80, 0x07, 0x09, 0x81, 0x01, 0x05, 0x98, 0x00, 0x04, 0xb5, 0x00, 0x00,
  0xee, 0x10, 0x09, 0xff, 0x2e, 0x0b, 0xff, 0x5a, 0x10, 0xff, 0x48, 0x00,
  0xff, 0x39, 0x07, 0xf6, 0x20, 0x04, 0xde, 0x06, 0x00, 0xdb, 0x05, 0x02,
  0xd0, 0x01, 0x00, 0xcc, 0x00, 0x00, 0xec, 0x0d, 0x0b, 0xff, 0x3a, 0x23,
  0xff, 0x58, 0x21, 0xff, 0x52, 0x0a, 0xff, 0x46, 0x03, 0xff, 0x41, 0x03,
  0xff, 0x3d, 0x04, 0xff, 0x3e, 0x08, 0xff, 0x3c, 0x0c, 0xf9, 0x24, 0x00,
  0xfc, 0x1e, 0x0a, 0xe6, 0x09, 0x00, 0xda, 0x05, 0x00, 0xd4, 0x00, 0x00,
  0xd6, 0x00, 0x00, 0xe3, 0x06, 0x00, 0xff, 0x4d, 0x37, 0xe8, 0x08, 0x00,
  0xf7, 0x01, 0x00, 0xf8, 0x00, 0x00, 0xf7, 0x02, 0x00, 0xfb, 0x0e, 0x03,
  0xf8, 0x19, 0x00, 0xfa, 0x21, 0x0b, 0xfe, 0x26, 0x26, 0xbc, 0x01, 0x10,
  0x78, 0x00, 0x0c, 0x62, 0x00, 0x00, 0x83, 0x00, 0x00, 0xbf, 0x0e, 0x01,
  0xf1, 0x24, 0x0c, 0xff, 0x34, 0x0f, 0xfb, 0x43, 0x12, 0xf1, 0x43, 0x0e,
  0xd4, 0x0c, 0x00, 0xc7, 0x05, 0x00, 0xa3, 0x00, 0x00, 0xbc, 0x03, 0x00,
  0xe4, 0x0b, 0x00, 0xe8, 0x06, 0x00, 0xdc, 0x07, 0x01, 0xca, 0x0b, 0x09,
  0x93, 0x00, 0x00, 0x83, 0x00, 0x00, 0x91, 0x00, 0x00, 0x98, 0x00, 0x00,
  0x9a, 0x00, 0x00, 0xa4, 0x07, 0x03, 0x83, 0x00, 0x00, 0x7e, 0x00, 0x00,
  0x81, 0x00, 0x00, 0x91, 0x01, 0x04, 0xa5, 0x05, 0x0b, 0xb8, 0x01, 0x03,
  0xd0, 0x00, 0x00, 0xf8, 0x22, 0x02, 0xff, 0x4b, 0x06, 0xef, 0x2e, 0x00,
  0xf1, 0x1a, 0x00, 0xff, 0x20, 0x10, 0xdc, 0x02, 0x00, 0xdf, 0x09, 0x0b,
  0xde, 0x0a, 0x0d, 0xdb, 0x04, 0x06, 0xdc, 0x02, 0x00, 0xdd, 0x0b, 0x00,
  0xfb, 0x3d, 0x00, 0xfd, 0x45, 0x00, 0xff, 0x44, 0x00, 0xff, 0x3e, 0x00,
  0xff, 0x3f, 0x03, 0xff, 0x3f, 0x06, 0xff, 0x3e, 0x0b, 0xff, 0x29, 0x00,
  0xff, 0x26, 0x0b, 0xfc, 0x1e, 0x0c, 0xd7, 0x05, 0x00, 0xc8, 0x00, 0x00,
  0xd9, 0x02, 0x00, 0xe3, 0x08, 0x00, 0xfa, 0x22, 0x12, 0xe5, 0x06, 0x00,
  0xf8, 0x06, 0x00, 0xf5, 0x00, 0x00, 0xfd, 0x13, 0x05, 0xff, 0x2c, 0x19,
  0xff, 0x2f, 0x13, 0xe7, 0x09, 0x00, 0xe5, 0x00, 0x02, 0xcc, 0x00, 0x11,
  0x84, 0x00, 0x0b, 0x64, 0x00, 0x00, 0x77, 0x00, 0x00, 0xac, 0x05, 0x00,
  0xe4, 0x12, 0x07, 0xf2, 0x13, 0x05, 0xe0, 0x11, 0x00, 0xca, 0x05, 0x00,
  0xbc, 0x14, 0x06, 0x9c, 0x00, 0x00, 0x7b, 0x00, 0x00, 0x9e, 0x06, 0x05,
  0xd0, 0x0e, 0x06, 0xd3, 0x07, 0x01, 0xb2, 0x00, 0x00, 0x8d, 0x00, 0x00,
  0x6a, 0x00, 0x00, 0x6a, 0x00, 0x00, 0x93, 0x00, 0x00, 0xbc, 0x07, 0x00,
  0xbf, 0x06, 0x00, 0xa9, 0x00, 0x00, 0x84, 0x00, 0x00, 0x75, 0x00, 0x00,
  0x82, 0x00, 0x00, 0x89, 0x00, 0x00, 0x96, 0x00, 0x00, 0x97, 0x00, 0x00,
  0xb7, 0x00, 0x00, 0xe1, 0x17, 0x07, 0xff, 0x38, 0x0f, 0xff, 0x3d, 0x15,
  0xef, 0x06, 0x00, 0xed, 0x05, 0x08, 0xe1, 0x07, 0x0f, 0xce, 0x02, 0x0a,
  0xc7, 0x07, 0x0b, 0xbc, 0x00, 0x00, 0xc3, 0x04, 0x00, 0xd4, 0x16, 0x00,
  0xf1, 0x32, 0x00, 0xff, 0x42, 0x00, 0xff, 0x3f, 0x00, 0xff, 0x3a, 0x00,
  0xff, 0x3f, 0x08, 0xff, 0x3a, 0x08, 0xff, 0x39, 0x0b, 0xfe, 0x25, 0x00,
  0xff, 0x1d, 0x02, 0xe8, 0x07, 0x00, 0xd9, 0x0e, 0x03, 0xc5, 0x00, 0x00,
  0xda, 0x08, 0x01, 0xdd, 0x08, 0x00, 0xda, 0x0f, 0x04, 0xd4, 0x05, 0x00,
  0xec, 0x08, 0x00, 0xe9, 0x07, 0x00, 0xff, 0x3a, 0x12, 0xfd, 0x3a, 0x0a,
  0xff, 0x40, 0x0e, 0xe1, 0x14, 0x00, 0xe9, 0x07, 0x00, 0xd8, 0x06, 0x06,
  0x8a, 0x00, 0x00, 0x6e, 0x00, 0x00, 0x7e, 0x00, 0x00, 0xab, 0x09, 0x00,
  0xcf, 0x00, 0x00, 0xe7, 0x03, 0x00, 0xde, 0x09, 0x06, 0xd1, 0x03, 0x00,
  0xb8, 0x14, 0x09, 0x8f, 0x00, 0x00, 0x6a, 0x00, 0x00, 0x8b, 0x00, 0x00,
  0xc2, 0x08, 0x02, 0xc9, 0x03, 0x00, 0xac, 0x01, 0x04, 0x8c, 0x00, 0x01,
  0x68, 0x00, 0x00, 0x79, 0x00, 0x00, 0xb0, 0x00, 0x00, 0xd6, 0x0c, 0x08,
  0xd3, 0x0d, 0x02, 0xc2, 0x0d, 0x04, 0x8c, 0x00, 0x00, 0x89, 0x00, 0x00,
  0xa2, 0x05, 0x00, 0xc4, 0x1e, 0x0f, 0xa8, 0x06, 0x00, 0x99, 0x00, 0x00,
  0xa0, 0x00, 0x00, 0xbe, 0x02, 0x00, 0xe0, 0x14, 0x01, 0xff, 0x27, 0x19,
  0xf4, 0x04, 0x0a, 0xec, 0x03, 0x12, 0xca, 0x00, 0x0d, 0xa5, 0x00, 0x00,
  0x88, 0x00, 0x00, 0x8f, 0x00, 0x00, 0xaa, 0x00, 0x00, 0xc3, 0x0c, 0x00,
  0xfb, 0x41, 0x07, 0xff, 0x42, 0x00, 0xff, 0x3b, 0x00, 0xff, 0x3f, 0x0c,
  0xf9, 0x25, 0x00, 0xf8, 0x21, 0x00, 0xff, 0x31, 0x11, 0xff, 0x24, 0x08,
  0xff, 0x2d, 0x17, 0xe6, 0x08, 0x00, 0xc6, 0x04, 0x00, 0xbf, 0x03, 0x00,
  0xd0, 0x04, 0x00, 0xcd, 0x02, 0x00, 0xc1, 0x06, 0x00, 0xae, 0x00, 0x00,
  0xcf, 0x00, 0x00, 0xdf, 0x10, 0x00, 0xff, 0x5b, 0x22, 0xff, 0x5f, 0x1a,
  0xff, 0x50, 0x0d, 0xe4, 0x23, 0x00, 0xe5, 0x06, 0x00, 0xe2, 0x0d, 0x05,
  0x9f, 0x00, 0x01, 0x81, 0x00, 0x00, 0x8c, 0x00, 0x00, 0xb3, 0x05, 0x00,
  0xe2, 0x10, 0x09, 0xe2, 0x01, 0x00, 0xd9, 0x01, 0x01, 0xdf, 0x09, 0x0d,
  0xbb, 0x01, 0x00, 0xb0, 0x04, 0x00, 0x8b, 0x00, 0x00, 0x8f, 0x00, 0x00,
  0xc7, 0x09, 0x05, 0xd4, 0x08, 0x06, 0xc8, 0x08, 0x0e, 0xb4, 0x05, 0x0e,
  0x90, 0x00, 0x00, 0xa8, 0x05, 0x0c, 0xce, 0x04, 0x0b, 0xd3, 0x00, 0x00,
  0xd8, 0x0a, 0x02, 0xce, 0x0e, 0x03, 0xac, 0x00, 0x00, 0xb4, 0x09, 0x00,
  0xd2, 0x18, 0x00, 0xe1, 0x26, 0x01, 0xf1, 0x3d, 0x23, 0xcc, 0x20, 0x0d,
  0xa1, 0x00, 0x00, 0x9f, 0x00, 0x00, 0xc1, 0x00, 0x00, 0xe9, 0x0c, 0x0d,
  0xee, 0x04, 0x13, 0xe0, 0x05, 0x16, 0xab, 0x00, 0x09, 0x80, 0x00, 0x00,
  0x69, 0x00, 0x00, 0x87, 0x00, 0x00, 0xb4, 0x09, 0x00, 0xca, 0x12, 0x00,
  0xdf, 0x2b, 0x00, 0xff, 0x45, 0x0a, 0xf3, 0x27, 0x00, 0xfb, 0x21, 0x00,
  0xee, 0x0c, 0x00, 0xee, 0x0b, 0x00, 0xe8, 0x0b, 0x00, 0xff, 0x2d, 0x22,
  0xff, 0x2d, 0x1f, 0xde, 0x05, 0x00, 0xb0, 0x00, 0x00, 0xb0, 0x02, 0x00,
  0xc3, 0x00, 0x00, 0xc5, 0x02, 0x00, 0xb5, 0x08, 0x00, 0x9c, 0x00, 0x00,
  0xae, 0x00, 0x00, 0xd2, 0x16, 0x00, 0xff, 0x6c, 0x26, 0xff, 0x6e, 0x18,
  0xff, 0x5c, 0x0a, 0xf8, 0x3c, 0x00, 0xec, 0x0e, 0x00, 0xdb, 0x06, 0x00,
  0xa8, 0x02, 0x00, 0x94, 0x00, 0x00, 0xb1, 0x00, 0x00, 0xd6, 0x0e, 0x00,
  0xf2, 0x1d, 0x0c, 0xe7, 0x0c, 0x00, 0xdd, 0x03, 0x00, 0xdf, 0x07, 0x04,
  0xca, 0x02, 0x01, 0xc8, 0x09, 0x0a, 0xb0, 0x04, 0x07, 0xb9, 0x0c, 0x0e,
  0xc6, 0x00, 0x00, 0xd3, 0x01, 0x01, 0xcd, 0x06, 0x0c, 0xc2, 0x04, 0x0b,
  0xa2, 0x00, 0x00, 0xc6, 0x07, 0x11, 0xe1, 0x07, 0x11, 0xde, 0x00, 0x01,
  0xdb, 0x06, 0x00, 0xc6, 0x00, 0x00, 0xc0, 0x01, 0x00, 0xca, 0x10, 0x00,
  0xfb, 0x3d, 0x07, 0xff, 0x45, 0x07, 0xeb, 0x3d, 0x08, 0xe2, 0x3b, 0x14,
  0xbf, 0x1b, 0x01, 0x9b, 0x00, 0x00, 0x9e, 0x00, 0x00, 0xc5, 0x03, 0x09,
  0xd6, 0x00, 0x0c, 0xd1, 0x00, 0x10, 0xab, 0x00, 0x06, 0x8c, 0x00, 0x00,
  0x98, 0x08, 0x00, 0xb5, 0x21, 0x0a, 0xd7, 0x2d, 0x0d, 0xdf, 0x29, 0x00,
  0xfe, 0x45, 0x14, 0xff, 0x41, 0x11, 0xff, 0x37, 0x14, 0xff, 0x22, 0x0a,
  0xeb, 0x03, 0x00, 0xe2, 0x00, 0x00, 0xdb, 0x00, 0x00, 0xf3, 0x19, 0x15,
  0xfd, 0x1a, 0x13, 0xd6, 0x02, 0x00, 0xa7, 0x00, 0x00, 0xa8, 0x00, 0x00,
  0xc3, 0x00, 0x00, 0xc7, 0x00, 0x00, 0xb9, 0x08, 0x00, 0xa3, 0x00, 0x00,
  0xa2, 0x00, 0x00, 0xca, 0x15, 0x00, 0xff, 0x67, 0x1b, 0xf7, 0x60, 0x01,
  0xff, 0x66, 0x09, 0xff, 0x54, 0x0f, 0xf5, 0x1e, 0x07, 0xd5, 0x00, 0x00,
  0xa5, 0x00, 0x00, 0x9f, 0x00, 0x00, 0xcb, 0x06, 0x00, 0xf9, 0x24, 0x11,
  0xf4, 0x1b, 0x07, 0xf4, 0x1c, 0x0c, 0xe2, 0x12, 0x0b, 0xcc, 0x00, 0x00,
  0xd8, 0x04, 0x05, 0xd2, 0x03, 0x05, 0xce, 0x04, 0x0b, 0xcf, 0x04, 0x09,
  0xda, 0x01, 0x04, 0xdb, 0x04, 0x06, 0xd5, 0x0f, 0x10, 0xb9, 0x00, 0x00,
  0xbb, 0x00, 0x00, 0xd9, 0x06, 0x0f, 0xe5, 0x02, 0x0f, 0xe3, 0x00, 0x07,
  0xe0, 0x06, 0x02, 0xd8, 0x07, 0x00, 0xdb, 0x14, 0x00, 0xe8, 0x2c, 0x00,
  0xff, 0x59, 0x05, 0xff, 0x66, 0x07, 0xff, 0x71, 0x1b, 0xff, 0x6b, 0x27,
  0xed, 0x3f, 0x1a, 0xbd, 0x13, 0x00, 0x88, 0x00, 0x00, 0x82, 0x00, 0x00,
  0xad, 0x00, 0x00, 0xcd, 0x00, 0x09, 0xdd, 0x0c, 0x17, 0xdc, 0x0c, 0x0e,
  0xe2, 0x1a, 0x09, 0xff, 0x42, 0x19, 0xfb, 0x4b, 0x09, 0xf2, 0x40, 0x00,
  0xf1, 0x29, 0x00, 0xff, 0x30, 0x16, 0xff, 0x19, 0x07, 0xf3, 0x06, 0x00,
  0xed, 0x03, 0x00, 0xd9, 0x00, 0x00, 0xc4, 0x00, 0x00, 0xd7, 0x09, 0x03,
  0xe5, 0x0c, 0x03, 0xc8, 0x00, 0x00, 0xa6, 0x00, 0x00, 0xc8, 0x0d, 0x0a,
  0xd7, 0x04, 0x00, 0xe6, 0x0d, 0x04, 0xd9, 0x0d, 0x00, 0xc6, 0x00, 0x00,
  0xcb, 0x02, 0x00, 0xcf, 0x12, 0x00, 0xe8, 0x45, 0x00, 0xff, 0x83, 0x24,
  0xff, 0x7f, 0x23, 0xf8, 0x49, 0x03, 0xfd, 0x2e, 0x14, 0xd8, 0x05, 0x00,
  0xa5, 0x00, 0x00, 0xb1, 0x00, 0x00, 0xcc, 0x03, 0x00, 0xff, 0x34, 0x21,
  0xff, 0x1f, 0x10, 0xdf, 0x06, 0x00, 0xce, 0x0d, 0x07, 0xbd, 0x0a, 0x04,
  0xcf, 0x00, 0x00, 0xcf, 0x00, 0x00, 0xd1, 0x00, 0x00, 0xd7, 0x00, 0x02,
  0xe0, 0x02, 0x06, 0xd8, 0x00, 0x01, 0xd2, 0x03, 0x03, 0xc9, 0x00, 0x00,
  0xd8, 0x04, 0x05, 0xdf, 0x04, 0x09, 0xdb, 0x00, 0x08, 0xd9, 0x00, 0x00,
  0xe1, 0x03, 0x00, 0xdd, 0x09, 0x00, 0xf4, 0x2f, 0x00, 0xff, 0x55, 0x0b,
  0xfe, 0x5c, 0x00, 0xf8, 0x69, 0x00, 0xf6, 0x73, 0x09, 0xff, 0x72, 0x1c,
  0xff, 0x53, 0x20, 0xc6, 0x19, 0x00, 0x7a, 0x00, 0x00, 0x74, 0x00, 0x00,
  0xad, 0x00, 0x00, 0xd2, 0x03, 0x03, 0xe4, 0x07, 0x0b, 0xe5, 0x01, 0x03,
  0xf8, 0x19, 0x09, 0xff, 0x2d, 0x07, 0xff, 0x56, 0x14, 0xff, 0x45, 0x06,
  0xfe, 0x26, 0x08, 0xec, 0x06, 0x00, 0xf8, 0x0a, 0x02, 0xec, 0x00, 0x00,
  0xea, 0x00, 0x00, 0xe3, 0x05, 0x00, 0xd8, 0x07, 0x00, 0xd0, 0x03, 0x00,
  0xdf, 0x09, 0x00, 0xd7, 0x03, 0x00, 0xc3, 0x00, 0x00, 0xcb, 0x05, 0x01,
  0xdc, 0x06, 0x00, 0xff, 0x32, 0x23, 0xff, 0x36, 0x22, 0xe2, 0x08, 0x00,
  0xe6, 0x09, 0x00, 0xde, 0x0f, 0x00, 0xe1, 0x31, 0x00, 0xff, 0x63, 0x0e,
  0xed, 0x4d, 0x00, 0xf9, 0x4c, 0x09, 0xf0, 0x28, 0x0a, 0xd4, 0x0a, 0x00,
  0xa7, 0x00, 0x00, 0xb5, 0x00, 0x00, 0xdd, 0x0b, 0x00, 0xff, 0x33, 0x26,
  0xec, 0x0e, 0x05, 0xd1, 0x05, 0x00, 0x9c, 0x00, 0x00, 0x97, 0x00, 0x00,
  0xc0, 0x00, 0x00, 0xc2, 0x00, 0x00, 0xc9, 0x00, 0x00, 0xce, 0x00, 0x00,
  0xd7, 0x01, 0x01, 0xdb, 0x00, 0x01, 0xdd, 0x00, 0x00, 0xe3, 0x01, 0x02,
  0xde, 0x04, 0x00, 0xd4, 0x00, 0x00, 0xd3, 0x01, 0x06, 0xd9, 0x05, 0x08,
  0xe2, 0x04, 0x00, 0xf5, 0x21, 0x04, 0xfe, 0x47, 0x08, 0xff, 0x68, 0x0e,
  0xf9, 0x5d, 0x00, 0xf8, 0x66, 0x00, 0xf3, 0x6d, 0x00, 0xfb, 0x6c, 0x09,
  0xff, 0x61, 0x1e, 0xc7, 0x1a, 0x00, 0x87, 0x00, 0x00, 0x8f, 0x00, 0x00,
  0xc1, 0x02, 0x00, 0xda, 0x06, 0x00, 0xdd, 0x08, 0x00, 0xd5, 0x00, 0x00,
  0xe6, 0x0e, 0x09, 0xf2, 0x1c, 0x0e, 0xdf, 0x09, 0x00, 0xe7, 0x0c, 0x00,
  0xec, 0x07, 0x00, 0xe7, 0x00, 0x00, 0xe4, 0x00, 0x00, 0xf1, 0x08, 0x02,
  0xe8, 0x04, 0x00, 0xfd, 0x1e, 0x11, 0xf6, 0x1e, 0x0e, 0xdd, 0x05, 0x00,
  0xfd, 0x21, 0x0c, 0xdd, 0x03, 0x00, 0xcf, 0x00, 0x00, 0xda, 0x0a, 0x02,
  0xf0, 0x1d, 0x07, 0xff, 0x39, 0x1a, 0xff, 0x32, 0x10, 0xec, 0x09, 0x00,
  0xfc, 0x09, 0x00, 0xef, 0x04, 0x00, 0xee, 0x25, 0x00, 0xfe, 0x4c, 0x08,
  0xef, 0x49, 0x01, 0xf1, 0x47, 0x0a, 0xff, 0x55, 0x31, 0xed, 0x2f, 0x19,
  0xb4, 0x0c, 0x00, 0xb2, 0x01, 0x00, 0xd9, 0x00, 0x00, 0xee, 0x08, 0x08,
  0xd6, 0x09, 0x07, 0xb8, 0x07, 0x05, 0x8b, 0x00, 0x00, 0x8c, 0x02, 0x0c,
  0xaa, 0x01, 0x00, 0xaf, 0x02, 0x00, 0xb6, 0x02, 0x00, 0xbc, 0x00, 0x00,
  0xc7, 0x00, 0x00, 0xdb, 0x00, 0x00, 0xeb, 0x03, 0x02, 0xed, 0x03, 0x00,
  0xea, 0x0d, 0x03, 0xd4, 0x00, 0x00, 0xca, 0x00, 0x00, 0xd3, 0x02, 0x00,
  0xe9, 0x0e, 0x00, 0xff, 0x37, 0x10, 0xff, 0x5a, 0x0e, 0xff, 0x6b, 0x08,
  0xff, 0x71, 0x06, 0xfb, 0x6f, 0x00, 0xf4, 0x6f, 0x00, 0xf4, 0x66, 0x00,
  0xff, 0x5c, 0x17, 0xc5, 0x11, 0x00, 0x9b, 0x00, 0x00, 0xb1, 0x0a, 0x00,
  0xcd, 0x06, 0x00, 0xdf, 0x0a, 0x00, 0xdb, 0x08, 0x00, 0xca, 0x00, 0x00,
  0xcb, 0x05, 0x01, 0xc7, 0x00, 0x00, 0xdc, 0x00, 0x00, 0xe1, 0x00, 0x00,
  0xdf, 0x00, 0x00, 0xe3, 0x00, 0x00, 0xe3, 0x00, 0x00, 0xe7, 0x02, 0x00,
  0xe8, 0x0d, 0x00, 0xfa, 0x22, 0x10, 0xf0, 0x1b, 0x06, 0xff, 0x3a, 0x20,
  0xff, 0x38, 0x19, 0xe7, 0x0c, 0x00, 0xd4, 0x00, 0x00, 0xd3, 0x03, 0x00,
  0xf5, 0x26, 0x0a, 0xff, 0x3a, 0x10, 0xff, 0x38, 0x09, 0xfe, 0x1f, 0x00,
  0xf5, 0x03, 0x00, 0xf6, 0x0a, 0x00, 0xff, 0x34, 0x00, 0xf0, 0x3a, 0x00,
  0xff, 0x5f, 0x16, 0xff, 0x66, 0x25, 0xe5, 0x2f, 0x06, 0xd7, 0x23, 0x0c,
  0xa2, 0x03, 0x00, 0x9f, 0x00, 0x00, 0xdb, 0x00, 0x00, 0xe3, 0x01, 0x02,
  0xa5, 0x00, 0x00, 0x7c, 0x00, 0x00, 0x79, 0x00, 0x07, 0x72, 0x00, 0x10,
  0x82, 0x00, 0x00, 0x82, 0x00, 0x00, 0x8e, 0x01, 0x00, 0x94, 0x00, 0x00,
  0xc4, 0x00, 0x00, 0xe0, 0x04, 0x00, 0xf9, 0x1a, 0x08, 0xe8, 0x08, 0x00,
  0xe2, 0x06, 0x00, 0xd5, 0x00, 0x00, 0xd0, 0x00, 0x00, 0xda, 0x03, 0x00,
  0xf9, 0x23, 0x03, 0xff, 0x54, 0x1b, 0xff, 0x5d, 0x0a, 0xf8, 0x67, 0x04,
  0xf0, 0x68, 0x00, 0xf6, 0x74, 0x03, 0xff, 0x7f, 0x04, 0xff, 0x7f, 0x14,
  0xf4, 0x40, 0x09, 0xcc, 0x0b, 0x00, 0xc6, 0x11, 0x00, 0xd9, 0x20, 0x00,
  0xf0, 0x27, 0x00, 0xf8, 0x25, 0x00, 0xd9, 0x04, 0x00, 0xd1, 0x07, 0x00,
  0x9d, 0x00, 0x00, 0x9a, 0x00, 0x00, 0xcf, 0x01, 0x00, 0xe2, 0x08, 0x00,
  0xe9, 0x12, 0x00, 0xe5, 0x09, 0x00, 0xf0, 0x0c, 0x05, 0xe5, 0x04, 0x00,
  0xd8, 0x0c, 0x00, 0xcb, 0x07, 0x00, 0xd6, 0x11, 0x00, 0xff, 0x37, 0x19,
  0xff, 0x4b, 0x20, 0xe2, 0x10, 0x00, 0xcb, 0x01, 0x00, 0xd7, 0x0f, 0x03,
  0xf0, 0x21, 0x07, 0xff, 0x37, 0x0c, 0xff, 0x4b, 0x0e, 0xf8, 0x2a, 0x00,
  0xf4, 0x1c, 0x00, 0xf6, 0x23, 0x00, 0xf1, 0x38, 0x00, 0xff, 0x68, 0x0f,
  0xff, 0x62, 0x0c, 0xf4, 0x4e, 0x07, 0xd2, 0x21, 0x00, 0xb3, 0x05, 0x00,
  0x93, 0x00, 0x00, 0xae, 0x04, 0x0e, 0xe2, 0x0c, 0x09, 0xcd, 0x00, 0x00,
  0x94, 0x00, 0x00, 0x5f, 0x00, 0x00, 0x4d, 0x00, 0x00, 0x51, 0x01, 0x13,
  0x77, 0x00, 0x00, 0x7b, 0x00, 0x00, 0x86, 0x00, 0x00, 0x98, 0x00, 0x00,
  0xd8, 0x13, 0x0a, 0xf7, 0x22, 0x0f, 0xfc, 0x28, 0x02, 0xf6, 0x22, 0x00,
  0xe0, 0x05, 0x00, 0xd7, 0x00, 0x00, 0xd7, 0x00, 0x00, 0xe4, 0x09, 0x00,
  0xf2, 0x23, 0x00, 0xff, 0x5a, 0x16, 0xff, 0x75, 0x1c, 0xfb, 0x6d, 0x07,
  0xf3, 0x6d, 0x06, 0xf7, 0x77, 0x07, 0xff, 0x85, 0x09, 0xff, 0x82, 0x1b,
  0xff, 0x3e, 0x0f, 0xda, 0x0b, 0x00, 0xe9, 0x2c, 0x01, 0xff, 0x5a, 0x22,
  0xff, 0x50, 0x0c, 0xff, 0x3d, 0x00, 0xe3, 0x13, 0x00, 0xcb, 0x02, 0x00,
  0xa1, 0x00, 0x00, 0xad, 0x00, 0x00, 0xe1, 0x1c, 0x0c, 0xea, 0x1e, 0x00,
  0xff, 0x58, 0x20, 0xfc, 0x33, 0x00, 0xed, 0x1c, 0x01, 0xda, 0x0b, 0x00,
  0xc6, 0x03, 0x00, 0xb5, 0x00, 0x00, 0xc5, 0x04, 0x00, 0xf1, 0x29, 0x0f,
  0xff, 0x4d, 0x22, 0xe7, 0x15, 0x00, 0xbf, 0x00, 0x00, 0xbc, 0x00, 0x00,
  0xdf, 0x14, 0x00, 0xff, 0x38, 0x0c, 0xff, 0x56, 0x19, 0xff, 0x35, 0x00,
  0xef, 0x1e, 0x00, 0xff, 0x40, 0x0b, 0xff, 0x4d, 0x00, 0xff, 0x5f, 0x04,
  0xff, 0x5b, 0x05, 0xff, 0x77, 0x32, 0xc1, 0x0f, 0x00, 0xa2, 0x00, 0x00,
  0x92, 0x00, 0x02, 0xa7, 0x03, 0x0f, 0xdc, 0x0b, 0x09, 0xff, 0x39, 0x33,
  0xa9, 0x0e, 0x0e, 0x66, 0x00, 0x00, 0x42, 0x00, 0x00, 0x38, 0x00, 0x07,
  0x88, 0x03, 0x00, 0x87, 0x00, 0x00, 0x95, 0x00, 0x00, 0xbf, 0x0d, 0x03,
  0xef, 0x2d, 0x13, 0xff, 0x3d, 0x14, 0xff, 0x3b, 0x01, 0xff, 0x37, 0x01,
  0xe5, 0x0d, 0x00, 0xdd, 0x00, 0x00, 0xd9, 0x00, 0x00, 0xe1, 0x09, 0x00,
  0xe5, 0x18, 0x00, 0xff, 0x5c, 0x17, 0xff, 0x62, 0x05, 0xfb, 0x68, 0x00,
  0xf4, 0x68, 0x01, 0xf6, 0x72, 0x04, 0xfd, 0x82, 0x07, 0xff, 0x7d, 0x19,
  0xf8, 0x23, 0x00, 0xe8, 0x08, 0x00, 0xf8, 0x42, 0x0b, 0xff, 0x77, 0x2d,
  0xfe, 0x5a, 0x06, 0xf7, 0x4a, 0x00, 0xff, 0x3e, 0x00, 0xfc, 0x2c, 0x00,
  0xdc, 0x08, 0x00, 0xd6, 0x08, 0x00, 0xee, 0x2b, 0x09, 0xf3, 0x3a, 0x06,
  0xfc, 0x4c, 0x01, 0xff, 0x5a, 0x0c, 0xff, 0x5b, 0x19, 0xe1, 0x30, 0x03,
  0xcf, 0x0e, 0x00, 0xa9, 0x00, 0x00, 0xbc, 0x00, 0x00, 0xff, 0x2b, 0x1c,
  0xff, 0x2d, 0x0f, 0xe2, 0x0a, 0x00, 0xc1, 0x04, 0x00, 0xba, 0x06, 0x00,
  0xd0, 0x12, 0x00, 0xff, 0x3d, 0x12, 0xff, 0x57, 0x20, 0xff, 0x2a, 0x00,
  0xe8, 0x11, 0x00, 0xff, 0x38, 0x0c, 0xfb, 0x3f, 0x00, 0xf1, 0x43, 0x00,
  0xff, 0x62, 0x1c, 0xff, 0x53, 0x1b, 0xc7, 0x0f, 0x00, 0xa0, 0x00, 0x00,
  0x7b, 0x00, 0x00, 0xa3, 0x09, 0x12, 0xd8, 0x06, 0x08, 0xff, 0x21, 0x26,
  0xc9, 0x12, 0x17, 0x82, 0x00, 0x00, 0x4b, 0x00, 0x00, 0x38, 0x00, 0x00,
  0x90, 0x00, 0x00, 0xaa, 0x09, 0x07, 0xb9, 0x03, 0x03, 0xd3, 0x11, 0x05,
  0xfc, 0x3c, 0x14, 0xff, 0x43, 0x09, 0xff, 0x44, 0x00, 0xff, 0x3b, 0x00,
  0xf1, 0x1b, 0x00, 0xe2, 0x05, 0x00, 0xd7, 0x00, 0x00, 0xdb, 0x00, 0x00,
  0xf8, 0x27, 0x09, 0xff, 0x52, 0x1a, 0xff, 0x64, 0x08, 0xf9, 0x66, 0x00,
  0xf6, 0x62, 0x02, 0xfc, 0x6a, 0x07, 0xff, 0x78, 0x0d, 0xff, 0x75, 0x21,
  0xd8, 0x02, 0x00, 0xe2, 0x07, 0x00, 0xf7, 0x41, 0x08, 0xff, 0x5d, 0x0e,
  0xff, 0x67, 0x10, 0xfb, 0x55, 0x00, 0xff, 0x5a, 0x06, 0xff, 0x42, 0x00,
  0xff, 0x34, 0x0f, 0xea, 0x0d, 0x00, 0xea, 0x27, 0x00, 0xfc, 0x47, 0x07,
  0xee, 0x40, 0x00, 0xf6, 0x52, 0x00, 0xff, 0x65, 0x0e, 0xf3, 0x4e, 0x0f,
  0xd0, 0x0b, 0x00, 0xcc, 0x00, 0x00, 0xdc, 0x00, 0x03, 0xfb, 0x1a, 0x17,
  0xff, 0x2f, 0x1a, 0xe8, 0x0e, 0x00, 0xbe, 0x01, 0x00, 0xaa, 0x00, 0x00,
  0xcc, 0x0b, 0x00, 0xff, 0x37, 0x0e, 0xff, 0x45, 0x18, 0xe2, 0x0a, 0x00,
  0xff, 0x23, 0x02, 0xff, 0x3a, 0x17, 0xff, 0x3d, 0x08, 0xfe, 0x48, 0x0f,
  0xe2, 0x30, 0x00, 0xf6, 0x42, 0x1b, 0xca, 0x0b, 0x00, 0xa8, 0x00, 0x00,
  0x79, 0x00, 0x00, 0x85, 0x00, 0x00, 0xc7, 0x09, 0x0c, 0xd9, 0x0c, 0x0f,
  0xc9, 0x0c, 0x0e, 0x93, 0x00, 0x00, 0x65, 0x00, 0x00, 0x57, 0x00, 0x00,
  0xa9, 0x00, 0x00, 0xb9, 0x05, 0x09, 0xbf, 0x00, 0x00, 0xd3, 0x09, 0x00,
  0xff, 0x41, 0x10, 0xfd, 0x42, 0x00, 0xff, 0x59, 0x12, 0xff, 0x39, 0x00,
  0xff, 0x35, 0x0c, 0xe8, 0x0e, 0x00, 0xd3, 0x00, 0x00, 0xe2, 0x02, 0x07,
  0xe7, 0x08, 0x06, 0xf1, 0x27, 0x07, 0xff, 0x60, 0x10, 0xff, 0x6f, 0x0e,
  0xf8, 0x5f, 0x0d, 0xff, 0x6f, 0x22, 0xff, 0x78, 0x2d, 0xf8, 0x3d, 0x06,
  0xcc, 0x09, 0x00, 0xca, 0x07, 0x00, 0xff, 0x48, 0x13, 0xff, 0x51, 0x0a,
  0xf7, 0x44, 0x00, 0xff, 0x60, 0x10, 0xff, 0x5b, 0x00, 0xff, 0x57, 0x01,
  0xff, 0x38, 0x00, 0xfc, 0x24, 0x00, 0xf7, 0x2e, 0x00, 0xfc, 0x3b, 0x00,
  0xfd, 0x44, 0x00, 0xff, 0x5e, 0x07, 0xff, 0x61, 0x03, 0xee, 0x44, 0x00,
  0xf5, 0x28, 0x0b, 0xe4, 0x00, 0x00, 0xf6, 0x01, 0x0b, 0xff, 0x18, 0x1d,
  0xff, 0x2d, 0x23, 0xe2, 0x11, 0x01, 0xc9, 0x03, 0x00, 0xc7, 0x02, 0x00,
  0xdb, 0x08, 0x00, 0xd7, 0x04, 0x00, 0xda, 0x0d, 0x00, 0xdc, 0x0b, 0x00,
  0xe5, 0x08, 0x00, 0xff, 0x34, 0x1d, 0xff, 0x3a, 0x18, 0xd2, 0x12, 0x00,
  0xce, 0x14, 0x00, 0xca, 0x0e, 0x00, 0xc9, 0x02, 0x00, 0xb8, 0x01, 0x01,
  0x79, 0x00, 0x00, 0x6c, 0x00, 0x00, 0x83, 0x00, 0x00, 0x8f, 0x00, 0x00,
  0xad, 0x00, 0x00, 0xa8, 0x00, 0x00, 0x93, 0x00, 0x00, 0x89, 0x00, 0x00,
  0xc2, 0x04, 0x0b, 0xc4, 0x02, 0x08, 0xc7, 0x00, 0x00, 0xe9, 0x1f, 0x0d,
  0xfd, 0x42, 0x0a, 0xfd, 0x42, 0x00, 0xff, 0x3b, 0x00, 0xff, 0x3a, 0x08,
  0xff, 0x37, 0x14, 0xf6, 0x1a, 0x07, 0xdc, 0x00, 0x00, 0xdd, 0x00, 0x06,
  0xd6, 0x00, 0x06, 0xd5, 0x0e, 0x02, 0xec, 0x46, 0x0e, 0xff, 0x68, 0x22,
  0xfe, 0x56, 0x1a, 0xff, 0x5b, 0x29, 0xf8, 0x30, 0x04, 0xdb, 0x15, 0x00,
  0xaf, 0x00, 0x00, 0xa3, 0x00, 0x00, 0xe7, 0x26, 0x00, 0xff, 0x46, 0x0c,
  0xf6, 0x32, 0x00, 0xf7, 0x3e, 0x00, 0xff, 0x62, 0x06, 0xff, 0x5e, 0x04,
  0xff, 0x46, 0x04, 0xf3, 0x26, 0x00, 0xf3, 0x2d, 0x00, 0xff, 0x45, 0x04,
  0xff, 0x53, 0x09, 0xff, 0x55, 0x02, 0xff, 0x5c, 0x02, 0xff, 0x61, 0x12,
  0xff, 0x40, 0x10, 0xeb, 0x0d, 0x00, 0xff, 0x07, 0x09, 0xff, 0x03, 0x0b,
  0xea, 0x07, 0x04, 0xe0, 0x0d, 0x07, 0xcb, 0x05, 0x04, 0xcc, 0x05, 0x00,
  0xea, 0x16, 0x00, 0xe5, 0x0f, 0x00, 0xd6, 0x0a, 0x00, 0xc9, 0x00, 0x00,
  0xe8, 0x05, 0x00, 0xff, 0x23, 0x15, 0xfb, 0x29, 0x15, 0xd5, 0x0e, 0x00,
  0xcd, 0x0b, 0x00, 0xcc, 0x07, 0x01, 0xcf, 0x01, 0x04, 0xc4, 0x04, 0x09,
  0x96, 0x00, 0x00, 0x83, 0x00, 0x00, 0x7f, 0x00, 0x00, 0x8e, 0x00, 0x00,
  0xb8, 0x06, 0x00, 0xc0, 0x03, 0x00, 0xb6, 0x01, 0x00, 0xaf, 0x00, 0x00,
  0xd7, 0x08, 0x13, 0xc6, 0x00, 0x01, 0xb5, 0x00, 0x00, 0xd1, 0x11, 0x00,
  0xff, 0x59, 0x24, 0xff, 0x41, 0x03, 0xff, 0x28, 0x00, 0xff, 0x1f, 0x03,
  0xff, 0x1f, 0x0d, 0xff, 0x30, 0x27, 0xe9, 0x06, 0x01, 0xda, 0x04, 0x01,
  0xbf, 0x04, 0x06, 0xb6, 0x04, 0x03, 0xcc, 0x14, 0x05, 0xe6, 0x28, 0x12,
  0xe8, 0x26, 0x0e, 0xf7, 0x2b, 0x17, 0xdd, 0x0a, 0x00, 0xc9, 0x01, 0x00,
  0x95, 0x00, 0x00, 0x96, 0x00, 0x00, 0xdb, 0x0e, 0x00, 0xff, 0x32, 0x09,
  0xfa, 0x25, 0x00, 0xf1, 0x28, 0x00, 0xff, 0x4c, 0x00, 0xff, 0x55, 0x02,
  0xfd, 0x42, 0x00, 0xff, 0x47, 0x0c, 0xe4, 0x2a, 0x00, 0xff, 0x4d, 0x0f,
  0xff, 0x45, 0x03, 0xf4, 0x3e, 0x00, 0xf4, 0x4b, 0x00, 0xff, 0x61, 0x12,
  0xff, 0x5f, 0x13, 0xf2, 0x36, 0x00, 0xee, 0x06, 0x00, 0xef, 0x00, 0x00,
  0xff, 0x19, 0x1d, 0xe3, 0x0b, 0x0d, 0xaf, 0x00, 0x00, 0xc5, 0x08, 0x00,
  0xed, 0x24, 0x08, 0xff, 0x39, 0x1c, 0xdb, 0x08, 0x00, 0xda, 0x00, 0x00,
  0xeb, 0x03, 0x00, 0xf5, 0x0b, 0x04, 0xea, 0x10, 0x0a, 0xd6, 0x07, 0x04,
  0xca, 0x02, 0x03, 0xcd, 0x01, 0x08, 0xd5, 0x02, 0x0c, 0xd6, 0x03, 0x0f,
  0xcc, 0x00, 0x0a, 0xb5, 0x00, 0x03, 0x9b, 0x00, 0x02, 0xa7, 0x00, 0x04,
  0xd0, 0x07, 0x00, 0xd8, 0x04, 0x00, 0xce, 0x07, 0x00, 0xc7, 0x07, 0x00,
  0xd8, 0x00, 0x0a, 0xcc, 0x00, 0x01, 0xb6, 0x00, 0x00, 0xcd, 0x12, 0x02,
  0xff, 0x3f, 0x12, 0xff, 0x3b, 0x0c, 0xec, 0x08, 0x00, 0xf6, 0x08, 0x00,
  0xf1, 0x05, 0x00, 0xeb, 0x02, 0x00, 0xe8, 0x05, 0x00, 0xd3, 0x07, 0x03,
  0x99, 0x00, 0x00, 0x94, 0x00, 0x00, 0xb2, 0x00, 0x00, 0xc4, 0x00, 0x01,
  0xd2, 0x01, 0x00, 0xce, 0x00, 0x00, 0xd2, 0x0a, 0x07, 0xb4, 0x00, 0x01,
  0x7e, 0x00, 0x00, 0x9f, 0x00, 0x03, 0xdf, 0x09, 0x00, 0xff, 0x1c, 0x03,
  0xff, 0x22, 0x0a, 0xfd, 0x25, 0x03, 0xee, 0x23, 0x00, 0xff, 0x40, 0x00,
  0xff, 0x3f, 0x07, 0xfa, 0x3f, 0x08, 0xff, 0x56, 0x1a, 0xec, 0x3f, 0x00,
  0xf6, 0x4a, 0x00, 0xf9, 0x50, 0x00, 0xff, 0x60, 0x0b, 0xff, 0x6e, 0x14,
  0xff, 0x6f, 0x12, 0xff, 0x5b, 0x11, 0xe1, 0x09, 0x00, 0xeb, 0x00, 0x00,
  0xed, 0x05, 0x06, 0xf0, 0x12, 0x16, 0xbe, 0x00, 0x00, 0xcc, 0x0a, 0x00,
  0xff, 0x39, 0x1a, 0xff, 0x38, 0x14, 0xff, 0x3b, 0x23, 0xea, 0x0a, 0x00,
  0xef, 0x01, 0x00, 0xe6, 0x00, 0x00, 0xd7, 0x01, 0x03, 0xd3, 0x0a, 0x0f,
  0xbf, 0x00, 0x00, 0xc7, 0x00, 0x06, 0xd8, 0x01, 0x0c, 0xe5, 0x03, 0x12,
  0xe8, 0x01, 0x12, 0xd9, 0x00, 0x0f, 0xbc, 0x00, 0x0b, 0xbd, 0x02, 0x06,
  0xd6, 0x02, 0x00, 0xe1, 0x05, 0x00, 0xdb, 0x0b, 0x00, 0xd9, 0x0d, 0x00,
  0xde, 0x00, 0x06, 0xd0, 0x00, 0x02, 0xa7, 0x00, 0x00, 0xc2, 0x0c, 0x01,
  0xff, 0x37, 0x1a, 0xfe, 0x1f, 0x04, 0xea, 0x01, 0x00, 0xf6, 0x06, 0x07,
  0xed, 0x00, 0x00, 0xee, 0x04, 0x01, 0xe4, 0x09, 0x08, 0xc4, 0x04, 0x07,
  0x93, 0x00, 0x00, 0x8f, 0x00, 0x05, 0x99, 0x00, 0x00, 0xbf, 0x04, 0x0a,
  0xda, 0x06, 0x09, 0xd9, 0x0e, 0x0e, 0xad, 0x0c, 0x05, 0x74, 0x00, 0x00,
  0x79, 0x00, 0x00, 0xbd, 0x15, 0x11, 0xe2, 0x07, 0x00, 0xff, 0x1e, 0x0d,
  0xff, 0x1f, 0x0c, 0xff, 0x1a, 0x05, 0xee, 0x0c, 0x00, 0xfc, 0x21, 0x05,
  0xed, 0x1f, 0x00, 0xfb, 0x3a, 0x0c, 0xff, 0x53, 0x10, 0xf9, 0x5c, 0x08,
  0xff, 0x74, 0x12, 0xf8, 0x6a, 0x00, 0xee, 0x65, 0x00, 0xff, 0x7b, 0x0e,
  0xfa, 0x66, 0x04, 0xff, 0x59, 0x0d, 0xee, 0x28, 0x00, 0xda, 0x00, 0x00,
  0xe3, 0x03, 0x00, 0xe0, 0x00, 0x00, 0xd3, 0x00, 0x00, 0xdb, 0x04, 0x00,
  0xff, 0x3d, 0x18, 0xff, 0x3a, 0x0b, 0xff, 0x4d, 0x2a, 0xfa, 0x1c, 0x05,
  0xec, 0x00, 0x00, 0xea, 0x01, 0x02, 0xd2, 0x09, 0x11, 0xb5, 0x00, 0x03,
  0xab, 0x00, 0x00, 0xbe, 0x00, 0x00, 0xdd, 0x00, 0x0a, 0xec, 0x01, 0x11,
  0xe7, 0x04, 0x11, 0xde, 0x02, 0x0a, 0xcf, 0x00, 0x01, 0xca, 0x00, 0x00,
  0xd8, 0x02, 0x00, 0xe7, 0x0e, 0x00, 0xe4, 0x11, 0x00, 0xd6, 0x06, 0x00,
  0xe9, 0x02, 0x0c, 0xd4, 0x00, 0x06, 0xa0, 0x00, 0x00, 0xb8, 0x0d, 0x02,
  0xf2, 0x1f, 0x0d, 0xea, 0x02, 0x00, 0xe9, 0x00, 0x00, 0xef, 0x04, 0x08,
  0xf0, 0x05, 0x07, 0xe5, 0x05, 0x06, 0xd0, 0x03, 0x01, 0xad, 0x00, 0x00,
  0x91, 0x00, 0x00, 0x8c, 0x00, 0x00, 0xb4, 0x08, 0x10, 0xc0, 0x00, 0x06,
  0xd9, 0x00, 0x05, 0xcb, 0x0a, 0x09, 0x87, 0x09, 0x00, 0x5c, 0x00, 0x00,
  0x86, 0x00, 0x00, 0xe1, 0x29, 0x1a, 0xf0, 0x0e, 0x04, 0xf2, 0x00, 0x00,
  0xff, 0x17, 0x04, 0xe7, 0x00, 0x00, 0xf2, 0x07, 0x00, 0xeb, 0x05, 0x00,
  0xf8, 0x21, 0x0a, 0xf1, 0x2d, 0x04, 0xf8, 0x4a, 0x0a, 0xff, 0x6a, 0x13,
  0xfb, 0x6f, 0x04, 0xf3, 0x70, 0x00, 0xff, 0x81, 0x08, 0xf1, 0x6b, 0x00,
  0xfc, 0x68, 0x06, 0xff, 0x5a, 0x0f, 0xf8, 0x37, 0x08, 0xdb, 0x0c, 0x00,
  0xdc, 0x06, 0x00, 0xdd, 0x01, 0x00, 0xd5, 0x00, 0x00, 0xe0, 0x02, 0x00,
  0xff, 0x3f, 0x1f, 0xff, 0x3d, 0x12, 0xff, 0x3e, 0x1b, 0xe8, 0x0e, 0x00,
  0xe2, 0x00, 0x00, 0xe0, 0x02, 0x04, 0xc3, 0x06, 0x12, 0xa2, 0x00, 0x02,
  0xa4, 0x00, 0x00, 0xb9, 0x04, 0x00, 0xdc, 0x00, 0x06, 0xe9, 0x00, 0x07,
  0xe8, 0x03, 0x08, 0xe2, 0x03, 0x03, 0xe0, 0x02, 0x00, 0xdc, 0x00, 0x00,
  0xdb, 0x00, 0x00, 0xe0, 0x05, 0x00, 0xe2, 0x08, 0x00, 0xe3, 0x09, 0x00,
  0xeb, 0x0a, 0x06, 0xcf, 0x05, 0x01, 0x8e, 0x00, 0x00, 0xa4, 0x06, 0x00,
  0xda, 0x0a, 0x00, 0xff, 0x19, 0x0e, 0xed, 0x08, 0x03, 0xec, 0x0a, 0x0b,
  0xe6, 0x0b, 0x0e, 0xd2, 0x05, 0x06, 0xbe, 0x04, 0x00, 0xa1, 0x00, 0x00,
  0xae, 0x00, 0x03, 0xb9, 0x01, 0x09, 0xcb, 0x00, 0x02, 0xd9, 0x01, 0x01,
  0xe8, 0x09, 0x09, 0xc3, 0x0e, 0x09, 0x59, 0x00, 0x00, 0x46, 0x00, 0x00,
  0xb7, 0x0e, 0x00, 0xfd, 0x23, 0x0f, 0xea, 0x00, 0x00, 0xf4, 0x05, 0x00,
  0xff, 0x1f, 0x06, 0xff, 0x22, 0x0a, 0xf4, 0x0b, 0x00, 0xfe, 0x1b, 0x0c,
  0xff, 0x2a, 0x14, 0xf9, 0x30, 0x0b, 0xf8, 0x44, 0x0a, 0xfe, 0x5e, 0x0e,
  0xff, 0x6e, 0x09, 0xff, 0x76, 0x08, 0xec, 0x66, 0x00, 0xff, 0x78, 0x0c,
  0xff, 0x66, 0x0a, 0xff, 0x58, 0x13, 0xff, 0x41, 0x16, 0xe0, 0x10, 0x00,
  0xd8, 0x08, 0x00, 0xd5, 0x04, 0x00, 0xcb, 0x00, 0x00, 0xdb, 0x03, 0x01,
  0xff, 0x22, 0x12, 0xff, 0x26, 0x12, 0xf3, 0x20, 0x0c, 0xcf, 0x00, 0x00,
  0xcf, 0x00, 0x00, 0xcf, 0x07, 0x06, 0xae, 0x04, 0x0c, 0x95, 0x00, 0x00,
  0xa2, 0x04, 0x00, 0xb8, 0x08, 0x00, 0xd6, 0x07, 0x04, 0xe0, 0x00, 0x00,
  0xe6, 0x01, 0x00, 0xee, 0x05, 0x00, 0xf0, 0x07, 0x00, 0xf2, 0x0a, 0x00,
  0xf0, 0x07, 0x00, 0xea, 0x01, 0x00, 0xea, 0x02, 0x00, 0xf0, 0x08, 0x00,
  0xea, 0x0a, 0x00, 0xc9, 0x01, 0x00, 0x83, 0x00, 0x00, 0x95, 0x00, 0x00,
  0xd8, 0x07, 0x00, 0xed, 0x06, 0x00, 0xe5, 0x09, 0x04, 0xdc, 0x0b, 0x09,
  0xce, 0x0c, 0x0b, 0xb6, 0x00, 0x00, 0xbe, 0x02, 0x00, 0xbd, 0x00, 0x00,
  0xcb, 0x05, 0x06, 0xd0, 0x01, 0x02, 0xe2, 0x05, 0x02, 0xf8, 0x1a, 0x13,
  0xef, 0x1f, 0x15, 0xaf, 0x0d, 0x02, 0x42, 0x00, 0x00, 0x43, 0x00, 0x00,
  0xc5, 0x18, 0x00, 0xff, 0x3a, 0x19, 0xfb, 0x1a, 0x00, 0xef, 0x0e, 0x00,
  0xfb, 0x1f, 0x00, 0xfb, 0x1f, 0x00, 0xff, 0x1e, 0x09, 0xff, 0x1c, 0x0c,
  0xdd, 0x04, 0x00, 0xf8, 0x2c, 0x0d, 0xff, 0x57, 0x23, 0xff, 0x6d, 0x26,
  0xfa, 0x63, 0x07, 0xff, 0x74, 0x0c, 0xff, 0x7c, 0x11, 0xf5, 0x64, 0x00,
  0xff, 0x61, 0x0c, 0xff, 0x55, 0x17, 0xff, 0x3c, 0x18, 0xeb, 0x18, 0x06,
  0xd4, 0x09, 0x00, 0xcc, 0x09, 0x04, 0xb8, 0x01, 0x00, 0xc8, 0x0c, 0x05,
  0xcb, 0x00, 0x00, 0xe1, 0x11, 0x09, 0xd1, 0x0a, 0x00, 0xbc, 0x00, 0x00,
  0xc4, 0x00, 0x00, 0xc0, 0x03, 0x03, 0xa1, 0x00, 0x09, 0x98, 0x00, 0x05,
  0xa8, 0x03, 0x00, 0xbe, 0x08, 0x00, 0xd4, 0x06, 0x00, 0xd9, 0x00, 0x00,
  0xe2, 0x00, 0x00, 0xed, 0x06, 0x00, 0xf1, 0x0a, 0x01, 0xf9, 0x13, 0x07,
  0xff, 0x23, 0x18, 0xf3, 0x0d, 0x00, 0xea, 0x04, 0x00, 0xee, 0x09, 0x00,
  0xe8, 0x07, 0x00, 0xcb, 0x00, 0x00, 0x93, 0x00, 0x00, 0xa2, 0x00, 0x00,
  0xe3, 0x0c, 0x07, 0xed, 0x08, 0x03, 0xe0, 0x0f, 0x0a, 0xc1, 0x0a, 0x04,
  0x96, 0x00, 0x00, 0x99, 0x00, 0x00, 0xd6, 0x06, 0x00, 0xee, 0x09, 0x04,
  0xeb, 0x05, 0x03, 0xeb, 0x05, 0x03, 0xff, 0x1b, 0x10, 0xf8, 0x25, 0x13,
  0xed, 0x3f, 0x2a, 0x87, 0x00, 0x00, 0x4a, 0x00, 0x00, 0x70, 0x0a, 0x00,
  0xd4, 0x33, 0x08, 0xff, 0x45, 0x10, 0xff, 0x3f, 0x0c, 0xec, 0x20, 0x00,
  0xff, 0x3b, 0x0a, 0xf3, 0x1f, 0x00, 0xff, 0x26, 0x0b, 0xf9, 0x19, 0x05,
  0xff, 0x25, 0x11, 0xe1, 0x0f, 0x00, 0xff, 0x3d, 0x13, 0xff, 0x60, 0x23,
  0xff, 0x79, 0x26, 0xf8, 0x64, 0x02, 0xff, 0x72, 0x0c, 0xff, 0x72, 0x13,
  0xff, 0x5a, 0x0f, 0xfb, 0x40, 0x0b, 0xdd, 0x0b, 0x00, 0xd8, 0x01, 0x00,
  0xc4, 0x00, 0x00, 0xbc, 0x08, 0x05, 0xaa, 0x19, 0x08, 0x7b, 0x00, 0x00,
  0x8d, 0x00, 0x00, 0xb1, 0x10, 0x0e, 0xb2, 0x07, 0x08, 0xbc, 0x06, 0x08,
  0xce, 0x0a, 0x0c, 0xa6, 0x00, 0x00, 0x84, 0x00, 0x00, 0x95, 0x00, 0x00,
  0xc5, 0x0b, 0x08, 0xd1, 0x06, 0x00, 0xe1, 0x0b, 0x00, 0xd5, 0x00, 0x00,
  0xcf, 0x00, 0x00, 0xd1, 0x00, 0x00, 0xe1, 0x09, 0x07, 0xf2, 0x1c, 0x10,
  0xfb, 0x26, 0x10, 0xff, 0x3b, 0x1c, 0xff, 0x5e, 0x38, 0xf9, 0x28, 0x00,
  0xea, 0x02, 0x00, 0xdb, 0x05, 0x00, 0xa7, 0x00, 0x00, 0xbb, 0x00, 0x00,
  0xe9, 0x08, 0x04, 0xff, 0x1c, 0x17, 0xca, 0x07, 0x05, 0x9b, 0x00, 0x00,
  0x8a, 0x00, 0x00, 0xb0, 0x0b, 0x00, 0xe5, 0x0d, 0x00, 0xff, 0x15, 0x09,
  0xef, 0x00, 0x00, 0xf2, 0x04, 0x00, 0xea, 0x00, 0x00, 0xf6, 0x25, 0x13,
  0xc6, 0x25, 0x0e, 0x85, 0x00, 0x00, 0x78, 0x00, 0x00, 0xa2, 0x15, 0x07,
  0xf2, 0x47, 0x1d, 0xfb, 0x41, 0x05, 0xff, 0x4e, 0x0b, 0xff, 0x48, 0x04,
  0xec, 0x29, 0x00, 0xff, 0x3a, 0x09, 0xfb, 0x21, 0x00, 0xff, 0x30, 0x19,
  0xf5, 0x17, 0x07, 0xe5, 0x0e, 0x00, 0xde, 0x14, 0x00, 0xf9, 0x3f, 0x0c,
  0xff, 0x6f, 0x22, 0xff, 0x66, 0x0d, 0xff, 0x6b, 0x0f, 0xff, 0x62, 0x0d,
  0xfc, 0x4e, 0x09, 0xf9, 0x38, 0x09, 0xe0, 0x06, 0x00, 0xdb, 0x00, 0x00,
  0xbf, 0x00, 0x00, 0xb4, 0x03, 0x03, 0x9e, 0x16, 0x04, 0x6a, 0x00, 0x00,
  0x5f, 0x00, 0x00, 0x7f, 0x00, 0x05, 0x90, 0x00, 0x06, 0xad, 0x08, 0x10,
  0xc1, 0x0a, 0x11, 0xa3, 0x00, 0x00, 0x8c, 0x00, 0x00, 0xaa, 0x0b, 0x15,
  0xc7, 0x06, 0x02, 0xe5, 0x13, 0x06, 0xdc, 0x08, 0x00, 0xe0, 0x0a, 0x00,
  0xd4, 0x00, 0x00, 0xd1, 0x00, 0x01, 0xdc, 0x06, 0x05, 0xed, 0x19, 0x0d,
  0xff, 0x30, 0x1a, 0xfa, 0x29, 0x09, 0xff, 0x34, 0x0b, 0xe4, 0x15, 0x00,
  0xf4, 0x04, 0x00, 0xe0, 0x00, 0x00, 0xd6, 0x02, 0x03, 0xd6, 0x00, 0x01,
  0xef, 0x04, 0x00, 0xe4, 0x03, 0x00, 0xb9, 0x03, 0x01, 0x9a, 0x00, 0x00,
  0xa2, 0x00, 0x00, 0xc9, 0x0f, 0x00, 0xf4, 0x23, 0x08, 0xff, 0x1e, 0x04,
  0xff, 0x20, 0x0e, 0xff, 0x18, 0x0a, 0xf3, 0x03, 0x00, 0xe3, 0x0a, 0x00,
  0xaf, 0x09, 0x00, 0x9a, 0x00, 0x00, 0xb6, 0x00, 0x00, 0xda, 0x13, 0x0f,
  0xf6, 0x27, 0x0b, 0xff, 0x37, 0x03, 0xff, 0x5b, 0x0e, 0xfa, 0x46, 0x00,
  0xff, 0x42, 0x00, 0xff, 0x37, 0x00, 0xff, 0x35, 0x10, 0xff, 0x30, 0x19,
  0xfc, 0x1d, 0x0e, 0xd4, 0x00, 0x00, 0xe1, 0x14, 0x00, 0xcc, 0x0d, 0x00,
  0xff, 0x65, 0x1f, 0xff, 0x78, 0x26, 0xff, 0x81, 0x2b, 0xff, 0x65, 0x16,
  0xf4, 0x41, 0x03, 0xf7, 0x31, 0x07, 0xe4, 0x05, 0x00, 0xdd, 0x00, 0x00,
  0xc8, 0x00, 0x00, 0xc2, 0x04, 0x09, 0xb1, 0x13, 0x0b, 0x79, 0x00, 0x00,
  0x58, 0x00, 0x00, 0x5d, 0x00, 0x00, 0x5f, 0x00, 0x00, 0x7d, 0x00, 0x00,
  0xb1, 0x11, 0x15, 0x95, 0x00, 0x00, 0x7f, 0x00, 0x02, 0xa0, 0x0f, 0x17,
  0xef, 0x35, 0x30, 0xf2, 0x26, 0x12, 0xfd, 0x35, 0x17, 0xe7, 0x19, 0x00,
  0xe1, 0x08, 0x00, 0xdd, 0x00, 0x00, 0xe3, 0x02, 0x00, 0xf1, 0x11, 0x06,
  0xe7, 0x09, 0x00, 0xfd, 0x1f, 0x0b, 0xff, 0x25, 0x0b, 0xe3, 0x06, 0x00,
  0xeb, 0x03, 0x00, 0xec, 0x05, 0x00, 0xe6, 0x05, 0x02, 0xe7, 0x0a, 0x07,
  0xde, 0x02, 0x00, 0xd7, 0x0a, 0x06, 0xa2, 0x00, 0x00, 0x9f, 0x00, 0x00,
  0xc4, 0x0c, 0x00, 0xfa, 0x37, 0x17, 0xff, 0x3b, 0x0f, 0xff, 0x3b, 0x0e,
  0xff, 0x39, 0x13, 0xe8, 0x09, 0x00, 0xf0, 0x07, 0x00, 0xda, 0x02, 0x00,
  0xae, 0x00, 0x00, 0xb0, 0x04, 0x00, 0xd2, 0x03, 0x03, 0xea, 0x09, 0x03,
  0xe4, 0x04, 0x00, 0xe9, 0x11, 0x00, 0xff, 0x3b, 0x00, 0xf8, 0x37, 0x00,
  0xff, 0x59, 0x19, 0xff, 0x45, 0x11, 0xff, 0x37, 0x11, 0xff, 0x2f, 0x16,
  0xff, 0x24, 0x18, 0xe4, 0x0b, 0x00, 0xc7, 0x01, 0x00, 0xad, 0x00, 0x00,
  0xbb, 0x1b, 0x00, 0xd1, 0x39, 0x00, 0xec, 0x51, 0x0f, 0xd9, 0x34, 0x00,
  0xe6, 0x2c, 0x00, 0xf3, 0x27, 0x08, 0xec, 0x07, 0x00, 0xe3, 0x00, 0x00,
  0xdd, 0x00, 0x0a, 0xda, 0x0c, 0x16, 0xd4, 0x16, 0x19, 0x9c, 0x00, 0x00,
  0x7a, 0x00, 0x00, 0x7a, 0x00, 0x00, 0x83, 0x00, 0x00, 0xaa, 0x0b, 0x13,
  0xb6, 0x12, 0x15, 0x8e, 0x00, 0x00, 0x6f, 0x00, 0x00, 0x8a, 0x00, 0x00,
  0xce, 0x12, 0x09, 0xf4, 0x23, 0x11, 0xff, 0x34, 0x19, 0xff, 0x39, 0x22,
  0xf8, 0x1c, 0x0d, 0xe4, 0x00, 0x00, 0xe5, 0x00, 0x00, 0xf2, 0x0c, 0x01,
  0xff, 0x20, 0x15, 0xff, 0x1b, 0x10, 0xee, 0x08, 0x00, 0xe4, 0x00, 0x00,
  0xe0, 0x08, 0x00, 0xec, 0x12, 0x03, 0xef, 0x12, 0x04, 0xda, 0x0a, 0x00,
  0xba, 0x09, 0x05, 0x9a, 0x00, 0x00, 0xa8, 0x00, 0x00, 0xc8, 0x07, 0x04,
  0xfd, 0x3d, 0x19, 0xff, 0x3f, 0x07, 0xff, 0x40, 0x00, 0xff, 0x41, 0x00,
  0xfa, 0x38, 0x00, 0xf4, 0x2d, 0x00, 0xd8, 0x06, 0x00, 0xb8, 0x00, 0x00,
  0xa4, 0x00, 0x00, 0xc1, 0x0c, 0x03, 0xd7, 0x0f, 0x01, 0xd9, 0x04, 0x00,
  0xf2, 0x13, 0x00, 0xea, 0x01, 0x00, 0xea, 0x00, 0x00, 0xfa, 0x16, 0x00,
  0xff, 0x2f, 0x09, 0xff, 0x36, 0x0f, 0xff, 0x32, 0x10, 0xff, 0x26, 0x0d,
  0xea, 0x08, 0x00, 0xdd, 0x0a, 0x04, 0xb9, 0x0d, 0x08, 0x84, 0x00, 0x00,
  0x82, 0x02, 0x00, 0x82, 0x03, 0x00, 0x94, 0x05, 0x00, 0xb0, 0x09, 0x00,
  0xca, 0x07, 0x00, 0xdd, 0x04, 0x00, 0xef, 0x05, 0x02, 0xfa, 0x07, 0x0c,
  0xe8, 0x00, 0x07, 0xe9, 0x01, 0x10, 0xfb, 0x19, 0x28, 0xe1, 0x07, 0x0f,
  0xcf, 0x01, 0x00, 0xda, 0x0f, 0x06, 0xd5, 0x04, 0x00, 0xde, 0x11, 0x0f,
  0xcc, 0x0c, 0x0f, 0x9e, 0x00, 0x00, 0x7f, 0x00, 0x00, 0x94, 0x00, 0x00,
  0xc7, 0x00, 0x00, 0xf0, 0x10, 0x03, 0xea, 0x0d, 0x03, 0xf1, 0x11, 0x08,
  0xff, 0x1f, 0x12, 0xfc, 0x18, 0x0a, 0xf0, 0x0a, 0x00, 0xf4, 0x0b, 0x00,
  0xe5, 0x00, 0x00, 0xfe, 0x0f, 0x0c, 0xe9, 0x00, 0x00, 0xe7, 0x00, 0x00,
  0xe6, 0x0d, 0x04, 0xf1, 0x18, 0x0d, 0xef, 0x19, 0x0b, 0xd7, 0x12, 0x09,
  0x9a, 0x00, 0x00, 0x9b, 0x00, 0x00, 0xc9, 0x07, 0x07, 0xdc, 0x0f, 0x00,
  0xff, 0x3e, 0x0b, 0xff, 0x41, 0x00, 0xfd, 0x43, 0x00, 0xfd, 0x44, 0x00,
  0xf7, 0x3e, 0x00, 0xfe, 0x42, 0x06, 0xd5, 0x0e, 0x02, 0xb0, 0x00, 0x00,
  0xae, 0x00, 0x00, 0xcf, 0x17, 0x03, 0xfb, 0x41, 0x1c, 0xeb, 0x2a, 0x00,
  0xf9, 0x2a, 0x00, 0xf5, 0x14, 0x00, 0xf3, 0x01, 0x00, 0xf3, 0x00, 0x00,
  0xe7, 0x0b, 0x00, 0xeb, 0x17, 0x00, 0xf3, 0x18, 0x00, 0xed, 0x10, 0x00,
  0xfd, 0x1c, 0x0c, 0xe3, 0x15, 0x0d, 0xc0, 0x1b, 0x17, 0x6f, 0x00, 0x00,
  0x69, 0x00, 0x00, 0x71, 0x00, 0x00, 0x87, 0x00, 0x00, 0x9d, 0x00, 0x00,
  0xd0, 0x03, 0x01, 0xe0, 0x00, 0x00, 0xe7, 0x00, 0x00, 0xea, 0x01, 0x02,
  0xe7, 0x02, 0x08, 0xeb, 0x06, 0x11, 0xf9, 0x10, 0x1f, 0xf4, 0x0b, 0x13,
  0xff, 0x2f, 0x23, 0xff, 0x2b, 0x16, 0xf6, 0x09, 0x00, 0xec, 0x05, 0x00,
  0xdf, 0x0b, 0x0a, 0xbd, 0x00, 0x00, 0xa5, 0x00, 0x00, 0xb3, 0x04, 0x00,
  0xef, 0x20, 0x11, 0xe0, 0x02, 0x00, 0xe4, 0x02, 0x00, 0xe0, 0x00, 0x00,
  0xea, 0x03, 0x00, 0xfe, 0x16, 0x09, 0xff, 0x2d, 0x23, 0xf3, 0x07, 0x02,
  0xe5, 0x00, 0x00, 0xec, 0x03, 0x09, 0xe0, 0x00, 0x06, 0xdd, 0x00, 0x08,
  0xe0, 0x00, 0x00, 0xe5, 0x03, 0x06, 0xd3, 0x08, 0x0a, 0xb1, 0x00, 0x00,
  0x9b, 0x00, 0x00, 0xbf, 0x0d, 0x05, 0xd1, 0x07, 0x00, 0xff, 0x35, 0x07,
  0xff, 0x3f, 0x03, 0xfd, 0x42, 0x00, 0xff, 0x41, 0x00, 0xff, 0x40, 0x00,
  0xff, 0x46, 0x00, 0xff, 0x44, 0x11, 0xe5, 0x20, 0x15, 0xa6, 0x00, 0x00,
  0xb3, 0x00, 0x00, 0xf7, 0x43, 0x1c, 0xf9, 0x53, 0x0e, 0xff, 0x5b, 0x07,
  0xff, 0x56, 0x08, 0xfa, 0x39, 0x00, 0xed, 0x0f, 0x00, 0xde, 0x00, 0x00,
  0xd5, 0x00, 0x00, 0xe1, 0x05, 0x00, 0xe9, 0x0a, 0x00, 0xe4, 0x04, 0x00,
  0xe1, 0x00, 0x00, 0xff, 0x31, 0x21, 0xc0, 0x11, 0x03, 0x95, 0x00, 0x00,
  0x74, 0x00, 0x00, 0x87, 0x00, 0x00, 0x96, 0x00, 0x00, 0xa3, 0x00, 0x00,
  0xdc, 0x00, 0x04, 0xe1, 0x00, 0x00, 0xd7, 0x00, 0x00, 0xcd, 0x00, 0x00,
  0xcc, 0x05, 0x00, 0xcf, 0x07, 0x04, 0xd1, 0x03, 0x09, 0xe5, 0x0f, 0x11,
  0xfc, 0x1f, 0x0f, 0xff, 0x20, 0x08, 0xee, 0x04, 0x00, 0xee, 0x05, 0x00,
  0xf2, 0x11, 0x0b, 0xe4, 0x0e, 0x0d, 0xdb, 0x0d, 0x13, 0xde, 0x11, 0x11,
  0xff, 0x39, 0x26, 0xe9, 0x17, 0x00, 0xe5, 0x0c, 0x00, 0xdd, 0x00, 0x00,
  0xdd, 0x00, 0x00, 0xf4, 0x01, 0x00, 0xf1, 0x00, 0x00, 0xff, 0x1e, 0x28,
  0xdd, 0x00, 0x0c, 0xcc, 0x00, 0x07, 0xcd, 0x00, 0x0e, 0xcb, 0x03, 0x10,
  0xe4, 0x00, 0x07, 0xe1, 0x09, 0x14, 0xc3, 0x13, 0x1a, 0x98, 0x00, 0x00,
  0xa4, 0x00, 0x00, 0xcc, 0x10, 0x00, 0xff, 0x3f, 0x06, 0xfb, 0x39, 0x00,
  0xfb, 0x43, 0x00, 0xfe, 0x44, 0x03, 0xff, 0x3f, 0x05, 0xff, 0x3d, 0x05,
  0xff, 0x3a, 0x00, 0xff, 0x61, 0x35, 0xce, 0x0c, 0x02, 0xb6, 0x00, 0x00,
  0xc5, 0x02, 0x00, 0xf7, 0x3f, 0x12, 0xff, 0x64, 0x0e, 0xf8, 0x65, 0x00,
  0xfd, 0x65, 0x00, 0xfd, 0x54, 0x07, 0xf5, 0x2b, 0x0b, 0xd3, 0x00, 0x00,
  0xd3, 0x00, 0x00, 0xe5, 0x06, 0x04, 0xee, 0x0a, 0x00, 0xe8, 0x05, 0x00,
  0xe5, 0x05, 0x00, 0xff, 0x30, 0x1f, 0xd3, 0x16, 0x08, 0x9d, 0x00, 0x00,
  0x98, 0x00, 0x00, 0xb0, 0x11, 0x04, 0xbc, 0x13, 0x0a, 0xbf, 0x01, 0x00,
  0xde, 0x00, 0x07, 0xdd, 0x00, 0x02, 0xca, 0x00, 0x00, 0xb9, 0x00, 0x00,
  0xaf, 0x00, 0x00, 0xb3, 0x00, 0x00, 0xae, 0x00, 0x00, 0xd2, 0x07, 0x05,
  0xff, 0x2e, 0x1a, 0xff, 0x2a, 0x10, 0xf1, 0x0b, 0x00, 0xee, 0x09, 0x00,
  0xf8, 0x1a, 0x03, 0xf9, 0x20, 0x0c, 0xfc, 0x1e, 0x19, 0xf6, 0x1f, 0x16,
  0xff, 0x3d, 0x18, 0xff, 0x46, 0x14, 0xe9, 0x24, 0x00, 0xe3, 0x12, 0x00,
  0xf4, 0x10, 0x00, 0xe8, 0x00, 0x00, 0xe5, 0x00, 0x01, 0xdd, 0x07, 0x12,
  0xc6, 0x0b, 0x18, 0xa4, 0x00, 0x04, 0xb4, 0x07, 0x14, 0xb7, 0x08, 0x15,
  0xd8, 0x07, 0x13, 0xc5, 0x0b, 0x13, 0x87, 0x00, 0x00, 0x72, 0x00, 0x00,
  0xac, 0x00, 0x00, 0xf3, 0x36, 0x0b, 0xff, 0x61, 0x0f, 0xff, 0x64, 0x03,
  0xf6, 0x4a, 0x00, 0xfd, 0x48, 0x08, 0xff, 0x43, 0x14, 0xff, 0x3a, 0x12,
  0xf9, 0x2a, 0x00, 0xfb, 0x31, 0x11, 0xcd, 0x0f, 0x06, 0xb9, 0x00, 0x00,
  0xc8, 0x00, 0x00, 0xd8, 0x17, 0x00, 0xff, 0x63, 0x0c, 0xff, 0x7f, 0x10,
  0xf8, 0x6b, 0x00, 0xfa, 0x64, 0x05, 0xf8, 0x47, 0x11, 0xdb, 0x14, 0x00,
  0xd7, 0x03, 0x00, 0xe9, 0x07, 0x06, 0xf7, 0x10, 0x05, 0xff, 0x27, 0x15,
  0xff, 0x28, 0x13, 0xef, 0x19, 0x09, 0xd5, 0x05, 0x00, 0xc7, 0x00, 0x00,
  0xc0, 0x00, 0x00, 0xbd, 0x00, 0x00, 0xc8, 0x07, 0x01, 0xcf, 0x07, 0x06,
  0xe5, 0x10, 0x16, 0xdc, 0x0a, 0x11, 0xc3, 0x00, 0x02, 0xb1, 0x00, 0x00,
  0xae, 0x01, 0x00, 0xa2, 0x00, 0x00, 0xa0, 0x00, 0x00, 0xd5, 0x12, 0x0d,
  0xff, 0x37, 0x21, 0xf9, 0x23, 0x07, 0xee, 0x0d, 0x00, 0xe6, 0x09, 0x00,
  0xff, 0x40, 0x0a, 0xfd, 0x32, 0x00, 0xf4, 0x1c, 0x00, 0xff, 0x3c, 0x1c,
  0xff, 0x64, 0x25, 0xff, 0x61, 0x10, 0xfa, 0x52, 0x00, 0xff, 0x5a, 0x0a,
  0xff, 0x46, 0x12, 0xf4, 0x25, 0x07, 0xd0, 0x10, 0x06, 0x99, 0x00, 0x00,
  0x74, 0x00, 0x00, 0x71, 0x00, 0x00, 0x85, 0x00, 0x00, 0x90, 0x00, 0x05,
  0xb4, 0x00, 0x02, 0x95, 0x00, 0x00, 0x75, 0x00, 0x00, 0x87, 0x00, 0x00,
  0xc4, 0x16, 0x00, 0xfb, 0x43, 0x06, 0xff, 0x5e, 0x02, 0xfe, 0x62, 0x00,
  0xff, 0x63, 0x10, 0xf8, 0x45, 0x06, 0xf8, 0x2d, 0x06, 0xff, 0x2b, 0x0f,
  0xfa, 0x24, 0x06, 0xe3, 0x15, 0x00, 0xcf, 0x13, 0x0c, 0xb6, 0x00, 0x00,
  0xc5, 0x00, 0x00, 0xda, 0x0d, 0x00, 0xf6, 0x47, 0x00, 0xff, 0x65, 0x03,
  0xf6, 0x66, 0x00, 0xe5, 0x53, 0x00, 0xe3, 0x42, 0x00, 0xeb, 0x35, 0x08,
  0xdd, 0x0f, 0x00, 0xe2, 0x02, 0x00, 0xe7, 0x00, 0x00, 0xeb, 0x04, 0x00,
  0xff, 0x32, 0x1f, 0xfb, 0x23, 0x15, 0xe7, 0x07, 0x0a, 0xd7, 0x00, 0x00,
  0xd5, 0x00, 0x00, 0xcc, 0x00, 0x00, 0xd0, 0x00, 0x00, 0xdc, 0x0f, 0x10,
  0xce, 0x0c, 0x0d, 0xc2, 0x05, 0x07, 0xbe, 0x00, 0x05, 0xbc, 0x01, 0x03,
  0xb2, 0x00, 0x00, 0xaf, 0x00, 0x00, 0xa6, 0x00, 0x00, 0xcb, 0x05, 0x01,
  0xff, 0x33, 0x1d, 0xe1, 0x0f, 0x00, 0xe3, 0x09, 0x00, 0xff, 0x2c, 0x0b,
  0xff, 0x5f, 0x1d, 0xff, 0x41, 0x00, 0xe2, 0x0b, 0x00, 0xdf, 0x0c, 0x00,
  0xfd, 0x48, 0x08, 0xff, 0x63, 0x0d, 0xff, 0x61, 0x00, 0xff, 0x67, 0x06,
  0xff, 0x5a, 0x0d, 0xfe, 0x4c, 0x17, 0xc2, 0x15, 0x00, 0x83, 0x00, 0x00,
  0x4d, 0x00, 0x00, 0x4d, 0x00, 0x00, 0x66, 0x00, 0x00, 0x78, 0x00, 0x00,
  0x8f, 0x00, 0x00, 0x85, 0x00, 0x00, 0x9e, 0x00, 0x00, 0xbf, 0x0f, 0x04,
  0xf9, 0x49, 0x17, 0xff, 0x61, 0x16, 0xff, 0x59, 0x03, 0xf5, 0x4e, 0x00,
  0xeb, 0x46, 0x00, 0xfc, 0x49, 0x0d, 0xff, 0x37, 0x18, 0xfc, 0x1f, 0x0f,
  0xf3, 0x17, 0x03, 0xd3, 0x02, 0x00, 0xc3, 0x07, 0x02, 0xb7, 0x00, 0x00,
  0xd0, 0x00, 0x00, 0xea, 0x0e, 0x09, 0xf1, 0x2b, 0x03, 0xfe, 0x4c, 0x08,
  0xff, 0x60, 0x08, 0xfe, 0x66, 0x05, 0xf8, 0x63, 0x06, 0xff, 0x60, 0x16,
  0xf1, 0x28, 0x01, 0xeb, 0x0b, 0x00, 0xf3, 0x08, 0x00, 0xe8, 0x00, 0x00,
  0xdd, 0x03, 0x00, 0xde, 0x02, 0x00, 0xeb, 0x00, 0x13, 0xf3, 0x00, 0x15,
  0xf5, 0x00, 0x06, 0xee, 0x00, 0x00, 0xe1, 0x00, 0x00, 0xd5, 0x06, 0x05,
  0xb1, 0x07, 0x01, 0xa1, 0x00, 0x00, 0xb9, 0x00, 0x04, 0xd3, 0x09, 0x15,
  0xd8, 0x10, 0x0f, 0xc9, 0x00, 0x00, 0xb7, 0x00, 0x00, 0xde, 0x0f, 0x0e,
  0xff, 0x31, 0x1c, 0xd7, 0x08, 0x00, 0xdc, 0x0a, 0x00, 0xff, 0x39, 0x18,
  0xff, 0x3d, 0x02, 0xf9, 0x32, 0x00, 0xe5, 0x08, 0x00, 0xe6, 0x07, 0x00,
  0xe9, 0x1c, 0x00, 0xff, 0x52, 0x13, 0xff, 0x58, 0x04, 0xff, 0x63, 0x02,
  0xf8, 0x67, 0x02, 0xff, 0x79, 0x29, 0xbc, 0x0e, 0x00, 0x8e, 0x00, 0x00,
  0x62, 0x00, 0x00, 0x5a, 0x00, 0x00, 0x64, 0x01, 0x00, 0x6b, 0x07, 0x00,
  0x98, 0x02, 0x00, 0xa8, 0x02, 0x00, 0xd2, 0x0b, 0x0f, 0xe4, 0x16, 0x0c,
  0xe3, 0x25, 0x00, 0xf8, 0x3f, 0x00, 0xff, 0x46, 0x04, 0xfb, 0x43, 0x00,
  0xff, 0x58, 0x12, 0xf8, 0x42, 0x09, 0xee, 0x24, 0x08, 0xe9, 0x18, 0x0c,
  0xd5, 0x0c, 0x04, 0xc5, 0x04, 0x01, 0xa6, 0x00, 0x00, 0xbc, 0x00, 0x01,
  0xdf, 0x03, 0x0d, 0xfd, 0x19, 0x1b, 0xf6, 0x22, 0x0a, 0xff, 0x42, 0x10,
  0xf4, 0x45, 0x00, 0xff, 0x66, 0x0b, 0xff, 0x7a, 0x16, 0xff, 0x6b, 0x11,
  0xff, 0x40, 0x05, 0xf9, 0x23, 0x00, 0xff, 0x33, 0x17, 0xea, 0x03, 0x00,
  0xcf, 0x00, 0x00, 0xd6, 0x00, 0x00, 0xe9, 0x00, 0x14, 0xf9, 0x01, 0x1a,
  0xff, 0x18, 0x19, 0xff, 0x0f, 0x0a, 0xea, 0x01, 0x02, 0xc8, 0x00, 0x00,
  0x9f, 0x01, 0x00, 0x8f, 0x00, 0x00, 0xb7, 0x00, 0x00, 0xe3, 0x10, 0x1a,
  0xff, 0x30, 0x34, 0xd8, 0x02, 0x04, 0xc1, 0x00, 0x00, 0xfe, 0x28, 0x27,
  0xff, 0x31, 0x20, 0xe3, 0x0f, 0x00, 0xe1, 0x07, 0x00, 0xff, 0x28, 0x11,
  0xed, 0x1f, 0x00, 0xf6, 0x23, 0x04, 0xed, 0x06, 0x00, 0xef, 0x05, 0x02,
  0xe4, 0x06, 0x00, 0xfe, 0x2d, 0x02, 0xff, 0x42, 0x08, 0xff, 0x5d, 0x14,
  0xfb, 0x60, 0x0a, 0xff, 0x80, 0x36, 0xc4, 0x09, 0x00, 0xb1, 0x00, 0x00,
  0xa3, 0x0c, 0x01, 0x8e, 0x0e, 0x03, 0x7e, 0x0d, 0x00, 0x74, 0x0a, 0x00,
  0xc0, 0x0b, 0x04, 0xcd, 0x0a, 0x05, 0xe3, 0x08, 0x07, 0xec, 0x0a, 0x00,
  0xe3, 0x0b, 0x00, 0xed, 0x16, 0x00, 0xff, 0x33, 0x12, 0xff, 0x34, 0x0c,
  0xff, 0x3d, 0x06, 0xeb, 0x30, 0x00, 0xd9, 0x1d, 0x00, 0xce, 0x1a, 0x0d,
  0xb1, 0x11, 0x17, 0x96, 0x00, 0x07, 0x99, 0x00, 0x00, 0xb8, 0x01, 0x00,
  0xe1, 0x07, 0x06, 0xe7, 0x03, 0x00, 0xe6, 0x10, 0x00, 0xea, 0x22, 0x00,
  0xff, 0x5c, 0x18, 0xff, 0x69, 0x14, 0xff, 0x64, 0x04, 0xe9, 0x4b, 0x00,
  0xf7, 0x47, 0x00, 0xff, 0x40, 0x03, 0xf7, 0x19, 0x00, 0xf1, 0x0c, 0x00,
  0xdc, 0x00, 0x00, 0xd2, 0x00, 0x00, 0xde, 0x00, 0x0c, 0xe6, 0x03, 0x0c,
  0xff, 0x34, 0x21, 0xff, 0x3b, 0x23, 0xe2, 0x0a, 0x0a, 0xc9, 0x01, 0x09,
  0xa3, 0x01, 0x04, 0xa1, 0x01, 0x00, 0xcc, 0x08, 0x06, 0xf1, 0x1b, 0x1a,
  0xff, 0x36, 0x39, 0xe0, 0x05, 0x0b, 0xcb, 0x00, 0x00, 0xe0, 0x08, 0x06,
  0xfa, 0x1f, 0x15, 0xe5, 0x04, 0x00, 0xeb, 0x00, 0x00, 0xf1, 0x03, 0x00,
  0xef, 0x09, 0x09, 0xec, 0x04, 0x05, 0xf6, 0x00, 0x00, 0xfb, 0x04, 0x00,
  0xe3, 0x00, 0x00, 0xde, 0x01, 0x00, 0xe5, 0x06, 0x00, 0xf6, 0x1e, 0x00,
  0xf1, 0x2b, 0x03, 0xd2, 0x0c, 0x00, 0xce, 0x00, 0x00, 0xda, 0x08, 0x01,
  0xdf, 0x14, 0x07, 0xc4, 0x0d, 0x02, 0x94, 0x00, 0x00, 0x80, 0x00, 0x00,
  0xc8, 0x07, 0x00, 0xd3, 0x07, 0x01, 0xe7, 0x07, 0x03, 0xf0, 0x08, 0x04,
  0xff, 0x1f, 0x16, 0xf4, 0x1a, 0x0d, 0xfa, 0x21, 0x14, 0xe3, 0x15, 0x00,
  0xce, 0x15, 0x00, 0xb4, 0x0c, 0x00, 0x96, 0x00, 0x00, 0x83, 0x00, 0x00,
  0x79, 0x05, 0x0f, 0x6d, 0x00, 0x00, 0x91, 0x00, 0x00, 0xce, 0x13, 0x07,
  0xf3, 0x1a, 0x0f, 0xe9, 0x08, 0x00, 0xe6, 0x10, 0x00, 0xf3, 0x29, 0x00,
  0xff, 0x4a, 0x09, 0xec, 0x3e, 0x00, 0xec, 0x49, 0x00, 0xff, 0x66, 0x05,
  0xea, 0x46, 0x00, 0xfb, 0x46, 0x00, 0xff, 0x41, 0x0b, 0xfb, 0x21, 0x02,
  0xe3, 0x06, 0x00, 0xdb, 0x00, 0x00, 0xda, 0x00, 0x04, 0xdd, 0x05, 0x07,
  0xe4, 0x16, 0x01, 0xff, 0x3b, 0x24, 0xc8, 0x00, 0x00, 0xae, 0x00, 0x00,
  0x91, 0x00, 0x00, 0x93, 0x00, 0x00, 0xba, 0x00, 0x00, 0xdd, 0x15, 0x14,
  0xd7, 0x0e, 0x12, 0xc4, 0x00, 0x03, 0xc5, 0x04, 0x03, 0xdd, 0x1a, 0x15,
  0xd7, 0x0b, 0x02, 0xd3, 0x00, 0x00, 0xef, 0x04, 0x00, 0xed, 0x00, 0x00,
  0xf1, 0x07, 0x11, 0xe7, 0x00, 0x03, 0xfe, 0x07, 0x04, 0xff, 0x29, 0x1a,
  0xff, 0x29, 0x0f, 0xfb, 0x1e, 0x02, 0xf6, 0x0e, 0x00, 0xf4, 0x0b, 0x01,
  0xf8, 0x18, 0x0b, 0xe1, 0x05, 0x00, 0xda, 0x00, 0x00, 0xe5, 0x05, 0x00,
  0xff, 0x28, 0x19, 0xd9, 0x09, 0x00, 0x9d, 0x00, 0x00, 0x94, 0x00, 0x09,
  0xc3, 0x0b, 0x00, 0xcd, 0x0b, 0x01, 0xe1, 0x08, 0x0b, 0xe8, 0x0a, 0x10,
  0xe6, 0x12, 0x15, 0xc7, 0x00, 0x00, 0xba, 0x03, 0x00, 0xa4, 0x00, 0x00,
  0x8d, 0x00, 0x00, 0x6c, 0x00, 0x00, 0x45, 0x00, 0x00, 0x34, 0x00, 0x00,
  0x38, 0x00, 0x00, 0x53, 0x00, 0x00, 0x99, 0x00, 0x00, 0xd4, 0x0c, 0x00,
  0xf2, 0x1a, 0x08, 0xff, 0x2a, 0x12, 0xfe, 0x2c, 0x08, 0xe4, 0x1d, 0x00,
  0xf7, 0x3b, 0x00, 0xf7, 0x46, 0x00, 0xf5, 0x4d, 0x00, 0xf2, 0x4f, 0x00,
  0xed, 0x4b, 0x00, 0xf5, 0x4e, 0x00, 0xff, 0x5d, 0x10, 0xff, 0x39, 0x00,
  0xfc, 0x1d, 0x00, 0xf0, 0x0c, 0x01, 0xe0, 0x02, 0x06, 0xd5, 0x00, 0x03,
  0xdc, 0x04, 0x02, 0xd8, 0x0a, 0x04, 0xc8, 0x09, 0x0a, 0x9c, 0x00, 0x00,
  0x8f, 0x00, 0x00, 0x87, 0x00, 0x00, 0x97, 0x00, 0x00, 0xaa, 0x03, 0x09,
  0xa5, 0x05, 0x0b, 0x9f, 0x07, 0x08, 0x96, 0x05, 0x00, 0x96, 0x01, 0x00,
  0xb0, 0x0b, 0x01, 0xae, 0x00, 0x00, 0xdd, 0x08, 0x04, 0xf2, 0x11, 0x0f,
  0xe5, 0x09, 0x06, 0xea, 0x09, 0x03, 0xed, 0x02, 0x00, 0xe4, 0x00, 0x00,
  0xff, 0x38, 0x10, 0xff, 0x38, 0x0d, 0xff, 0x2c, 0x0f, 0xff, 0x19, 0x06,
  0xec, 0x0c, 0x03, 0xe5, 0x06, 0x02, 0xe5, 0x02, 0x00, 0xe9, 0x05, 0x00,
  0xff, 0x23, 0x15, 0xd2, 0x07, 0x00, 0xa0, 0x00, 0x00, 0x99, 0x07, 0x09,
  0xc7, 0x0a, 0x00, 0xce, 0x09, 0x03, 0xdc, 0x0a, 0x11, 0xe0, 0x0c, 0x18,
  0xc9, 0x06, 0x0f, 0xa7, 0x00, 0x00, 0xa8, 0x00, 0x00, 0x9e, 0x00, 0x00,
  0x95, 0x05, 0x00, 0x72, 0x00, 0x00, 0x47, 0x00, 0x00, 0x38, 0x00, 0x00,
  0x3d, 0x00, 0x00, 0x76, 0x07, 0x03, 0xc0, 0x10, 0x07, 0xdf, 0x0e, 0x00,
  0xff, 0x2c, 0x15, 0xff, 0x30, 0x0f, 0xfd, 0x2d, 0x06, 0xeb, 0x24, 0x00,
  0xe7, 0x2b, 0x00, 0xf7, 0x41, 0x00, 0xff, 0x59, 0x0e, 0xff, 0x67, 0x15,
  0xfb, 0x59, 0x00, 0xff, 0x65, 0x09, 0xfc, 0x51, 0x00, 0xff, 0x4a, 0x00,
  0xff, 0x44, 0x14, 0xfc, 0x28, 0x0d, 0xd7, 0x10, 0x0a, 0xbf, 0x00, 0x00,
  0xc9, 0x00, 0x00, 0xc8, 0x00, 0x00, 0xbd, 0x00, 0x00, 0xb7, 0x06, 0x02,
  0xba, 0x11, 0x11, 0xa1, 0x00, 0x00, 0x98, 0x00, 0x00, 0x96, 0x00, 0x02,
  0x7f, 0x00, 0x00, 0x8a, 0x08, 0x08, 0x8a, 0x06, 0x03, 0x80, 0x00, 0x00,
  0x9f, 0x01, 0x00, 0xa7, 0x00, 0x00, 0xce, 0x03, 0x04, 0xf1, 0x1b, 0x1a,
  0xf9, 0x24, 0x1c, 0xe2, 0x11, 0x03, 0xd8, 0x08, 0x00, 0xe0, 0x12, 0x00,
  0xfa, 0x2c, 0x06, 0xfd, 0x2a, 0x00, 0xff, 0x21, 0x03, 0xfd, 0x1c, 0x08,
  0xd9, 0x08, 0x01, 0xdc, 0x0b, 0x09, 0xe5, 0x06, 0x02, 0xe8, 0x03, 0x00,
  0xdf, 0x00, 0x00, 0xd2, 0x02, 0x00, 0xb0, 0x00, 0x00, 0xa5, 0x01, 0x00,
  0xd3, 0x02, 0x00, 0xda, 0x08, 0x08, 0xdc, 0x08, 0x17, 0xc8, 0x02, 0x12,
  0x9b, 0x00, 0x00, 0x9d, 0x00, 0x00, 0xb4, 0x00, 0x00, 0xc8, 0x0a, 0x00,
  0xcf, 0x1f, 0x00, 0xd9, 0x3d, 0x19, 0x95, 0x18, 0x05, 0x5f, 0x00, 0x00,
  0x83, 0x00, 0x00, 0xac, 0x0d, 0x0c, 0xd0, 0x09, 0x03, 0xf3, 0x1a, 0x0d,
  0xff, 0x37, 0x17, 0xff, 0x3a, 0x0f, 0xff, 0x3b, 0x0d, 0xff, 0x3d, 0x09,
  0xe8, 0x2a, 0x00, 0xff, 0x49, 0x0b, 0xfd, 0x46, 0x05, 0xff, 0x54, 0x09,
  0xfe, 0x53, 0x00, 0xff, 0x57, 0x00, 0xff, 0x63, 0x08, 0xff, 0x65, 0x15,
  0xff, 0x58, 0x1e, 0xc1, 0x11, 0x00, 0xa4, 0x0a, 0x00, 0x8e, 0x00, 0x00,
  0xb7, 0x07, 0x00, 0xc2, 0x02, 0x00, 0xce, 0x08, 0x00, 0xf2, 0x29, 0x20,
  0xd8, 0x11, 0x0b, 0xcf, 0x0c, 0x09, 0xc1, 0x06, 0x05, 0xac, 0x06, 0x05,
  0x7e, 0x00, 0x00, 0x7b, 0x00, 0x00, 0x9d, 0x06, 0x09, 0xb2, 0x06, 0x0c,
  0xbc, 0x00, 0x03, 0xc4, 0x00, 0x00, 0xc6, 0x00, 0x00, 0xd6, 0x09, 0x05,
  0xe5, 0x12, 0x0e, 0xc9, 0x04, 0x00, 0x9d, 0x00, 0x00, 0x9a, 0x00, 0x00,
  0xe1, 0x11, 0x00, 0xff, 0x36, 0x1e, 0xf7, 0x16, 0x03, 0xe6, 0x16, 0x08,
  0xaf, 0x00, 0x00, 0xa5, 0x00, 0x00, 0xd9, 0x09, 0x00, 0xeb, 0x0b, 0x00,
  0xe8, 0x03, 0x00, 0xe0, 0x02, 0x00, 0xda, 0x09, 0x06, 0xd5, 0x0a, 0x0b,
  0xcb, 0x00, 0x00, 0xcc, 0x03, 0x08, 0xbf, 0x03, 0x0e, 0xae, 0x00, 0x0a,
  0x9c, 0x00, 0x00, 0xb7, 0x12, 0x01, 0xe9, 0x31, 0x0f, 0xff, 0x4e, 0x1e,
  0xff, 0x5a, 0x20, 0xff, 0x5f, 0x2e, 0xbb, 0x24, 0x0b, 0x7f, 0x00, 0x00,
  0x9d, 0x00, 0x00, 0xc7, 0x08, 0x07, 0xdd, 0x02, 0x01, 0xf0, 0x0e, 0x02,
  0xff, 0x38, 0x13, 0xff, 0x3d, 0x0b, 0xff, 0x3d, 0x0b, 0xff, 0x3e, 0x09,
  0xff, 0x42, 0x0b, 0xff, 0x44, 0x0a, 0xff, 0x46, 0x0b, 0xff, 0x5c, 0x19,
  0xff, 0x71, 0x20, 0xff, 0x6b, 0x14, 0xff, 0x5f, 0x0e, 0xf5, 0x47, 0x04,
  0xe0, 0x32, 0x02, 0xb7, 0x11, 0x00, 0x87, 0x00, 0x00, 0x92, 0x00, 0x00,
  0xb1, 0x04, 0x00, 0xcd, 0x0e, 0x00, 0xed, 0x22, 0x15, 0xd0, 0x04, 0x00,
  0xc3, 0x00, 0x00, 0xc2, 0x00, 0x00, 0xc2, 0x01, 0x00, 0xb5, 0x07, 0x02,
  0x8b, 0x00, 0x00, 0x80, 0x00, 0x00, 0xa4, 0x00, 0x00, 0xc2, 0x06, 0x0a,
  0xd3, 0x08, 0x0a, 0xcb, 0x00, 0x00, 0xc4, 0x00, 0x00, 0xd0, 0x0b, 0x00,
  0xe9, 0x1f, 0x11, 0xc3, 0x0a, 0x00, 0x8c, 0x00, 0x00, 0x92, 0x00, 0x00,
  0xdd, 0x11, 0x00, 0xff, 0x22, 0x0b, 0xff, 0x28, 0x13, 0xcf, 0x09, 0x00,
  0xa4, 0x01, 0x00, 0x9c, 0x00, 0x00, 0xd2, 0x07, 0x00, 0xeb, 0x0c, 0x00,
  0xe8, 0x03, 0x00, 0xe7, 0x03, 0x00, 0xe3, 0x05, 0x00, 0xe2, 0x06, 0x00,
  0xbc, 0x06, 0x04, 0xa8, 0x00, 0x00, 0x8b, 0x00, 0x00, 0x88, 0x00, 0x00,
  0xa9, 0x00, 0x00, 0xce, 0x1d, 0x00, 0xf0, 0x4a, 0x02, 0xff, 0x5a, 0x07,
  0xff, 0x5b, 0x11, 0xff, 0x52, 0x1d, 0xb1, 0x16, 0x00, 0x84, 0x00, 0x00,
  0xae, 0x00, 0x00, 0xe0, 0x12, 0x0d, 0xf0, 0x08, 0x06, 0xef, 0x06, 0x00,
  0xff, 0x3a, 0x0f, 0xff, 0x3f, 0x07, 0xff, 0x3f, 0x07, 0xff, 0x3e, 0x09,
  0xff, 0x3e, 0x09, 0xf5, 0x31, 0x00, 0xfe, 0x3a, 0x06, 0xff, 0x44, 0x07,
  0xff, 0x57, 0x08, 0xff, 0x56, 0x0a, 0xff, 0x45, 0x0d, 0xf9, 0x2e, 0x0a,
  0xcf, 0x0f, 0x00, 0xbc, 0x08, 0x00, 0x99, 0x00, 0x00, 0xc0, 0x11, 0x01,
  0xd5, 0x10, 0x00, 0xdf, 0x13, 0x01, 0xca, 0x02, 0x03, 0xbb, 0x03, 0x0d,
  0x8f, 0x00, 0x00, 0x98, 0x00, 0x00, 0xb7, 0x00, 0x00, 0xc1, 0x07, 0x01,
  0xa5, 0x02, 0x00, 0x91, 0x00, 0x00, 0xa9, 0x00, 0x00, 0xca, 0x0b, 0x05,
  0xed, 0x26, 0x1e, 0xcb, 0x02, 0x00, 0xc3, 0x00, 0x00, 0xd1, 0x12, 0x00,
  0xe6, 0x25, 0x04, 0xb0, 0x06, 0x00, 0x79, 0x00, 0x00, 0x8a, 0x03, 0x00,
  0xe4, 0x27, 0x07, 0xff, 0x38, 0x12, 0xff, 0x47, 0x26, 0xdb, 0x14, 0x00,
  0x94, 0x00, 0x00, 0x96, 0x00, 0x00, 0xdc, 0x0d, 0x01, 0xff, 0x1c, 0x0e,
  0xe5, 0x04, 0x00, 0xe3, 0x05, 0x02, 0xe2, 0x07, 0x00, 0xe2, 0x07, 0x00,
  0xb3, 0x0f, 0x0e, 0x8c, 0x00, 0x00, 0x62, 0x00, 0x00, 0x5f, 0x00, 0x00,
  0x9a, 0x00, 0x00, 0xe2, 0x2b, 0x06, 0xff, 0x60, 0x0e, 0xff, 0x66, 0x08,
  0xff, 0x40, 0x00, 0xff, 0x3b, 0x0a, 0xc2, 0x12, 0x00, 0xab, 0x00, 0x00,
  0xcb, 0x01, 0x00, 0xfe, 0x20, 0x1b, 0xff, 0x13, 0x0f, 0xf4, 0x0a, 0x00,
  0xff, 0x37, 0x13, 0xff, 0x3c, 0x0d, 0xff, 0x3c, 0x0b, 0xff, 0x3d, 0x09,
  0xff, 0x46, 0x10, 0xff, 0x41, 0x0f, 0xff, 0x4d, 0x22, 0xff, 0x37, 0x0a,
  0xf9, 0x32, 0x00, 0xf0, 0x25, 0x00, 0xe9, 0x0c, 0x00, 0xdc, 0x00, 0x00,
  0xd0, 0x02, 0x00, 0xc8, 0x05, 0x00, 0xc6, 0x08, 0x01, 0xdd, 0x20, 0x15,
  0xe1, 0x20, 0x0d, 0xce, 0x11, 0x06, 0xbf, 0x0c, 0x12, 0x97, 0x00, 0x01,
  0x76, 0x00, 0x00, 0x89, 0x00, 0x00, 0xb3, 0x00, 0x00, 0xcb, 0x06, 0x00,
  0xba, 0x00, 0x00, 0xa7, 0x00, 0x00, 0xb1, 0x00, 0x00, 0xc9, 0x08, 0x00,
  0xff, 0x3e, 0x2a, 0xd2, 0x09, 0x00, 0xc9, 0x01, 0x00, 0xdd, 0x18, 0x00,
  0xd6, 0x1d, 0x00, 0x98, 0x00, 0x00, 0x60, 0x00, 0x00, 0x78, 0x00, 0x00,
  0xcf, 0x1e, 0x00, 0xff, 0x42, 0x1b, 0xff, 0x45, 0x28, 0xc8, 0x13, 0x02,
  0xa4, 0x0a, 0x09, 0x99, 0x00, 0x00, 0xc5, 0x09, 0x00, 0xd9, 0x0a, 0x00,
  0xe2, 0x05, 0x02, 0xe3, 0x05, 0x02, 0xe3, 0x06, 0x00, 0xe3, 0x07, 0x00,
  0xaa, 0x11, 0x12, 0x78, 0x00, 0x00, 0x41, 0x00, 0x00, 0x47, 0x00, 0x00,
  0x91, 0x00, 0x00, 0xd0, 0x19, 0x00, 0xff, 0x64, 0x1b, 0xff, 0x55, 0x06,
  0xff, 0x2e, 0x00, 0xff, 0x23, 0x03, 0xe6, 0x17, 0x00, 0xdb, 0x0b, 0x00,
  0xec, 0x07, 0x00, 0xff, 0x1a, 0x16, 0xff, 0x1c, 0x0e, 0xed, 0x08, 0x00,
  0xee, 0x0d, 0x00, 0xf5, 0x18, 0x01, 0xff, 0x25, 0x02, 0xff, 0x33, 0x07,
  0xff, 0x44, 0x0f, 0xf6, 0x3a, 0x09, 0xff, 0x3c, 0x1f, 0xfc, 0x1a, 0x0b,
  0xed, 0x08, 0x01, 0xe6, 0x00, 0x00, 0xe6, 0x00, 0x00, 0xe7, 0x03, 0x02,
  0xe0, 0x06, 0x02, 0xde, 0x0b, 0x05, 0xdb, 0x0d, 0x05, 0xcb, 0x0d, 0x02,
  0xb1, 0x0f, 0x01, 0x9a, 0x0d, 0x01, 0x86, 0x00, 0x01, 0x81, 0x00, 0x00,
  0x8f, 0x00, 0x00, 0xb1, 0x00, 0x05, 0xcc, 0x07, 0x03, 0xd6, 0x06, 0x00,
  0xdf, 0x0d, 0x04, 0xcf, 0x00, 0x00, 0xd0, 0x09, 0x00, 0xee, 0x2a, 0x11,
  0xff, 0x41, 0x20, 0xd9, 0x0b, 0x00, 0xdf, 0x06, 0x00, 0xd5, 0x04, 0x00,
  0xe1, 0x2b, 0x10, 0x88, 0x00, 0x00, 0x57, 0x00, 0x00, 0x69, 0x00, 0x00,
  0xbb, 0x11, 0x00, 0xe2, 0x28, 0x13, 0xc0, 0x1d, 0x14, 0x97, 0x06, 0x03,
  0x90, 0x07, 0x05, 0x7d, 0x00, 0x00, 0x86, 0x00, 0x00, 0x9f, 0x00, 0x00,
  0xcb, 0x00, 0x00, 0xed, 0x07, 0x07, 0xfb, 0x1b, 0x15, 0xdc, 0x00, 0x00,
  0x9f, 0x09, 0x09, 0x6e, 0x00, 0x00, 0x3e, 0x00, 0x00, 0x49, 0x00, 0x00,
  0x8e, 0x00, 0x00, 0xc9, 0x0f, 0x00, 0xfb, 0x48, 0x0e, 0xfc, 0x3f, 0x00,
  0xff, 0x36, 0x0f, 0xf2, 0x14, 0x00, 0xe7, 0x14, 0x00, 0xf7, 0x20, 0x00,
  0xee, 0x06, 0x00, 0xff, 0x1b, 0x0b, 0xff, 0x2c, 0x0b, 0xfe, 0x24, 0x05,
  0xed, 0x08, 0x00, 0xf6, 0x0c, 0x07, 0xfe, 0x17, 0x03, 0xfc, 0x21, 0x05,
  0xff, 0x44, 0x1c, 0xff, 0x51, 0x2b, 0xd9, 0x11, 0x00, 0xda, 0x02, 0x00,
  0xe0, 0x00, 0x06, 0xe4, 0x00, 0x09, 0xe6, 0x00, 0x08, 0xe5, 0x01, 0x05,
  0xf8, 0x17, 0x13, 0xe2, 0x04, 0x00, 0xd6, 0x00, 0x00, 0xcc, 0x08, 0x00,
  0x93, 0x00, 0x00, 0x77, 0x00, 0x00, 0x77, 0x00, 0x00, 0x92, 0x00, 0x00,
  0xb8, 0x04, 0x08, 0xce, 0x09, 0x05, 0xea, 0x23, 0x0b, 0xff, 0x38, 0x1b,
  0xff, 0x31, 0x1b, 0xea, 0x0e, 0x00, 0xe4, 0x0f, 0x00, 0xff, 0x38, 0x1b,
  0xff, 0x40, 0x13, 0xf1, 0x28, 0x00, 0xff, 0x27, 0x00, 0xff, 0x33, 0x11,
  0xff, 0x65, 0x4f, 0xae, 0x14, 0x0b, 0x6b, 0x00, 0x00, 0x73, 0x01, 0x03,
  0x9a, 0x08, 0x00, 0xa4, 0x10, 0x00, 0x81, 0x03, 0x04, 0x6e, 0x00, 0x00,
  0x77, 0x00, 0x00, 0x81, 0x00, 0x00, 0x70, 0x00, 0x00, 0x92, 0x00, 0x00,
  0xd2, 0x08, 0x03, 0xfd, 0x1d, 0x17, 0xff, 0x33, 0x25, 0xe3, 0x0e, 0x00,
  0xa1, 0x06, 0x06, 0x7b, 0x00, 0x00, 0x61, 0x00, 0x00, 0x6f, 0x00, 0x00,
  0x9c, 0x00, 0x00, 0xd5, 0x0e, 0x04, 0xff, 0x5b, 0x33, 0xff, 0x38, 0x06,
  0xee, 0x21, 0x00, 0xea, 0x22, 0x00, 0xfc, 0x41, 0x00, 0xff, 0x54, 0x12,
  0xef, 0x20, 0x00, 0xfc, 0x2b, 0x00, 0xff, 0x3a, 0x00, 0xff, 0x3b, 0x0d,
  0xe6, 0x07, 0x00, 0xef, 0x04, 0x06, 0xf3, 0x06, 0x04, 0xee, 0x0b, 0x03,
  0xdb, 0x0c, 0x00, 0xca, 0x10, 0x00, 0xb3, 0x0d, 0x00, 0xa0, 0x00, 0x00,
  0xb4, 0x00, 0x00, 0xd3, 0x00, 0x00, 0xea, 0x0a, 0x0f, 0xf0, 0x0e, 0x0d,
  0xec, 0x0a, 0x02, 0xf4, 0x10, 0x04, 0xeb, 0x05, 0x00, 0xc9, 0x00, 0x00,
  0x99, 0x00, 0x00, 0x87, 0x00, 0x00, 0x9d, 0x00, 0x00, 0xbf, 0x0a, 0x00,
  0xef, 0x25, 0x13, 0xf6, 0x2a, 0x06, 0xff, 0x45, 0x09, 0xff, 0x59, 0x18,
  0xff, 0x4c, 0x1e, 0xf5, 0x19, 0x00, 0xf0, 0x0a, 0x00, 0xff, 0x27, 0x0d,
  0xff, 0x42, 0x05, 0xff, 0x4e, 0x0a, 0xe6, 0x0e, 0x00, 0xfe, 0x24, 0x07,
  0xff, 0x3d, 0x2e, 0xc4, 0x17, 0x14, 0x94, 0x05, 0x0f, 0x74, 0x00, 0x02,
  0x6f, 0x0c, 0x00, 0x5b, 0x03, 0x00, 0x48, 0x00, 0x00, 0x52, 0x00, 0x00,
  0x7a, 0x00, 0x00, 0x84, 0x00, 0x00, 0x96, 0x0c, 0x04, 0x95, 0x00, 0x00,
  0xd1, 0x12, 0x03, 0xff, 0x34, 0x21, 0xff, 0x4b, 0x2a, 0xda, 0x1c, 0x00,
  0xb4, 0x0c, 0x09, 0x95, 0x00, 0x00, 0x8b, 0x00, 0x00, 0x9b, 0x00, 0x00,
  0xc7, 0x09, 0x10, 0xe0, 0x14, 0x10, 0xd3, 0x0a, 0x00, 0xf3, 0x2c, 0x06,
  0xed, 0x2c, 0x02, 0xfd, 0x47, 0x0e, 0xff, 0x59, 0x07, 0xff, 0x5d, 0x05,
  0xfc, 0x42, 0x00, 0xfa, 0x3d, 0x00, 0xf4, 0x41, 0x00, 0xfc, 0x3f, 0x04,
  0xe4, 0x05, 0x00, 0xec, 0x00, 0x04, 0xea, 0x00, 0x03, 0xdd, 0x00, 0x04,
  0xc9, 0x07, 0x07, 0xb3, 0x0b, 0x04, 0x9d, 0x0b, 0x01, 0x8b, 0x00, 0x00,
  0xb9, 0x00, 0x00, 0xd8, 0x02, 0x04, 0xdf, 0x05, 0x03, 0xd9, 0x00, 0x00,
  0xeb, 0x07, 0x00, 0xe9, 0x01, 0x00, 0xec, 0x00, 0x00, 0xe6, 0x09, 0x00,
  0xbb, 0x01, 0x00, 0xb6, 0x05, 0x01, 0xca, 0x0a, 0x02, 0xd9, 0x0f, 0x00,
  0xff, 0x3c, 0x19, 0xff, 0x4f, 0x17, 0xff, 0x5b, 0x0f, 0xff, 0x55, 0x07,
  0xff, 0x56, 0x1b, 0xf3, 0x16, 0x00, 0xf2, 0x00, 0x00, 0xea, 0x03, 0x00,
  0xff, 0x50, 0x10, 0xfe, 0x49, 0x00, 0xfd, 0x2e, 0x02, 0xf4, 0x1f, 0x07,
  0xff, 0x3d, 0x2f, 0xbd, 0x0b, 0x0a, 0x90, 0x00, 0x00, 0x78, 0x00, 0x00,
  0x56, 0x00, 0x00, 0x3e, 0x00, 0x00, 0x3e, 0x00, 0x00, 0x62, 0x00, 0x02,
  0x87, 0x00, 0x00, 0xad, 0x01, 0x0b, 0xae, 0x0b, 0x07, 0xb6, 0x0b, 0x00,
  0xd0, 0x0a, 0x00, 0xff, 0x37, 0x1c, 0xff, 0x4d, 0x26, 0xd5, 0x17, 0x00,
  0xc8, 0x0c, 0x07, 0xbd, 0x03, 0x00, 0xbc, 0x01, 0x05, 0xc7, 0x07, 0x0d,
  0xd4, 0x06, 0x0e, 0xcc, 0x00, 0x02, 0xc6, 0x09, 0x00, 0xd0, 0x19, 0x00,
  0xdb, 0x26, 0x04, 0xfe, 0x53, 0x1b, 0xf7, 0x5b, 0x00, 0xfe, 0x62, 0x00,
  0xff, 0x5f, 0x03, 0xf8, 0x49, 0x00, 0xff, 0x60, 0x04, 0xf9, 0x43, 0x00,
  0xf5, 0x13, 0x00, 0xee, 0x00, 0x00, 0xe9, 0x00, 0x09, 0xc2, 0x00, 0x01,
  0x96, 0x00, 0x00, 0x7d, 0x00, 0x00, 0x82, 0x00, 0x00, 0x9a, 0x00, 0x00,
  0xc7, 0x04, 0x01, 0xd6, 0x01, 0x00, 0xdd, 0x04, 0x00, 0xe2, 0x05, 0x00,
  0xe7, 0x04, 0x00, 0xf1, 0x0a, 0x00, 0xeb, 0x00, 0x00, 0xf0, 0x0d, 0x00,
  0xce, 0x00, 0x01, 0xd5, 0x09, 0x11, 0xe9, 0x19, 0x12, 0xf5, 0x27, 0x0f,
  0xff, 0x59, 0x2b, 0xff, 0x6b, 0x2c, 0xff, 0x5f, 0x14, 0xff, 0x5a, 0x11,
  0xff, 0x3c, 0x01, 0xeb, 0x08, 0x00, 0xf2, 0x00, 0x00, 0xff, 0x17, 0x0a,
  0xff, 0x44, 0x0d, 0xf4, 0x3e, 0x01, 0xf3, 0x2b, 0x08, 0xda, 0x15, 0x03,
  0xcb, 0x17, 0x0d, 0xa6, 0x03, 0x00, 0x86, 0x00, 0x00, 0x7a, 0x00, 0x00,
  0x76, 0x00, 0x00, 0x5f, 0x00, 0x00, 0x5d, 0x00, 0x00, 0x7a, 0x00, 0x00,
  0xbb, 0x03, 0x0f, 0xcf, 0x00, 0x0a, 0xca, 0x02, 0x01, 0xd2, 0x05, 0x00,
  0xe4, 0x09, 0x00, 0xfd, 0x1f, 0x0b, 0xff, 0x3b, 0x1b, 0xfb, 0x26, 0x03,
  0xd6, 0x06, 0x01, 0xce, 0x00, 0x00, 0xd3, 0x00, 0x00, 0xde, 0x09, 0x0f,
  0xd7, 0x00, 0x09, 0xbe, 0x00, 0x00, 0xa5, 0x00, 0x00, 0xa5, 0x08, 0x00,
  0xc1, 0x19, 0x00, 0xef, 0x48, 0x18, 0xff, 0x6d, 0x10, 0xff, 0x79, 0x0c,
  0xff, 0x5a, 0x00, 0xff, 0x5c, 0x00, 0xff, 0x65, 0x04, 0xff, 0x61, 0x16,
  0xff, 0x27, 0x08, 0xf7, 0x08, 0x05, 0xdf, 0x06, 0x08, 0xac, 0x00, 0x00,
  0x7f, 0x03, 0x00, 0x6e, 0x00, 0x00, 0x82, 0x00, 0x00, 0xa2, 0x00, 0x00,
  0xc3, 0x00, 0x00, 0xd6, 0x00, 0x00, 0xe0, 0x03, 0x00, 0xe7, 0x09, 0x00,
  0xf5, 0x15, 0x00, 0xfd, 0x1c, 0x00, 0xff, 0x30, 0x0f, 0xe2, 0x08, 0x00,
  0xb9, 0x00, 0x00, 0xc1, 0x00, 0x0b, 0xdf, 0x0d, 0x0b, 0xec, 0x19, 0x07,
  0xe7, 0x22, 0x00, 0xe9, 0x2b, 0x00, 0xe6, 0x2b, 0x00, 0xff, 0x3f, 0x0c,
  0xff, 0x3c, 0x0f, 0xf0, 0x0a, 0x00, 0xef, 0x00, 0x00, 0xff, 0x17, 0x13,
  0xff, 0x4f, 0x2b, 0xe8, 0x2a, 0x02, 0xcf, 0x0f, 0x00, 0xc3, 0x0a, 0x00,
  0xa9, 0x00, 0x00, 0x90, 0x00, 0x00, 0x87, 0x00, 0x00, 0x91, 0x00, 0x00,
  0xa8, 0x08, 0x00, 0xa4, 0x07, 0x00, 0xa0, 0x0c, 0x00, 0xae, 0x0e, 0x02,
  0xd5, 0x10, 0x0c, 0xdf, 0x07, 0x04, 0xf5, 0x1c, 0x15, 0xf0, 0x13, 0x07,
  0xe2, 0x00, 0x00, 0xf1, 0x09, 0x00, 0xff, 0x1f, 0x0b, 0xf4, 0x0c, 0x00,
  0xe7, 0x00, 0x00, 0xdf, 0x00, 0x00, 0xe2, 0x04, 0x01, 0xee, 0x13, 0x14,
  0xe1, 0x07, 0x0f, 0xb9, 0x00, 0x00, 0x81, 0x00, 0x00, 0x7b, 0x00, 0x00,
  0xb6, 0x14, 0x0b, 0xe1, 0x34, 0x13, 0xff, 0x66, 0x14, 0xff, 0x67, 0x00,
  0xff, 0x58, 0x00, 0xff, 0x5b, 0x00, 0xff, 0x63, 0x08, 0xff, 0x61, 0x16,
  0xff, 0x26, 0x00, 0xe9, 0x0b, 0x00, 0xc8, 0x0b, 0x00, 0x96, 0x00, 0x00,
  0x75, 0x00, 0x00, 0x6d, 0x00, 0x00, 0x85, 0x00, 0x00, 0xab, 0x02, 0x00,
  0xcf, 0x00, 0x00, 0xe6, 0x00, 0x00, 0xf2, 0x0e, 0x00, 0xf9, 0x19, 0x03,
  0xfc, 0x20, 0x00, 0xff, 0x3b, 0x15, 0xff, 0x38, 0x0e, 0xd1, 0x14, 0x00,
  0x85, 0x00, 0x00, 0x8e, 0x02, 0x06, 0xc1, 0x04, 0x06, 0xdd, 0x08, 0x04,
  0xd2, 0x00, 0x00, 0xde, 0x05, 0x00, 0xd1, 0x00, 0x00, 0xef, 0x11, 0x0a,
  0xff, 0x23, 0x13, 0xfe, 0x11, 0x03, 0xf6, 0x00, 0x00, 0xff, 0x14, 0x15,
  0xe3, 0x05, 0x00, 0xd6, 0x0a, 0x01, 0xbb, 0x00, 0x00, 0xa2, 0x00, 0x00,
  0x99, 0x00, 0x00, 0x9a, 0x00, 0x00, 0xb1, 0x00, 0x00, 0xcc, 0x07, 0x01,
  0xdd, 0x0d, 0x04, 0xd2, 0x07, 0x00, 0xcf, 0x16, 0x00, 0xe0, 0x2c, 0x04,
  0xe8, 0x27, 0x06, 0xf1, 0x26, 0x09, 0xff, 0x34, 0x1b, 0xfb, 0x22, 0x0e,
  0xe3, 0x02, 0x00, 0xe4, 0x00, 0x00, 0xf8, 0x07, 0x05, 0xf0, 0x00, 0x00,
  0xec, 0x00, 0x00, 0xe8, 0x00, 0x00, 0xed, 0x09, 0x00, 0xfb, 0x1d, 0x14,
  0xf0, 0x19, 0x14, 0xc2, 0x06, 0x01, 0x86, 0x00, 0x00, 0x79, 0x00, 0x00,
  0x91, 0x00, 0x00, 0xc2, 0x16, 0x00, 0xff, 0x5f, 0x14, 0xff, 0x65, 0x09,
  0xff, 0x5c, 0x09, 0xfe, 0x44, 0x00, 0xff, 0x59, 0x12, 0xfa, 0x41, 0x02,
  0xda, 0x0f, 0x00, 0xc0, 0x03, 0x00, 0xa4, 0x11, 0x00, 0x7d, 0x09, 0x00,
  0x62, 0x00, 0x00, 0x67, 0x00, 0x00, 0x8e, 0x00, 0x00, 0xba, 0x03, 0x00,
  0xdd, 0x07, 0x00, 0xf4, 0x11, 0x00, 0xff, 0x27, 0x09, 0xff, 0x35, 0x0f,
  0xff, 0x34, 0x09, 0xf8, 0x29, 0x00, 0xff, 0x3f, 0x1a, 0xbf, 0x10, 0x00,
  0x69, 0x00, 0x00, 0x73, 0x00, 0x00, 0xad, 0x00, 0x00, 0xd1, 0x00, 0x00,
  0xd5, 0x00, 0x00, 0xe9, 0x05, 0x07, 0xd8, 0x00, 0x00, 0xde, 0x00, 0x00,
  0xec, 0x07, 0x00, 0xff, 0x30, 0x25, 0xff, 0x19, 0x17, 0xed, 0x04, 0x0a,
  0xd8, 0x00, 0x04, 0xc8, 0x00, 0x01, 0xb6, 0x00, 0x00, 0xa8, 0x00, 0x00,
  0xaf, 0x00, 0x06, 0xb5, 0x00, 0x03, 0xd6, 0x0f, 0x05, 0xf6, 0x23, 0x0f,
  0xff, 0x31, 0x1a, 0xec, 0x12, 0x00, 0xed, 0x26, 0x00, 0xff, 0x5c, 0x23,
  0xff, 0x49, 0x13, 0xff, 0x53, 0x20, 0xef, 0x1f, 0x00, 0xfa, 0x1f, 0x00,
  0xec, 0x0e, 0x00, 0xe2, 0x00, 0x00, 0xf5, 0x04, 0x00, 0xf1, 0x00, 0x00,
  0xf3, 0x06, 0x00, 0xea, 0x00, 0x00, 0xec, 0x0a, 0x00, 0xf7, 0x1f, 0x00,
  0xff, 0x33, 0x13, 0xea, 0x26, 0x08, 0xb8, 0x08, 0x00, 0x9d, 0x00, 0x00,
  0x9d, 0x00, 0x00, 0xb2, 0x09, 0x00, 0xe5, 0x33, 0x00, 0xff, 0x47, 0x00,
  0xff, 0x3b, 0x04, 0xe0, 0x0f, 0x00, 0xff, 0x2e, 0x05, 0xfc, 0x35, 0x12,
  0xbf, 0x0d, 0x00, 0x89, 0x00, 0x00, 0x5e, 0x00, 0x00, 0x48, 0x06, 0x00,
  0x3e, 0x00, 0x00, 0x65, 0x05, 0x00, 0xac, 0x05, 0x00, 0xd6, 0x08, 0x00,
  0xf7, 0x22, 0x11, 0xff, 0x39, 0x17, 0xf6, 0x40, 0x07, 0xff, 0x5e, 0x1b,
  0xff, 0x58, 0x1e, 0xff, 0x39, 0x0d, 0xff, 0x3c, 0x25, 0xb7, 0x00, 0x00,
  0x62, 0x00, 0x00, 0x72, 0x00, 0x00, 0xab, 0x00, 0x00, 0xca, 0x00, 0x00,
  0xdc, 0x01, 0x00, 0xe1, 0x00, 0x00, 0xe4, 0x00, 0x00, 0xe2, 0x00, 0x00,
  0xe3, 0x0b, 0x00, 0xff, 0x2f, 0x1c, 0xff, 0x24, 0x1f, 0xd8, 0x00, 0x04,
  0xce, 0x02, 0x0a, 0xc5, 0x00, 0x04, 0xc6, 0x00, 0x00, 0xc6, 0x00, 0x00,
  0xdd, 0x04, 0x19, 0xdb, 0x06, 0x0f, 0xe7, 0x24, 0x04, 0xff, 0x41, 0x0e,
  0xff, 0x4a, 0x17, 0xe2, 0x19, 0x00, 0xee, 0x2c, 0x00, 0xff, 0x52, 0x15,
  0xff, 0x57, 0x13, 0xf8, 0x3a, 0x00, 0xf6, 0x26, 0x00, 0xff, 0x2e, 0x03,
  0xff, 0x32, 0x0d, 0xff, 0x2e, 0x0e, 0xf2, 0x0e, 0x00, 0xf3, 0x0a, 0x00,
  0xe8, 0x00, 0x00, 0xeb, 0x04, 0x00, 0xf5, 0x1b, 0x00, 0xff, 0x30, 0x05,
  0xfe, 0x34, 0x06, 0xff, 0x39, 0x12, 0xdd, 0x12, 0x00, 0xc4, 0x00, 0x00,
  0x9f, 0x00, 0x00, 0xbf, 0x0c, 0x00, 0xf0, 0x2d, 0x00, 0xff, 0x3e, 0x0e,
  0xff, 0x34, 0x18, 0xeb, 0x0a, 0x00, 0xe9, 0x0d, 0x00, 0xcd, 0x0a, 0x00,
  0xa8, 0x15, 0x04, 0x68, 0x01, 0x00, 0x38, 0x01, 0x00, 0x26, 0x00, 0x00,
  0x25, 0x00, 0x00, 0x5b, 0x00, 0x00, 0xb4, 0x00, 0x00, 0xe4, 0x0c, 0x00,
  0xf9, 0x27, 0x0e, 0xff, 0x44, 0x18, 0xf6, 0x4e, 0x07, 0xf0, 0x4b, 0x00,
  0xf6, 0x3f, 0x00, 0xff, 0x42, 0x15, 0xf5, 0x26, 0x17, 0xb3, 0x00, 0x00,
  0x7e, 0x00, 0x00, 0x90, 0x0a, 0x00, 0xbf, 0x09, 0x00, 0xda, 0x09, 0x00,
  0xe1, 0x0a, 0x00, 0xe6, 0x08, 0x00, 0xe8, 0x06, 0x00, 0xe6, 0x07, 0x00,
  0xd5, 0x00, 0x00, 0xde, 0x12, 0x00, 0xd9, 0x12, 0x0c, 0xb9, 0x00, 0x00,
  0xad, 0x02, 0x05, 0xae, 0x00, 0x04, 0xc0, 0x00, 0x00, 0xce, 0x00, 0x00,
  0xdf, 0x00, 0x0d, 0xec, 0x10, 0x0d, 0xfb, 0x3d, 0x09, 0xff, 0x5b, 0x13,
  0xff, 0x5a, 0x1c, 0xeb, 0x25, 0x00, 0xf8, 0x31, 0x00, 0xff, 0x55, 0x1a,
  0xff, 0x58, 0x07, 0xff, 0x53, 0x00, 0xff, 0x45, 0x00, 0xff, 0x3c, 0x00,
  0xff, 0x43, 0x03, 0xff, 0x41, 0x08, 0xff, 0x38, 0x06, 0xe5, 0x10, 0x00,
  0xf9, 0x05, 0x00, 0xff, 0x1b, 0x0a, 0xff, 0x35, 0x10, 0xff, 0x42, 0x12,
  0xff, 0x3e, 0x0d, 0xff, 0x3d, 0x14, 0xf9, 0x22, 0x0b, 0xde, 0x05, 0x00,
  0xc9, 0x00, 0x00, 0xbd, 0x00, 0x00, 0xde, 0x01, 0x00, 0xff, 0x34, 0x26,
  0xf4, 0x07, 0x07, 0xe5, 0x00, 0x01, 0xda, 0x07, 0x03, 0xbd, 0x11, 0x07,
  0x7e, 0x0f, 0x00, 0x41, 0x00, 0x00, 0x22, 0x00, 0x00, 0x1f, 0x00, 0x00,
  0x35, 0x00, 0x00, 0x6e, 0x00, 0x00, 0xbd, 0x04, 0x00, 0xe8, 0x12, 0x02,
  0xf2, 0x23, 0x02, 0xe7, 0x27, 0x00, 0xf4, 0x4a, 0x01, 0xff, 0x5f, 0x14,
  0xff, 0x43, 0x08, 0xff, 0x49, 0x21, 0xf1, 0x27, 0x17, 0xc7, 0x0b, 0x04,
  0x96, 0x00, 0x00, 0xaa, 0x10, 0x00, 0xd1, 0x0e, 0x00, 0xe8, 0x12, 0x00,
  0xff, 0x29, 0x0b, 0xfd, 0x2a, 0x0b, 0xfb, 0x29, 0x11, 0xfd, 0x28, 0x15,
  0xf7, 0x1a, 0x0e, 0xe7, 0x16, 0x11, 0xba, 0x0b, 0x08, 0x88, 0x00, 0x00,
  0x78, 0x00, 0x00, 0x85, 0x01, 0x02, 0xad, 0x00, 0x07, 0xc9, 0x00, 0x08,
  0xd3, 0x00, 0x00, 0xea, 0x1f, 0x06, 0xfb, 0x49, 0x06, 0xff, 0x5b, 0x0d,
  0xff, 0x4f, 0x13, 0xe2, 0x10, 0x00, 0xeb, 0x15, 0x00, 0xfe, 0x39, 0x0c,
  0xff, 0x67, 0x09, 0xfd, 0x6d, 0x00, 0xff, 0x66, 0x00, 0xff, 0x62, 0x00,
  0xff, 0x65, 0x00, 0xff, 0x62, 0x04, 0xff, 0x58, 0x07, 0xea, 0x2d, 0x00,
  0xf2, 0x00, 0x00, 0xfb, 0x16, 0x04, 0xf1, 0x26, 0x00, 0xe1, 0x25, 0x00,
  0xff, 0x46, 0x13, 0xff, 0x39, 0x11, 0xff, 0x39, 0x24, 0xe2, 0x00, 0x00,
  0xd9, 0x04, 0x0a, 0xc5, 0x00, 0x02, 0xc2, 0x00, 0x00, 0xd4, 0x04, 0x08,
  0xcb, 0x00, 0x00, 0xca, 0x00, 0x04, 0xb6, 0x00, 0x00, 0x9a, 0x07, 0x02,
  0x58, 0x00, 0x00, 0x2f, 0x00, 0x00, 0x2e, 0x00, 0x00, 0x42, 0x00, 0x00,
  0x68, 0x00, 0x00, 0x94, 0x03, 0x00, 0xca, 0x0b, 0x00, 0xe9, 0x15, 0x00,
  0xf2, 0x23, 0x00, 0xee, 0x28, 0x00, 0xfd, 0x49, 0x04, 0xf2, 0x3e, 0x00,
  0xfa, 0x38, 0x03, 0xec, 0x24, 0x01, 0xe4, 0x23, 0x12, 0xb6, 0x02, 0x00,
  0x9e, 0x00, 0x00, 0xb3, 0x07, 0x00, 0xd7, 0x07, 0x00, 0xe4, 0x05, 0x00,
  0xfb, 0x25, 0x00, 0xf7, 0x27, 0x02, 0xf2, 0x28, 0x08, 0xf3, 0x26, 0x0e,
  0xe3, 0x07, 0x00, 0xcd, 0x01, 0x00, 0xa0, 0x00, 0x00, 0x77, 0x00, 0x00,
  0x59, 0x00, 0x00, 0x6c, 0x00, 0x00, 0x99, 0x00, 0x05, 0xbd, 0x02, 0x06,
  0xeb, 0x23, 0x17, 0xff, 0x41, 0x1a, 0xff, 0x60, 0x14, 0xff, 0x60, 0x0d,
  0xff, 0x4c, 0x16, 0xe0, 0x0b, 0x00, 0xe7, 0x08, 0x00, 0xf4, 0x2b, 0x08,
  0xff, 0x7a, 0x17, 0xf3, 0x72, 0x00, 0xfa, 0x72, 0x00, 0xff, 0x86, 0x02,
  0xff, 0x87, 0x07, 0xff, 0x81, 0x0d, 0xfd, 0x5a, 0x00, 0xff, 0x53, 0x00,
  0xf6, 0x0b, 0x00, 0xfb, 0x1d, 0x08, 0xf3, 0x2c, 0x04, 0xe5, 0x2c, 0x00,
  0xed, 0x32, 0x00, 0xff, 0x36, 0x10, 0xff, 0x1d, 0x0b, 0xe6, 0x01, 0x00,
  0xcb, 0x00, 0x04, 0xa6, 0x00, 0x00, 0x8b, 0x00, 0x00, 0x80, 0x00, 0x00,
  0x8b, 0x00, 0x00, 0x94, 0x00, 0x00, 0x8a, 0x00, 0x00, 0x6b, 0x00, 0x00,
  0x4c, 0x00, 0x00, 0x43, 0x00, 0x00, 0x6e, 0x00, 0x00, 0x80, 0x00, 0x00,
  0xa7, 0x04, 0x00, 0xc9, 0x13, 0x06, 0xd2, 0x0b, 0x00, 0xff, 0x37, 0x10,
  0xff, 0x32, 0x00, 0xfa, 0x2a, 0x00, 0xe5, 0x23, 0x00, 0xff, 0x44, 0x07,
  0xff, 0x3c, 0x0f, 0xff, 0x6a, 0x4b, 0xc0, 0x13, 0x00, 0x94, 0x00, 0x00,
  0x93, 0x00, 0x00, 0xcd, 0x12, 0x04, 0xde, 0x02, 0x00, 0xe8, 0x00, 0x00,
  0xfa, 0x1e, 0x00, 0xff, 0x3d, 0x19, 0xff, 0x38, 0x18, 0xef, 0x26, 0x0d,
  0xd9, 0x09, 0x00, 0xc4, 0x00, 0x00, 0xad, 0x00, 0x03, 0xa1, 0x0c, 0x13,
  0x78, 0x00, 0x01, 0x6b, 0x00, 0x00, 0x8a, 0x00, 0x00, 0xb7, 0x09, 0x06,
  0xd8, 0x15, 0x00, 0xff, 0x54, 0x25, 0xff, 0x76, 0x24, 0xff, 0x63, 0x10,
  0xff, 0x59, 0x23, 0xe6, 0x10, 0x00, 0xe3, 0x02, 0x00, 0xdb, 0x10, 0x00,
  0xff, 0x69, 0x0e, 0xff, 0x81, 0x01, 0xf8, 0x7b, 0x00, 0xff, 0x8f, 0x02,
  0xff, 0x94, 0x09, 0xff, 0x8f, 0x15, 0xff, 0x63, 0x07, 0xff, 0x5d, 0x10,
  0xfd, 0x21, 0x10, 0xf9, 0x25, 0x0d, 0xff, 0x3b, 0x12, 0xff, 0x53, 0x21,
  0xff, 0x42, 0x12, 0xff, 0x38, 0x13, 0xe8, 0x00, 0x00, 0xf5, 0x12, 0x0c,
  0xc7, 0x05, 0x04, 0x96, 0x00, 0x00, 0x6b, 0x00, 0x00, 0x67, 0x00, 0x00,
  0x78, 0x00, 0x00, 0x86, 0x05, 0x01, 0x7f, 0x05, 0x00, 0x6b, 0x00, 0x00,
  0x58, 0x00, 0x00, 0x74, 0x00, 0x00, 0xb3, 0x0f, 0x10, 0xd0, 0x16, 0x12,
  0xd9, 0x22, 0x0e, 0xe6, 0x2a, 0x08, 0xff, 0x3c, 0x0e, 0xff, 0x4e, 0x15,
  0xff, 0x40, 0x00, 0xff, 0x3a, 0x00, 0xee, 0x2c, 0x00, 0xff, 0x40, 0x0a,
  0xf1, 0x26, 0x02, 0xed, 0x28, 0x12, 0xc6, 0x17, 0x07, 0x7c, 0x00, 0x00,
  0xa0, 0x00, 0x00, 0xce, 0x0d, 0x05, 0xe4, 0x02, 0x00, 0xf6, 0x08, 0x00,
  0xfc, 0x18, 0x00, 0xfa, 0x1f, 0x02, 0xff, 0x31, 0x19, 0xe4, 0x18, 0x02,
  0xd7, 0x0b, 0x00, 0xc4, 0x00, 0x00, 0xb5, 0x00, 0x00, 0xae, 0x06, 0x0d,
  0x90, 0x00, 0x05, 0x85, 0x00, 0x00, 0x9d, 0x00, 0x00, 0xc1, 0x06, 0x05,
  0xd7, 0x0b, 0x00, 0xf1, 0x29, 0x00, 0xff, 0x4f, 0x00, 0xff, 0x5e, 0x0b,
  0xff, 0x4c, 0x15, 0xf9, 0x26, 0x09, 0xda, 0x01, 0x00, 0xd4, 0x0b, 0x00,
  0xef, 0x4c, 0x01, 0xff, 0x7b, 0x0d, 0xff, 0x86, 0x05, 0xfe, 0x85, 0x00,
  0xfc, 0x89, 0x05, 0xfe, 0x7a, 0x0a, 0xff, 0x73, 0x29, 0xfd, 0x3e, 0x06,
  0xf2, 0x26, 0x10, 0xf3, 0x28, 0x0d, 0xff, 0x3a, 0x12, 0xff, 0x4f, 0x21,
  0xff, 0x37, 0x0c, 0xff, 0x3b, 0x19, 0xe6, 0x00, 0x00, 0xd7, 0x00, 0x00,
  0xba, 0x00, 0x00, 0x93, 0x00, 0x00, 0x72, 0x00, 0x01, 0x74, 0x00, 0x0b,
  0x8f, 0x01, 0x06, 0x97, 0x04, 0x01, 0x87, 0x00, 0x00, 0x80, 0x00, 0x00,
  0x84, 0x00, 0x00, 0xaf, 0x09, 0x08, 0xdf, 0x13, 0x0f, 0xf7, 0x2b, 0x17,
  0xfe, 0x57, 0x25, 0xff, 0x62, 0x1c, 0xff, 0x5e, 0x15, 0xff, 0x59, 0x09,
  0xff, 0x58, 0x00, 0xff, 0x57, 0x00, 0xf1, 0x3e, 0x00, 0xff, 0x3f, 0x0c,
  0xef, 0x16, 0x00, 0xfc, 0x23, 0x18, 0xcd, 0x08, 0x04, 0xa1, 0x00, 0x00,
  0xaa, 0x00, 0x00, 0xc9, 0x0c, 0x0e, 0xe7, 0x03, 0x04, 0xff, 0x12, 0x0d,
  0xee, 0x04, 0x00, 0xfa, 0x16, 0x06, 0xe6, 0x07, 0x00, 0xe8, 0x10, 0x03,
  0xdc, 0x09, 0x00, 0xca, 0x00, 0x00, 0xbe, 0x00, 0x00, 0xbc, 0x01, 0x05,
  0xad, 0x04, 0x06, 0xae, 0x00, 0x04, 0xc2, 0x00, 0x00, 0xd4, 0x00, 0x00,
  0xe0, 0x00, 0x00, 0xf9, 0x21, 0x04, 0xff, 0x4e, 0x09, 0xff, 0x57, 0x09,
  0xff, 0x60, 0x29, 0xd6, 0x0d, 0x00, 0xd7, 0x0b, 0x00, 0xd7, 0x13, 0x00,
  0xe4, 0x31, 0x00, 0xff, 0x64, 0x17, 0xff, 0x7c, 0x17, 0xff, 0x7f, 0x0f,
  0xff, 0x7f, 0x14, 0xff, 0x80, 0x2b, 0xf6, 0x30, 0x06, 0xe5, 0x09, 0x00,
  0xdb, 0x19, 0x00, 0xea, 0x26, 0x08, 0xf4, 0x2b, 0x04, 0xf3, 0x24, 0x00,
  0xff, 0x33, 0x0a, 0xec, 0x0e, 0x00, 0xdb, 0x00, 0x00, 0xc9, 0x00, 0x00,
  0xba, 0x01, 0x00, 0x96, 0x00, 0x00, 0x7a, 0x00, 0x0b, 0x80, 0x04, 0x15,
  0x97, 0x00, 0x05, 0xa6, 0x07, 0x06, 0x9f, 0x10, 0x0a, 0x9a, 0x0c, 0x05,
  0x9e, 0x00, 0x00, 0xc9, 0x0c, 0x0c, 0xe4, 0x03, 0x00, 0xf6, 0x20, 0x04,
  0xf7, 0x5a, 0x16, 0xff, 0x70, 0x1b, 0xe7, 0x39, 0x00, 0xe2, 0x30, 0x00,
  0xff, 0x65, 0x00, 0xff, 0x69, 0x08, 0xf6, 0x4a, 0x00, 0xff, 0x3f, 0x0b,
  0xe7, 0x09, 0x00, 0xf0, 0x0d, 0x0a, 0xd3, 0x01, 0x04, 0xab, 0x00, 0x00,
  0xb3, 0x02, 0x09, 0xcc, 0x10, 0x19, 0xe9, 0x06, 0x0c, 0xff, 0x14, 0x17,
  0xed, 0x00, 0x00, 0xe2, 0x00, 0x00, 0xe6, 0x00, 0x00, 0xe2, 0x01, 0x00,
  0xdf, 0x08, 0x00, 0xcf, 0x00, 0x00, 0xc4, 0x00, 0x00, 0xc2, 0x00, 0x00,
  0xc0, 0x09, 0x0c, 0xc6, 0x08, 0x0d, 0xd8, 0x00, 0x06, 0xde, 0x00, 0x00,
  0xe7, 0x00, 0x00, 0xdd, 0x00, 0x00, 0xe3, 0x23, 0x00, 0xff, 0x4b, 0x00,
  0xff, 0x53, 0x1b, 0xe7, 0x23, 0x00, 0xcf, 0x0b, 0x00, 0xd0, 0x11, 0x00,
  0xca, 0x0f, 0x00, 0xc9, 0x18, 0x00, 0xdf, 0x3e, 0x00, 0xff, 0x69, 0x05,
  0xff, 0x71, 0x11, 0xff, 0x67, 0x20, 0xde, 0x0c, 0x00, 0xea, 0x00, 0x00,
  0xea, 0x26, 0x00, 0xff, 0x3a, 0x0e, 0xf3, 0x22, 0x04, 0xf0, 0x1d, 0x0b,
  0xe0, 0x0d, 0x09, 0xd0, 0x02, 0x08, 0xcb, 0x07, 0x15, 0xb8, 0x00, 0x0a,
  0xb1, 0x00, 0x02, 0xa9, 0x00, 0x00, 0xb2, 0x00, 0x00, 0xc6, 0x02, 0x02,
  0xd3, 0x00, 0x00, 0xdb, 0x00, 0x00, 0xd9, 0x01, 0x00, 0xd2, 0x04, 0x00,
  0xd2, 0x0c, 0x0d, 0xd3, 0x06, 0x09, 0xea, 0x08, 0x09, 0xf5, 0x11, 0x05,
  0xfe, 0x25, 0x01, 0xf5, 0x1c, 0x00, 0xff, 0x1d, 0x06, 0xff, 0x24, 0x06,
  0xfe, 0x3e, 0x00, 0xff, 0x41, 0x05, 0xff, 0x34, 0x22, 0xec, 0x05, 0x0a,
  0xd2, 0x08, 0x15, 0xaf, 0x00, 0x09, 0x9e, 0x00, 0x00, 0xa8, 0x00, 0x00,
  0xc8, 0x00, 0x00, 0xdc, 0x00, 0x00, 0xeb, 0x00, 0x00, 0xf7, 0x05, 0x09,
  0xef, 0x04, 0x06, 0xe8, 0x00, 0x00, 0xec, 0x00, 0x00, 0xec, 0x00, 0x03,
  0xda, 0x00, 0x00, 0xcc, 0x05, 0x01, 0xb0, 0x0d, 0x00, 0xb3, 0x0d, 0x00,
  0xd6, 0x08, 0x02, 0xe3, 0x01, 0x04, 0xdf, 0x00, 0x03, 0xe3, 0x01, 0x04,
  0xe8, 0x04, 0x06, 0xe8, 0x02, 0x02, 0xe4, 0x00, 0x00, 0xee, 0x04, 0x01,
  0xff, 0x1f, 0x11, 0xe7, 0x08, 0x00, 0xd8, 0x03, 0x00, 0xd2, 0x05, 0x06,
  0xc3, 0x02, 0x01, 0xcc, 0x05, 0x01, 0xec, 0x0e, 0x07, 0xff, 0x1e, 0x0d,
  0xff, 0x36, 0x0f, 0xff, 0x42, 0x09, 0xec, 0x31, 0x00, 0xff, 0x59, 0x0c,
  0xf6, 0x2a, 0x00, 0xff, 0x35, 0x0e, 0xf6, 0x1d, 0x02, 0xe9, 0x0e, 0x00,
  0xd7, 0x02, 0x00, 0xc8, 0x00, 0x02, 0xbb, 0x00, 0x07, 0xae, 0x00, 0x00,
  0xae, 0x00, 0x00, 0xb5, 0x00, 0x00, 0xc4, 0x03, 0x00, 0xd5, 0x0b, 0x08,
  0xd8, 0x02, 0x02, 0xda, 0x04, 0x01, 0xd6, 0x0a, 0x03, 0xcd, 0x0f, 0x08,
  0xa9, 0x00, 0x00, 0xb8, 0x06, 0x07, 0xe0, 0x0e, 0x0e, 0xeb, 0x09, 0x00,
  0xfa, 0x1b, 0x00, 0xfe, 0x1d, 0x00, 0xf4, 0x12, 0x00, 0xfb, 0x25, 0x00,
  0xff, 0x46, 0x04, 0xff, 0x40, 0x04, 0xe7, 0x04, 0x00, 0xea, 0x08, 0x0b,
  0xc6, 0x07, 0x11, 0xa9, 0x00, 0x07, 0xa5, 0x00, 0x01, 0xba, 0x03, 0x06,
  0xd4, 0x03, 0x00, 0xec, 0x0c, 0x05, 0xe7, 0x00, 0x00, 0xf2, 0x05, 0x03,
  0xee, 0x04, 0x01, 0xec, 0x00, 0x00, 0xf2, 0x00, 0x00, 0xef, 0x02, 0x05,
  0xd9, 0x00, 0x00, 0xcb, 0x05, 0x01, 0x99, 0x00, 0x00, 0x9f, 0x00, 0x00,
  0xd4, 0x03, 0x00, 0xe5, 0x02, 0x01, 0xe5, 0x02, 0x01, 0xe7, 0x01, 0x01,
  0xf2, 0x0a, 0x0b, 0xf0, 0x05, 0x07, 0xe6, 0x00, 0x00, 0xed, 0x01, 0x00,
  0xe9, 0x06, 0x00, 0xe9, 0x0d, 0x00, 0xdd, 0x0a, 0x04, 0xb8, 0x00, 0x00,
  0xab, 0x00, 0x00, 0xb3, 0x00, 0x00, 0xd8, 0x01, 0x00, 0xed, 0x0f, 0x00,
  0xf8, 0x29, 0x00, 0xff, 0x50, 0x18, 0xff, 0x55, 0x14, 0xf0, 0x30, 0x00,
  0xf8, 0x20, 0x00, 0xff, 0x33, 0x13, 0xf6, 0x0d, 0x00, 0xf1, 0x08, 0x00,
  0xd9, 0x00, 0x00, 0xc8, 0x00, 0x01, 0xa7, 0x00, 0x00, 0xa5, 0x00, 0x00,
  0xb7, 0x00, 0x00, 0xce, 0x00, 0x00, 0xe0, 0x07, 0x00, 0xe7, 0x0a, 0x07,
  0xe0, 0x0f, 0x0a, 0xd0, 0x0a, 0x04, 0xbc, 0x03, 0x00, 0xa0, 0x05, 0x00,
  0x6e, 0x00, 0x00, 0x7a, 0x00, 0x00, 0xc3, 0x0d, 0x0b, 0xe7, 0x0a, 0x07,
  0xf0, 0x02, 0x00, 0xf0, 0x01, 0x00, 0xff, 0x23, 0x05, 0xff, 0x35, 0x07,
  0xff, 0x4b, 0x07, 0xff, 0x41, 0x06, 0xec, 0x10, 0x00, 0xd3, 0x00, 0x00,
  0xb7, 0x0e, 0x11, 0xa0, 0x03, 0x06, 0xac, 0x00, 0x00, 0xc3, 0x00, 0x00,
  0xe5, 0x07, 0x00, 0xfc, 0x16, 0x0b, 0xff, 0x1f, 0x12, 0xff, 0x20, 0x13,
  0xef, 0x06, 0x00, 0xef, 0x00, 0x00, 0xf6, 0x00, 0x00, 0xf8, 0x09, 0x06,
  0xd8, 0x00, 0x00, 0xc3, 0x00, 0x00, 0xb0, 0x05, 0x00, 0xaf, 0x00, 0x00,
  0xdd, 0x08, 0x02, 0xea, 0x03, 0x00, 0xff, 0x18, 0x0d, 0xf2, 0x06, 0x00,
  0xf6, 0x07, 0x03, 0xf6, 0x04, 0x06, 0xee, 0x00, 0x00, 0xf4, 0x08, 0x01,
  0xff, 0x1f, 0x0b, 0xf2, 0x1e, 0x08, 0xff, 0x3b, 0x2f, 0xad, 0x00, 0x00,
  0x7b, 0x00, 0x00, 0x90, 0x00, 0x00, 0xcf, 0x09, 0x00, 0xf7, 0x1e, 0x05,
  0xff, 0x2e, 0x05, 0xff, 0x40, 0x0c, 0xf4, 0x29, 0x00, 0xf6, 0x28, 0x00,
  0xf4, 0x1d, 0x00, 0xf8, 0x19, 0x00, 0xff, 0x20, 0x11, 0xf5, 0x02, 0x00,
  0xe0, 0x00, 0x00, 0xd4, 0x04, 0x06, 0xac, 0x00, 0x00, 0xad, 0x00, 0x00,
  0xcc, 0x01, 0x00, 0xe3, 0x06, 0x00, 0xec, 0x07, 0x02, 0xe1, 0x03, 0x00,
  0xc9, 0x02, 0x00, 0xbb, 0x01, 0x00, 0xaf, 0x00, 0x00, 0x97, 0x01, 0x00,
  0x55, 0x00, 0x00, 0x5f, 0x00, 0x00, 0xa5, 0x00, 0x00, 0xdb, 0x04, 0x06,
  0xeb, 0x00, 0x00, 0xf8, 0x06, 0x00, 0xf9, 0x1b, 0x00, 0xff, 0x39, 0x05,
  0xff, 0x46, 0x05, 0xfd, 0x40, 0x09, 0xe6, 0x0e, 0x00, 0xd7, 0x0a, 0x08,
  0x97, 0x00, 0x00, 0x8f, 0x00, 0x00, 0xb3, 0x00, 0x00, 0xdc, 0x0d, 0x0c,
  0xf8, 0x18, 0x0b, 0xfe, 0x1c, 0x06, 0xff, 0x34, 0x1b, 0xfa, 0x1e, 0x06,
  0xee, 0x04, 0x00, 0xf3, 0x02, 0x00, 0xfb, 0x0a, 0x00, 0xff, 0x16, 0x0a,
  0xde, 0x02, 0x01, 0xd6, 0x0b, 0x0e, 0xb9, 0x01, 0x00, 0xc1, 0x05, 0x00,
  0xe3, 0x09, 0x05, 0xff, 0x1e, 0x15, 0xff, 0x1d, 0x08, 0xff, 0x1b, 0x08,
  0xf0, 0x00, 0x00, 0xf7, 0x01, 0x00, 0xf5, 0x02, 0x00, 0xff, 0x15, 0x0c,
  0xff, 0x1f, 0x07, 0xf1, 0x1f, 0x04, 0xfc, 0x38, 0x28, 0xa4, 0x00, 0x00,
  0x73, 0x00, 0x00, 0x87, 0x00, 0x00, 0xca, 0x0a, 0x00, 0xf6, 0x1c, 0x08,
  0xff, 0x39, 0x14, 0xff, 0x39, 0x0e, 0xf1, 0x1c, 0x00, 0xfa, 0x25, 0x00,
  0xff, 0x39, 0x18, 0xf4, 0x20, 0x05, 0xef, 0x07, 0x00, 0xf4, 0x01, 0x00,
  0xef, 0x00, 0x02, 0xdf, 0x00, 0x04, 0xc5, 0x01, 0x01, 0xc2, 0x00, 0x00,
  0xe9, 0x05, 0x05, 0xf0, 0x01, 0x02, 0xf9, 0x16, 0x15, 0xd2, 0x00, 0x00,
  0xbf, 0x06, 0x00, 0xa3, 0x00, 0x00, 0xba, 0x04, 0x02, 0xa9, 0x02, 0x06,
  0x81, 0x00, 0x04, 0x75, 0x00, 0x00, 0xa4, 0x00, 0x00, 0xd2, 0x05, 0x08,
  0xef, 0x08, 0x0d, 0xf1, 0x03, 0x00, 0xff, 0x21, 0x00, 0xff, 0x38, 0x06,
  0xff, 0x43, 0x09, 0xff, 0x42, 0x14, 0xff, 0x2c, 0x1c, 0xcd, 0x01, 0x00,
  0x94, 0x00, 0x00, 0x8f, 0x00, 0x00, 0xbb, 0x00, 0x00, 0xdb, 0x06, 0x00,
  0xf2, 0x1f, 0x02, 0xff, 0x35, 0x0f, 0xff, 0x3e, 0x18, 0xfd, 0x22, 0x00,
  0xff, 0x17, 0x00, 0xf3, 0x06, 0x00, 0xff, 0x1c, 0x00, 0xff, 0x37, 0x1e,
  0xe5, 0x03, 0x00, 0xdf, 0x04, 0x05, 0xcb, 0x00, 0x00, 0xd3, 0x08, 0x06,
  0xcf, 0x00, 0x00, 0xe6, 0x07, 0x00, 0xff, 0x4d, 0x2f, 0xf8, 0x1e, 0x00,
  0xf1, 0x04, 0x00, 0xf2, 0x00, 0x00, 0xf4, 0x02, 0x00, 0xff, 0x14, 0x07,
  0xff, 0x22, 0x07, 0xf7, 0x25, 0x08, 0xe8, 0x25, 0x10, 0xad, 0x01, 0x00,
  0x77, 0x00, 0x00, 0x8b, 0x00, 0x02, 0xc9, 0x05, 0x06, 0xf8, 0x1b, 0x0f,
  0xff, 0x24, 0x0a, 0xf9, 0x1d, 0x00, 0xfc, 0x21, 0x05, 0xfd, 0x25, 0x07,
  0xff, 0x3b, 0x1d, 0xf0, 0x20, 0x09, 0xeb, 0x07, 0x00, 0xef, 0x00, 0x00,
  0xf3, 0x01, 0x03, 0xe7, 0x00, 0x02, 0xd2, 0x00, 0x00, 0xcc, 0x00, 0x00,
  0xe9, 0x09, 0x10, 0xe1, 0x01, 0x08, 0xdd, 0x0d, 0x0f, 0xbf, 0x02, 0x00,
  0xab, 0x01, 0x00, 0xa7, 0x01, 0x00, 0xa9, 0x00, 0x00, 0xac, 0x01, 0x04,
  0x9c, 0x03, 0x07, 0x90, 0x00, 0x00, 0xab, 0x00, 0x01, 0xbd, 0x00, 0x00,
  0xe1, 0x07, 0x06, 0xff, 0x1d, 0x0f, 0xfc, 0x21, 0x00, 0xf9, 0x29, 0x00,
  0xff, 0x40, 0x0c, 0xee, 0x28, 0x00, 0xea, 0x0f, 0x05, 0xd9, 0x07, 0x09,
  0xae, 0x04, 0x02, 0xa0, 0x00, 0x00, 0xd1, 0x04, 0x05, 0xfb, 0x22, 0x17,
  0xff, 0x40, 0x19, 0xff, 0x41, 0x0b, 0xff, 0x3b, 0x07, 0xf9, 0x26, 0x00,
  0xff, 0x23, 0x00, 0xfc, 0x1f, 0x00, 0xfb, 0x27, 0x00, 0xf6, 0x1f, 0x00,
  0xe5, 0x05, 0x00, 0xdb, 0x00, 0x00, 0xd8, 0x02, 0x02, 0xd7, 0x01, 0x03,
  0xd2, 0x00, 0x00, 0xe6, 0x09, 0x00, 0xff, 0x4e, 0x2b, 0xfa, 0x25, 0x02,
  0xee, 0x06, 0x00, 0xff, 0x12, 0x08, 0xf1, 0x02, 0x00, 0xf6, 0x0c, 0x00,
  0xff, 0x20, 0x03, 0xf9, 0x26, 0x07, 0xee, 0x26, 0x11, 0xaf, 0x00, 0x00,
  0x87, 0x00, 0x01, 0x82, 0x00, 0x00, 0xbd, 0x03, 0x09, 0xe5, 0x10, 0x0d,
  0xff, 0x21, 0x11, 0xff, 0x1f, 0x0a, 0xfa, 0x1e, 0x06, 0xf8, 0x1f, 0x06,
  0xf1, 0x25, 0x0f, 0xe4, 0x11, 0x00, 0xe2, 0x00, 0x00, 0xe9, 0x00, 0x00,
  0xf3, 0x06, 0x06, 0xeb, 0x03, 0x04, 0xde, 0x00, 0x00, 0xcf, 0x00, 0x02,
  0xd3, 0x10, 0x1b, 0xb6, 0x02, 0x0d, 0xa3, 0x00, 0x03, 0x92, 0x00, 0x00,
  0x98, 0x00, 0x00, 0xa5, 0x08, 0x04, 0x98, 0x00, 0x00, 0x9f, 0x01, 0x00,
  0x9f, 0x00, 0x00, 0xb3, 0x0f, 0x04, 0xa7, 0x00, 0x00, 0xb0, 0x00, 0x00,
  0xd9, 0x0f, 0x00, 0xf8, 0x21, 0x08, 0xf6, 0x22, 0x00, 0xfb, 0x2a, 0x00,
  0xf4, 0x2d, 0x00, 0xf4, 0x26, 0x03, 0xea, 0x09, 0x03, 0xd9, 0x00, 0x04,
  0xc0, 0x00, 0x03, 0xb3, 0x00, 0x00, 0xe3, 0x0b, 0x0d, 0xff, 0x30, 0x21,
  0xff, 0x50, 0x20, 0xff, 0x5b, 0x1a, 0xff, 0x42, 0x02, 0xff, 0x42, 0x03,
  0xff, 0x3f, 0x00, 0xff, 0x3e, 0x01, 0xff, 0x41, 0x06, 0xfb, 0x29, 0x00,
  0xfa, 0x20, 0x00, 0xe7, 0x0b, 0x00, 0xda, 0x01, 0x00, 0xd0, 0x00, 0x00,
  0xd6, 0x00, 0x00, 0xe5, 0x03, 0x00, 0xff, 0x4b, 0x2f, 0xe8, 0x10, 0x00,
  0xec, 0x0c, 0x00, 0xeb, 0x03, 0x00, 0xef, 0x05, 0x00, 0xf2, 0x08, 0x00,
  0xff, 0x1f, 0x00, 0xff, 0x25, 0x06, 0xf5, 0x25, 0x10, 0xb1, 0x00, 0x00,
  0x87, 0x00, 0x01, 0x7d, 0x00, 0x04, 0x8e, 0x00, 0x00, 0xc8, 0x0b, 0x0b,
  0xf7, 0x20, 0x1b, 0xf9, 0x18, 0x0b, 0xfe, 0x23, 0x0b, 0xff, 0x34, 0x18,
  0xd4, 0x07, 0x00, 0xcb, 0x00, 0x00, 0xcb, 0x00, 0x00, 0xdc, 0x07, 0x01,
  0xed, 0x0c, 0x09, 0xe9, 0x07, 0x06, 0xd6, 0x05, 0x03, 0xc3, 0x06, 0x06,
  0x9c, 0x00, 0x00, 0x87, 0x00, 0x00, 0x83, 0x00, 0x00, 0x8e, 0x00, 0x00,
  0x94, 0x00, 0x00, 0x9f, 0x04, 0x02, 0x96, 0x05, 0x00, 0x92, 0x00, 0x00,
  0xa2, 0x00, 0x00, 0xae, 0x06, 0x00, 0xa9, 0x02, 0x00, 0xa8, 0x00, 0x00,
  0xc3, 0x02, 0x00, 0xf0, 0x22, 0x0a, 0xff, 0x37, 0x16, 0xf8, 0x21, 0x00,
  0xfb, 0x26, 0x03, 0xfb, 0x22, 0x0c, 0xe9, 0x05, 0x05, 0xe1, 0x05, 0x0e,
  0xd1, 0x07, 0x10, 0xc4, 0x00, 0x01, 0xd7, 0x00, 0x00, 0xe1, 0x06, 0x00,
  0xec, 0x2a, 0x00, 0xe9, 0x30, 0x00, 0xfc, 0x3e, 0x00, 0xee, 0x2d, 0x00,
  0xfd, 0x42, 0x00, 0xfc, 0x3f, 0x00, 0xff, 0x45, 0x04, 0xff, 0x3a, 0x00,
  0xfe, 0x27, 0x00, 0xf6, 0x1d, 0x04, 0xde, 0x05, 0x00, 0xe0, 0x03, 0x02,
  0xde, 0x00, 0x00, 0xe4, 0x01, 0x00, 0xf8, 0x1c, 0x0b, 0xe7, 0x0b, 0x00,
  0xe9, 0x06, 0x00, 0xff, 0x1c, 0x0c, 0xf9, 0x1a, 0x01, 0xfa, 0x1e, 0x00,
  0xff, 0x36, 0x0e, 0xec, 0x12, 0x00, 0xe5, 0x0e, 0x00, 0xcc, 0x0e, 0x05,
  0x83, 0x00, 0x00, 0x6b, 0x00, 0x00, 0x7c, 0x00, 0x00, 0xa5, 0x00, 0x00,
  0xde, 0x0f, 0x0c, 0xe9, 0x09, 0x00, 0xe5, 0x09, 0x00, 0xe4, 0x0b, 0x00,
  0xd0, 0x09, 0x01, 0xba, 0x00, 0x00, 0x9f, 0x00, 0x00, 0xb7, 0x07, 0x00,
  0xed, 0x1f, 0x19, 0xdc, 0x0d, 0x08, 0xad, 0x01, 0x00, 0x8d, 0x00, 0x00,
  0x87, 0x00, 0x02, 0x7e, 0x00, 0x00, 0x8f, 0x00, 0x00, 0xa2, 0x01, 0x00,
  0xa1, 0x00, 0x00, 0xa5, 0x07, 0x01, 0x8c, 0x00, 0x00, 0x89, 0x00, 0x00,
  0x95, 0x00, 0x00, 0x97, 0x00, 0x00, 0xaf, 0x03, 0x00, 0xaf, 0x00, 0x00,
  0xbe, 0x00, 0x00, 0xd7, 0x0c, 0x00, 0xf3, 0x19, 0x08, 0xff, 0x1a, 0x07,
  0xe4, 0x00, 0x00, 0xf2, 0x09, 0x03, 0xe9, 0x06, 0x0c, 0xda, 0x07, 0x11,
  0xc7, 0x07, 0x0f, 0xbd, 0x00, 0x02, 0xcd, 0x00, 0x00, 0xdd, 0x04, 0x00,
  0xf1, 0x29, 0x00, 0xff, 0x3d, 0x04, 0xff, 0x3e, 0x0a, 0xff, 0x3c, 0x08,
  0xff, 0x37, 0x02, 0xff, 0x3e, 0x02, 0xff, 0x3c, 0x00, 0xff, 0x44, 0x06,
  0xf4, 0x20, 0x00, 0xe0, 0x09, 0x00, 0xe5, 0x11, 0x07, 0xd5, 0x00, 0x00,
  0xe0, 0x00, 0x00, 0xe7, 0x07, 0x03, 0xe4, 0x0a, 0x06, 0xdf, 0x00, 0x00,
  0xee, 0x01, 0x06, 0xeb, 0x05, 0x00, 0xff, 0x3c, 0x12, 0xff, 0x3e, 0x05,
  0xff, 0x3c, 0x08, 0xfb, 0x25, 0x00, 0xe5, 0x06, 0x00, 0xd7, 0x10, 0x06,
  0x8d, 0x00, 0x02, 0x60, 0x00, 0x00, 0x67, 0x00, 0x00, 0x9b, 0x05, 0x08,
  0xc5, 0x00, 0x00, 0xe7, 0x09, 0x00, 0xe7, 0x08, 0x00, 0xe0, 0x00, 0x00,
  0xc6, 0x03, 0x00, 0xb3, 0x00, 0x00, 0x96, 0x00, 0x00, 0xa9, 0x02, 0x00,
  0xca, 0x03, 0x00, 0xc5, 0x00, 0x00, 0xa1, 0x01, 0x00, 0x87, 0x00, 0x00,
  0x7e, 0x00, 0x00, 0x8b, 0x00, 0x00, 0xa5, 0x01, 0x00, 0xba, 0x0b, 0x08,
  0xb0, 0x02, 0x00, 0xac, 0x07, 0x03, 0x8e, 0x00, 0x00, 0x8d, 0x00, 0x00,
  0xa7, 0x00, 0x00, 0xbd, 0x08, 0x03, 0xc0, 0x05, 0x00, 0xb5, 0x00, 0x00,
  0xb5, 0x00, 0x00, 0xc5, 0x00, 0x00, 0xe5, 0x09, 0x04, 0xff, 0x19, 0x14,
  0xe9, 0x00, 0x00, 0xee, 0x08, 0x08, 0xd2, 0x00, 0x04, 0xb8, 0x00, 0x00,
  0x99, 0x00, 0x00, 0xa6, 0x00, 0x00, 0xc8, 0x00, 0x00, 0xe1, 0x05, 0x00,
  0xff, 0x39, 0x11, 0xff, 0x3e, 0x0d, 0xfc, 0x29, 0x00, 0xf5, 0x1c, 0x00,
  0xfc, 0x23, 0x00, 0xf8, 0x25, 0x00, 0xff, 0x3a, 0x01, 0xff, 0x3a, 0x06,
  0xff, 0x33, 0x16, 0xe1, 0x0d, 0x00, 0xd6, 0x06, 0x00, 0xd4, 0x01, 0x00,
  0xdb, 0x00, 0x00, 0xdd, 0x01, 0x00, 0xd6, 0x00, 0x04, 0xd0, 0x00, 0x00,
  0xe7, 0x00, 0x08, 0xe9, 0x09, 0x00, 0xfe, 0x41, 0x08, 0xff, 0x5a, 0x0d,
  0xff, 0x58, 0x15, 0xda, 0x11, 0x00, 0xe3, 0x06, 0x00, 0xea, 0x21, 0x15,
  0x94, 0x07, 0x07, 0x6a, 0x00, 0x00, 0x6f, 0x00, 0x00, 0x9b, 0x03, 0x00,
  0xd0, 0x09, 0x00, 0xde, 0x00, 0x00, 0xdb, 0x00, 0x00, 0xde, 0x00, 0x00,
  0xc9, 0x03, 0x00, 0xbf, 0x00, 0x00, 0xa8, 0x00, 0x00, 0xb5, 0x00, 0x00,
  0xca, 0x00, 0x00, 0xd0, 0x07, 0x02, 0xba, 0x0c, 0x04, 0xa6, 0x03, 0x00,
  0xa4, 0x00, 0x00, 0xb4, 0x07, 0x06, 0xc4, 0x11, 0x0d, 0xc7, 0x11, 0x0d,
  0xbb, 0x07, 0x04, 0xb3, 0x09, 0x05, 0x9e, 0x00, 0x00, 0xa9, 0x01, 0x00,
  0xcb, 0x04, 0x00, 0xdb, 0x05, 0x00, 0xf6, 0x23, 0x0d, 0xda, 0x11, 0x00,
  0xb8, 0x00, 0x00, 0xbd, 0x00, 0x00, 0xd4, 0x00, 0x01, 0xe7, 0x05, 0x09,
  0xde, 0x02, 0x00, 0xdc, 0x0d, 0x08, 0xb5, 0x00, 0x00, 0x9f, 0x00, 0x00,
  0x81, 0x00, 0x00, 0x9f, 0x00, 0x00, 0xd0, 0x00, 0x00, 0xe4, 0x05, 0x00,
  0xf5, 0x23, 0x00, 0xff, 0x3e, 0x10, 0xf6, 0x1e, 0x00, 0xfc, 0x1f, 0x06,
  0xea, 0x0c, 0x00, 0xe5, 0x0d, 0x00, 0xf8, 0x27, 0x05, 0xff, 0x35, 0x14,
  0xff, 0x36, 0x23, 0xdc, 0x0c, 0x03, 0xc6, 0x00, 0x00, 0xcd, 0x01, 0x00,
  0xd6, 0x01, 0x00, 0xd6, 0x01, 0x00, 0xcb, 0x00, 0x00, 0xc5, 0x00, 0x00,
  0xcc, 0x00, 0x00, 0xe6, 0x16, 0x01, 0xff, 0x5b, 0x11, 0xff, 0x61, 0x01,
  0xff, 0x63, 0x0d, 0xf7, 0x41, 0x00, 0xf3, 0x28, 0x02, 0xd6, 0x17, 0x05,
  0x94, 0x06, 0x01, 0x79, 0x00, 0x00, 0x8a, 0x00, 0x00, 0xb3, 0x03, 0x00,
  0xf6, 0x22, 0x11, 0xe6, 0x02, 0x00, 0xe8, 0x0a, 0x03, 0xdd, 0x01, 0x00,
  0xcd, 0x0a, 0x05, 0xce, 0x0a, 0x0a, 0xbc, 0x00, 0x01, 0xc3, 0x00, 0x04,
  0xce, 0x00, 0x00, 0xd6, 0x09, 0x05, 0xc6, 0x09, 0x07, 0xaf, 0x00, 0x00,
  0xb3, 0x00, 0x00, 0xc1, 0x03, 0x00, 0xc1, 0x03, 0x00, 0xb4, 0x00, 0x00,
  0xb5, 0x00, 0x00, 0xb5, 0x00, 0x00, 0xb5, 0x01, 0x00, 0xc8, 0x0b, 0x02,
  0xf4, 0x1e, 0x0b, 0xf8, 0x1b, 0x00, 0xfa, 0x23, 0x00, 0xf1, 0x25, 0x04,
  0xca, 0x0d, 0x00, 0xbe, 0x01, 0x00, 0xbe, 0x00, 0x00, 0xbe, 0x00, 0x00,
  0xc9, 0x00, 0x00, 0xd0, 0x0b, 0x02, 0xba, 0x03, 0x00, 0xab, 0x00, 0x00,
  0xac, 0x0b, 0x00, 0xc7, 0x1b, 0x03, 0xe9, 0x21, 0x07, 0xf5, 0x20, 0x01,
  0xff, 0x39, 0x10, 0xff, 0x3a, 0x15, 0xff, 0x32, 0x1b, 0xff, 0x22, 0x13,
  0xef, 0x0d, 0x03, 0xe6, 0x07, 0x00, 0xdf, 0x07, 0x00, 0xf8, 0x25, 0x11,
  0xf7, 0x22, 0x18, 0xda, 0x07, 0x03, 0xc3, 0x00, 0x00, 0xc8, 0x00, 0x00,
  0xdb, 0x05, 0x02, 0xdd, 0x06, 0x01, 0xd2, 0x00, 0x00, 0xc6, 0x00, 0x00,
  0xc6, 0x00, 0x00, 0xda, 0x13, 0x00, 0xff, 0x60, 0x0f, 0xff, 0x69, 0x00,
  0xff, 0x69, 0x08, 0xff, 0x62, 0x15, 0xec, 0x29, 0x00, 0xc2, 0x03, 0x00,
  0x94, 0x00, 0x00, 0x88, 0x00, 0x00, 0xa6, 0x00, 0x00, 0xcd, 0x0a, 0x00,
  0xfa, 0x20, 0x0f, 0xfa, 0x1b, 0x0d, 0xd8, 0x03, 0x00, 0xd5, 0x04, 0x04,
  0xb9, 0x00, 0x00, 0xbb, 0x00, 0x00, 0xb9, 0x00, 0x00, 0xcf, 0x03, 0x0b,
  0xd6, 0x02, 0x01, 0xd9, 0x08, 0x05, 0xcc, 0x06, 0x07, 0xc0, 0x00, 0x00,
  0xb7, 0x00, 0x00, 0xca, 0x0a, 0x00, 0xc5, 0x05, 0x00, 0xbb, 0x00, 0x00,
  0xc0, 0x00, 0x00, 0xc7, 0x00, 0x00, 0xcf, 0x03, 0x00, 0xf1, 0x23, 0x0e,
  0xf7, 0x27, 0x00, 0xf3, 0x27, 0x00, 0xff, 0x45, 0x07, 0xeb, 0x2b, 0x00,
  0xe8, 0x25, 0x09, 0xc6, 0x08, 0x00, 0xa7, 0x00, 0x00, 0x8e, 0x00, 0x00,
  0xa7, 0x00, 0x00, 0xd1, 0x0a, 0x04, 0xdb, 0x05, 0x04, 0xdc, 0x07, 0x00,
  0xd4, 0x0e, 0x00, 0xe5, 0x29, 0x00, 0xfc, 0x45, 0x05, 0xfd, 0x3f, 0x00,
  0xf3, 0x26, 0x00, 0xff, 0x31, 0x17, 0xff, 0x1d, 0x0f, 0xec, 0x05, 0x00,
  0xf0, 0x08, 0x06, 0xe2, 0x00, 0x00, 0xd7, 0x00, 0x00, 0xe5, 0x0a, 0x00,
  0xe0, 0x02, 0x00, 0xe0, 0x03, 0x02, 0xc7, 0x00, 0x00, 0xe1, 0x0a, 0x0c,
  0xe7, 0x09, 0x04, 0xea, 0x0a, 0x01, 0xdf, 0x05, 0x01, 0xcf, 0x00, 0x00,
  0xc8, 0x00, 0x00, 0xdc, 0x16, 0x00, 0xf7, 0x4b, 0x00, 0xff, 0x79, 0x11,
  0xff, 0x77, 0x15, 0xef, 0x48, 0x00, 0xff, 0x3d, 0x11, 0xd2, 0x0d, 0x00,
  0x9a, 0x00, 0x00, 0xa9, 0x02, 0x00, 0xce, 0x07, 0x00, 0xf6, 0x20, 0x10,
  0xfc, 0x24, 0x16, 0xda, 0x0a, 0x00, 0xbe, 0x00, 0x00, 0xb7, 0x00, 0x00,
  0xb5, 0x00, 0x00, 0xb8, 0x00, 0x00, 0xb6, 0x00, 0x00, 0xcf, 0x03, 0x0b,
  0xd6, 0x02, 0x01, 0xda, 0x07, 0x05, 0xcf, 0x04, 0x07, 0xc3, 0x00, 0x00,
  0xc3, 0x00, 0x00, 0xd0, 0x09, 0x01, 0xbc, 0x00, 0x00, 0xce, 0x05, 0x00,
  0xd4, 0x06, 0x00, 0xda, 0x0b, 0x00, 0xf4, 0x23, 0x08, 0xff, 0x32, 0x0c,
  0xff, 0x3e, 0x09, 0xff, 0x46, 0x03, 0xf6, 0x43, 0x00, 0xff, 0x5c, 0x18,
  0xff, 0x3a, 0x16, 0xcc, 0x0f, 0x00, 0xa1, 0x00, 0x00, 0x8c, 0x00, 0x00,
  0xad, 0x00, 0x00, 0xd1, 0x0c, 0x05, 0xe7, 0x07, 0x0a, 0xec, 0x07, 0x02,
  0xfd, 0x27, 0x0f, 0xff, 0x3c, 0x12, 0xff, 0x5b, 0x1b, 0xff, 0x43, 0x03,
  0xff, 0x36, 0x11, 0xeb, 0x0c, 0x00, 0xe9, 0x01, 0x00, 0xf2, 0x05, 0x05,
  0xef, 0x02, 0x05, 0xf2, 0x0a, 0x09, 0xe5, 0x05, 0x00, 0xd8, 0x00, 0x00,
  0xe3, 0x05, 0x00, 0xdd, 0x01, 0x00, 0xcd, 0x00, 0x00, 0xe0, 0x08, 0x04,
  0xe6, 0x07, 0x00, 0xff, 0x32, 0x1f, 0xff, 0x32, 0x22, 0xdd, 0x07, 0x00,
  0xd9, 0x00, 0x00, 0xdc, 0x0e, 0x00, 0xfa, 0x44, 0x00, 0xff, 0x5f, 0x01,
  0xec, 0x4b, 0x00, 0xf3, 0x47, 0x00, 0xf3, 0x25, 0x00, 0xe1, 0x10, 0x00,
  0xb8, 0x00, 0x00, 0xb9, 0x00, 0x00, 0xe7, 0x0b, 0x03, 0xf9, 0x19, 0x10,
  0xd5, 0x06, 0x01, 0xb4, 0x00, 0x00, 0xa1, 0x00, 0x00, 0xa3, 0x00, 0x00,
  0xb1, 0x00, 0x00, 0xb3, 0x00, 0x00, 0xae, 0x00, 0x00, 0xc9, 0x07, 0x0b,
  0xd6, 0x02, 0x01, 0xdc, 0x06, 0x05, 0xce, 0x05, 0x07, 0xc1, 0x00, 0x00,
  0xd2, 0x07, 0x07, 0xc9, 0x00, 0x00, 0xcd, 0x00, 0x00, 0xd7, 0x04, 0x00,
  0xe0, 0x0f, 0x00, 0xff, 0x35, 0x16, 0xff, 0x3f, 0x0e, 0xff, 0x55, 0x17,
  0xff, 0x4f, 0x0e, 0xff, 0x5b, 0x10, 0xff, 0x60, 0x08, 0xff, 0x61, 0x10,
  0xff, 0x51, 0x20, 0xcf, 0x14, 0x00, 0xae, 0x00, 0x00, 0xa7, 0x00, 0x00,
  0xb1, 0x01, 0x00, 0xbe, 0x00, 0x00, 0xd6, 0x02, 0x03, 0xd8, 0x00, 0x00,
  0xe2, 0x0d, 0x05, 0xec, 0x1b, 0x09, 0xe3, 0x12, 0x00, 0xf9, 0x23, 0x05,
  0xff, 0x28, 0x13, 0xec, 0x0a, 0x00, 0xee, 0x04, 0x01, 0xf3, 0x04, 0x05,
  0xf7, 0x08, 0x09, 0xff, 0x18, 0x10, 0xff, 0x21, 0x0d, 0xec, 0x10, 0x00,
  0xf9, 0x21, 0x11, 0xdc, 0x08, 0x00, 0xc7, 0x00, 0x00, 0xd4, 0x05, 0x00,
  0xf4, 0x1e, 0x02, 0xff, 0x3b, 0x1a, 0xff, 0x35, 0x15, 0xe1, 0x0c, 0x00,
  0xe4, 0x03, 0x01, 0xe5, 0x07, 0x00, 0xfa, 0x32, 0x00, 0xfe, 0x44, 0x00,
  0xf8, 0x46, 0x00, 0xff, 0x43, 0x0d, 0xfb, 0x1e, 0x02, 0xfb, 0x17, 0x0b,
  0xd6, 0x05, 0x03, 0xd0, 0x00, 0x00, 0xe7, 0x00, 0x00, 0xe7, 0x05, 0x09,
  0xc6, 0x08, 0x0d, 0xa3, 0x00, 0x03, 0x8d, 0x00, 0x00, 0x8c, 0x00, 0x00,
  0xa2, 0x03, 0x00, 0xa5, 0x04, 0x00, 0xa3, 0x00, 0x00, 0xc1, 0x0b, 0x0b,
  0xd4, 0x03, 0x01, 0xdf, 0x05, 0x01, 0xd2, 0x04, 0x00, 0xc8, 0x00, 0x00,
  0xd2, 0x01, 0x00, 0xda, 0x06, 0x07, 0xd1, 0x00, 0x00, 0xdc, 0x05, 0x00,
  0xe1, 0x12, 0x00, 0xff, 0x3c, 0x0c, 0xff, 0x5d, 0x14, 0xff, 0x5e, 0x0c,
  0xff, 0x5f, 0x0d, 0xff, 0x69, 0x11, 0xff, 0x65, 0x01, 0xff, 0x64, 0x09,
  0xff, 0x56, 0x1d, 0xd3, 0x12, 0x00, 0xc2, 0x01, 0x00, 0xcb, 0x0b, 0x01,
  0xc4, 0x0d, 0x00, 0xbf, 0x03, 0x00, 0xd6, 0x0a, 0x03, 0xd4, 0x05, 0x04,
  0xc0, 0x00, 0x00, 0xd0, 0x04, 0x00, 0xdd, 0x04, 0x00, 0xe9, 0x0d, 0x00,
  0xe2, 0x07, 0x00, 0xe7, 0x06, 0x00, 0xe4, 0x00, 0x00, 0xee, 0x01, 0x02,
  0xea, 0x00, 0x00, 0xfe, 0x17, 0x0e, 0xff, 0x22, 0x0e, 0xf4, 0x1c, 0x01,
  0xff, 0x34, 0x1a, 0xde, 0x0d, 0x00, 0xc8, 0x00, 0x00, 0xd0, 0x06, 0x00,
  0xf4, 0x20, 0x03, 0xff, 0x39, 0x16, 0xff, 0x3a, 0x14, 0xed, 0x1e, 0x00,
  0xdc, 0x00, 0x00, 0xe8, 0x0c, 0x00, 0xf1, 0x23, 0x00, 0xff, 0x3e, 0x00,
  0xff, 0x59, 0x18, 0xf3, 0x31, 0x00, 0xf9, 0x1b, 0x04, 0xef, 0x0c, 0x05,
  0xc6, 0x00, 0x00, 0xcd, 0x00, 0x00, 0xdd, 0x00, 0x00, 0xe5, 0x0f, 0x13,
  0xa1, 0x00, 0x05, 0x7d, 0x00, 0x00, 0x71, 0x00, 0x00, 0x75, 0x06, 0x00,
  0x81, 0x04, 0x00, 0x7d, 0x00, 0x00, 0x94, 0x03, 0x00, 0xa9, 0x02, 0x00,
  0xcc, 0x00, 0x00, 0xe6, 0x08, 0x01, 0xf6, 0x18, 0x06, 0xe5, 0x07, 0x00,
  0xe4, 0x0b, 0x02, 0xda, 0x00, 0x00, 0xde, 0x00, 0x00, 0xe5, 0x0b, 0x00,
  0xf0, 0x28, 0x00, 0xff, 0x5c, 0x14, 0xfe, 0x61, 0x09, 0xfd, 0x69, 0x07,
  0xff, 0x68, 0x05, 0xff, 0x65, 0x00, 0xff, 0x6f, 0x00, 0xff, 0x61, 0x00,
  0xff, 0x47, 0x0b, 0xdd, 0x0f, 0x00, 0xec, 0x10, 0x00, 0xe5, 0x0c, 0x00,
  0xe8, 0x22, 0x00, 0xe7, 0x27, 0x01, 0xe0, 0x18, 0x07, 0xcb, 0x06, 0x00,
  0xa8, 0x00, 0x00, 0xbe, 0x02, 0x00, 0xc1, 0x00, 0x00, 0xd6, 0x00, 0x00,
  0xe0, 0x0c, 0x00, 0xe2, 0x09, 0x00, 0xeb, 0x0a, 0x00, 0xd0, 0x00, 0x00,
  0xeb, 0x04, 0x07, 0xdc, 0x00, 0x00, 0xe3, 0x07, 0x00, 0xfe, 0x25, 0x0a,
  0xff, 0x39, 0x16, 0xef, 0x1d, 0x00, 0xd7, 0x0b, 0x02, 0xd3, 0x07, 0x01,
  0xf8, 0x1e, 0x0c, 0xff, 0x34, 0x19, 0xff, 0x47, 0x26, 0xf5, 0x2c, 0x09,
  0xd5, 0x08, 0x00, 0xe9, 0x1d, 0x00, 0xeb, 0x26, 0x00, 0xff, 0x50, 0x05,
  0xff, 0x46, 0x02, 0xf0, 0x2d, 0x00, 0xce, 0x00, 0x00, 0xd1, 0x05, 0x01,
  0xba, 0x00, 0x00, 0xc0, 0x02, 0x00, 0xd3, 0x00, 0x00, 0xc9, 0x08, 0x05,
  0x7a, 0x00, 0x00, 0x51, 0x00, 0x00, 0x47, 0x00, 0x00, 0x4c, 0x04, 0x00,
  0x79, 0x0a, 0x00, 0x80, 0x08, 0x00, 0x8c, 0x00, 0x00, 0x97, 0x00, 0x00,
  0xd1, 0x05, 0x00, 0xfd, 0x1e, 0x11, 0xf9, 0x15, 0x00, 0xff, 0x1d, 0x04,
  0xe4, 0x04, 0x00, 0xd5, 0x00, 0x00, 0xd8, 0x00, 0x00, 0xe4, 0x0a, 0x00,
  0xec, 0x25, 0x00, 0xff, 0x5f, 0x12, 0xff, 0x7b, 0x1b, 0xfd, 0x74, 0x07,
  0xff, 0x71, 0x00, 0xff, 0x71, 0x00, 0xff, 0x7d, 0x04, 0xff, 0x72, 0x0d,
  0xff, 0x41, 0x04, 0xe7, 0x15, 0x00, 0xee, 0x13, 0x00, 0xff, 0x48, 0x1c,
  0xff, 0x56, 0x1a, 0xf2, 0x39, 0x01, 0xd4, 0x1b, 0x00, 0xc8, 0x11, 0x00,
  0xb4, 0x01, 0x00, 0xb5, 0x00, 0x00, 0xcb, 0x00, 0x00, 0xf5, 0x20, 0x00,
  0xfa, 0x27, 0x00, 0xff, 0x30, 0x01, 0xf3, 0x1a, 0x02, 0xfa, 0x1f, 0x13,
  0xe0, 0x04, 0x00, 0xcc, 0x00, 0x00, 0xd6, 0x00, 0x00, 0xfa, 0x23, 0x0a,
  0xff, 0x36, 0x11, 0xee, 0x1b, 0x00, 0xd4, 0x09, 0x00, 0xd2, 0x04, 0x01,
  0xf6, 0x19, 0x0b, 0xff, 0x24, 0x0d, 0xff, 0x48, 0x2b, 0xeb, 0x21, 0x00,
  0xed, 0x25, 0x04, 0xef, 0x29, 0x00, 0xf5, 0x32, 0x00, 0xff, 0x60, 0x19,
  0xff, 0x59, 0x19, 0xff, 0x40, 0x13, 0xd4, 0x0a, 0x00, 0xc1, 0x00, 0x00,
  0xa3, 0x00, 0x00, 0xb1, 0x06, 0x00, 0xd6, 0x0f, 0x05, 0xcf, 0x18, 0x11,
  0x8b, 0x10, 0x0e, 0x5b, 0x05, 0x00, 0x44, 0x00, 0x00, 0x3f, 0x00, 0x00,
  0x7c, 0x02, 0x00, 0x84, 0x00, 0x00, 0x93, 0x00, 0x00, 0xb9, 0x04, 0x00,
  0xf1, 0x22, 0x14, 0xfd, 0x21, 0x0c, 0xfd, 0x21, 0x03, 0xf9, 0x1a, 0x00,
  0xff, 0x20, 0x15, 0xe1, 0x02, 0x00, 0xd3, 0x00, 0x00, 0xda, 0x03, 0x00,
  0xe0, 0x12, 0x00, 0xff, 0x59, 0x18, 0xff, 0x64, 0x02, 0xf6, 0x6c, 0x00,
  0xf4, 0x6c, 0x00, 0xf8, 0x71, 0x00, 0xff, 0x81, 0x09, 0xff, 0x77, 0x14,
  0xff, 0x3f, 0x03, 0xd3, 0x04, 0x00, 0xfb, 0x3c, 0x04, 0xff, 0x62, 0x1d,
  0xff, 0x5b, 0x0e, 0xf6, 0x4d, 0x00, 0xe9, 0x48, 0x08, 0xf2, 0x4b, 0x16,
  0xc8, 0x0d, 0x00, 0xdc, 0x10, 0x00, 0xf8, 0x1e, 0x00, 0xf9, 0x1c, 0x00,
  0xf2, 0x1e, 0x00, 0xff, 0x56, 0x23, 0xff, 0x48, 0x24, 0xfa, 0x2a, 0x11,
  0xe5, 0x14, 0x02, 0xc3, 0x00, 0x00, 0xce, 0x00, 0x00, 0xf5, 0x1f, 0x05,
  0xff, 0x31, 0x11, 0xe9, 0x16, 0x00, 0xd0, 0x05, 0x00, 0xce, 0x00, 0x00,
  0xe1, 0x05, 0x00, 0xff, 0x35, 0x1c, 0xf4, 0x23, 0x08, 0xec, 0x22, 0x04,
  0xdb, 0x0f, 0x00, 0xfd, 0x30, 0x0a, 0xff, 0x3a, 0x04, 0xfb, 0x31, 0x00,
  0xff, 0x4f, 0x1b, 0xff, 0x42, 0x1f, 0xdf, 0x0d, 0x04, 0xbb, 0x00, 0x00,
  0x91, 0x00, 0x00, 0x9c, 0x04, 0x00, 0xc3, 0x08, 0x00, 0xd0, 0x13, 0x13,
  0xa1, 0x0a, 0x0e, 0x78, 0x00, 0x00, 0x5a, 0x00, 0x00, 0x54, 0x00, 0x00,
  0x87, 0x00, 0x00, 0x9d, 0x06, 0x00, 0xac, 0x00, 0x00, 0xc8, 0x07, 0x00,
  0xf3, 0x22, 0x0e, 0xf8, 0x20, 0x02, 0xfb, 0x24, 0x02, 0xfd, 0x21, 0x05,
  0xfd, 0x1b, 0x0e, 0xdb, 0x00, 0x00, 0xc7, 0x00, 0x00, 0xd4, 0x01, 0x00,
  0xf7, 0x23, 0x0b, 0xff, 0x50, 0x1c, 0xff, 0x64, 0x09, 0xfb, 0x6b, 0x00,
  0xf2, 0x6a, 0x00, 0xf9, 0x73, 0x01, 0xff, 0x87, 0x1b, 0xff, 0x80, 0x28,
  0xec, 0x2a, 0x00, 0xe0, 0x18, 0x00, 0xe8, 0x38, 0x00, 0xfd, 0x58, 0x07,
  0xff, 0x5e, 0x07, 0xff, 0x6a, 0x11, 0xff, 0x6b, 0x17, 0xfa, 0x5b, 0x13,
  0xff, 0x42, 0x0d, 0xe8, 0x15, 0x00, 0xff, 0x20, 0x00, 0xfc, 0x1d, 0x00,
  0xf8, 0x21, 0x00, 0xff, 0x3d, 0x08, 0xff, 0x55, 0x26, 0xf5, 0x34, 0x0a,
  0xe8, 0x26, 0x03, 0xcf, 0x06, 0x00, 0xcf, 0x00, 0x00, 0xf2, 0x1b, 0x04,
  0xff, 0x2c, 0x11, 0xe6, 0x11, 0x00, 0xcc, 0x01, 0x00, 0xca, 0x00, 0x00,
  0xdc, 0x02, 0x00, 0xff, 0x25, 0x09, 0xf4, 0x22, 0x0c, 0xe2, 0x14, 0x00,
  0xfb, 0x2a, 0x0f, 0xff, 0x38, 0x18, 0xff, 0x33, 0x07, 0xff, 0x30, 0x03,
  0xff, 0x2e, 0x08, 0xff, 0x33, 0x19, 0xe3, 0x09, 0x05, 0xbb, 0x00, 0x00,
  0x87, 0x00, 0x00, 0x8b, 0x03, 0x00, 0xb0, 0x05, 0x01, 0xc2, 0x0d, 0x0f,
  0xa5, 0x00, 0x03, 0x8b, 0x00, 0x00, 0x77, 0x00, 0x00, 0x76, 0x09, 0x00,
  0xac, 0x04, 0x00, 0xad, 0x00, 0x00, 0xbc, 0x00, 0x00, 0xd7, 0x0b, 0x02,
  0xf1, 0x25, 0x06, 0xf2, 0x23, 0x00, 0xfa, 0x25, 0x02, 0xff, 0x3a, 0x20,
  0xff, 0x19, 0x0b, 0xea, 0x07, 0x02, 0xc8, 0x00, 0x00, 0xce, 0x00, 0x00,
  0xe7, 0x0c, 0x00, 0xfa, 0x2a, 0x07, 0xff, 0x58, 0x10, 0xfc, 0x61, 0x04,
  0xfd, 0x6b, 0x0b, 0xff, 0x7e, 0x21, 0xff, 0x77, 0x25, 0xf6, 0x4c, 0x0f,
  0xce, 0x10, 0x00, 0xc7, 0x09, 0x00, 0xde, 0x34, 0x00, 0xfc, 0x5c, 0x09,
  0xf3, 0x4d, 0x00, 0xfd, 0x5d, 0x01, 0xfb, 0x68, 0x0a, 0xfa, 0x5d, 0x07,
  0xff, 0x54, 0x10, 0xff, 0x38, 0x02, 0xfe, 0x1f, 0x00, 0xf4, 0x15, 0x00,
  0xfd, 0x26, 0x00, 0xff, 0x3b, 0x02, 0xff, 0x54, 0x18, 0xec, 0x3b, 0x00,
  0xf6, 0x44, 0x0e, 0xcd, 0x10, 0x00, 0xe8, 0x19, 0x00, 0xfb, 0x24, 0x0f,
  0xff, 0x35, 0x1f, 0xdb, 0x06, 0x00, 0xc9, 0x00, 0x00, 0xd9, 0x0d, 0x00,
  0xe7, 0x0d, 0x00, 0xdb, 0x00, 0x00, 0xe2, 0x0f, 0x00, 0xcc, 0x00, 0x00,
  0xec, 0x13, 0x00, 0xff, 0x37, 0x1b, 0xff, 0x37, 0x19, 0xf0, 0x13, 0x00,
  0xeb, 0x0d, 0x00, 0xe5, 0x05, 0x00, 0xde, 0x00, 0x00, 0xc5, 0x00, 0x02,
  0x82, 0x00, 0x00, 0x76, 0x00, 0x00, 0x85, 0x00, 0x00, 0x90, 0x00, 0x00,
  0xb5, 0x0d, 0x0a, 0xa7, 0x04, 0x00, 0x89, 0x00, 0x00, 0x78, 0x00, 0x00,
  0xc3, 0x01, 0x03, 0xce, 0x08, 0x09, 0xcd, 0x00, 0x01, 0xee, 0x1e, 0x12,
  0xff, 0x3e, 0x14, 0xff, 0x3e, 0x0c, 0xf6, 0x22, 0x00, 0xff, 0x31, 0x18,
  0xfe, 0x18, 0x08, 0xff, 0x1d, 0x11, 0xda, 0x04, 0x00, 0xd7, 0x05, 0x00,
  0xd8, 0x01, 0x00, 0xe1, 0x11, 0x00, 0xfe, 0x41, 0x0c, 0xff, 0x5c, 0x17,
  0xfc, 0x58, 0x12, 0xfe, 0x5a, 0x19, 0xf7, 0x47, 0x15, 0xe7, 0x30, 0x0e,
  0xbb, 0x03, 0x00, 0xb2, 0x00, 0x00, 0xd2, 0x25, 0x00, 0xf7, 0x4a, 0x01,
  0xfd, 0x4f, 0x01, 0xf4, 0x4c, 0x00, 0xf2, 0x56, 0x00, 0xff, 0x64, 0x08,
  0xff, 0x60, 0x12, 0xff, 0x3b, 0x00, 0xf7, 0x1f, 0x00, 0xff, 0x21, 0x00,
  0xfd, 0x28, 0x00, 0xff, 0x4d, 0x10, 0xff, 0x52, 0x09, 0xfc, 0x59, 0x0c,
  0xea, 0x46, 0x00, 0xe9, 0x37, 0x02, 0xdd, 0x13, 0x00, 0xf2, 0x1a, 0x06,
  0xe7, 0x0c, 0x00, 0xdd, 0x08, 0x00, 0xcb, 0x01, 0x00, 0xcf, 0x04, 0x00,
  0xf4, 0x1b, 0x00, 0xfd, 0x22, 0x00, 0xd3, 0x00, 0x00, 0xc5, 0x00, 0x00,
  0xec, 0x0e, 0x00, 0xff, 0x29, 0x13, 0xff, 0x28, 0x15, 0xef, 0x0c, 0x00,
  0xe8, 0x03, 0x00, 0xe6, 0x00, 0x00, 0xe4, 0x00, 0x04, 0xd3, 0x00, 0x0a,
  0x9e, 0x00, 0x00, 0x8c, 0x00, 0x00, 0x88, 0x00, 0x02, 0x8f, 0x00, 0x00,
  0xc1, 0x0b, 0x09, 0xbd, 0x04, 0x00, 0xa7, 0x02, 0x00, 0x98, 0x00, 0x00,
  0xde, 0x02, 0x0a, 0xdd, 0x04, 0x0b, 0xca, 0x00, 0x00, 0xdc, 0x0d, 0x00,
  0xff, 0x50, 0x1c, 0xff, 0x40, 0x03, 0xfa, 0x23, 0x00, 0xf9, 0x16, 0x00,
  0xff, 0x21, 0x0a, 0xff, 0x2f, 0x1b, 0xeb, 0x01, 0x00, 0xe2, 0x01, 0x00,
  0xc8, 0x02, 0x00, 0xc2, 0x03, 0x00, 0xdc, 0x11, 0x00, 0xeb, 0x21, 0x00,
  0xed, 0x2d, 0x07, 0xea, 0x29, 0x0b, 0xe9, 0x19, 0x0e, 0xdd, 0x12, 0x15,
  0xab, 0x00, 0x01, 0xa2, 0x00, 0x00, 0xd7, 0x16, 0x00, 0xff, 0x39, 0x04,
  0xff, 0x42, 0x05, 0xf6, 0x40, 0x00, 0xfb, 0x48, 0x00, 0xff, 0x5a, 0x04,
  0xff, 0x61, 0x12, 0xff, 0x4c, 0x0d, 0xf7, 0x2b, 0x07, 0xff, 0x29, 0x0b,
  0xfa, 0x27, 0x00, 0xff, 0x45, 0x05, 0xf8, 0x52, 0x00, 0xff, 0x6c, 0x12,
  0xf3, 0x5b, 0x08, 0xee, 0x45, 0x03, 0xf1, 0x2a, 0x07, 0xda, 0x03, 0x00,
  0xff, 0x26, 0x17, 0xe7, 0x11, 0x03, 0xb6, 0x00, 0x00, 0xcb, 0x01, 0x00,
  0xff, 0x2b, 0x00, 0xff, 0x37, 0x12, 0xdc, 0x08, 0x00, 0xc3, 0x00, 0x00,
  0xe8, 0x07, 0x00, 0xfc, 0x14, 0x03, 0xfc, 0x13, 0x09, 0xed, 0x03, 0x00,
  0xe3, 0x00, 0x00, 0xe6, 0x00, 0x03, 0xe9, 0x00, 0x08, 0xe7, 0x00, 0x11,
  0xd2, 0x00, 0x11, 0xbb, 0x00, 0x14, 0x9d, 0x00, 0x10, 0x9c, 0x00, 0x02,
  0xd4, 0x09, 0x09, 0xdb, 0x04, 0x00, 0xcf, 0x05, 0x03, 0xc8, 0x04, 0x04,
  0xe5, 0x00, 0x0b, 0xdb, 0x00, 0x02, 0xd1, 0x00, 0x00, 0xda, 0x11, 0x03,
  0xff, 0x41, 0x12, 0xfe, 0x3a, 0x06, 0xec, 0x0e, 0x00, 0xeb, 0x04, 0x00,
  0xfd, 0x1c, 0x0a, 0xee, 0x0b, 0x00, 0xff, 0x1a, 0x08, 0xeb, 0x0a, 0x00,
  0xb5, 0x00, 0x00, 0xb4, 0x00, 0x00, 0xd1, 0x07, 0x00, 0xdb, 0x07, 0x00,
  0xdf, 0x13, 0x03, 0xd4, 0x09, 0x00, 0xcc, 0x00, 0x05, 0xc1, 0x00, 0x0f,
  0x9a, 0x00, 0x00, 0xa0, 0x00, 0x00, 0xd1, 0x05, 0x00, 0xfc, 0x28, 0x02,
  0xf8, 0x30, 0x02, 0xff, 0x41, 0x0a, 0xff, 0x47, 0x06, 0xff, 0x43, 0x00,
  0xfb, 0x51, 0x06, 0xff, 0x59, 0x18, 0xff, 0x4a, 0x1d, 0xf7, 0x2e, 0x04,
  0xf7, 0x29, 0x00, 0xee, 0x2f, 0x00, 0xfe, 0x5e, 0x00, 0xff, 0x6e, 0x09,
  0xfc, 0x68, 0x0a, 0xff, 0x61, 0x18, 0xef, 0x24, 0x00, 0xe5, 0x07, 0x00,
  0xee, 0x09, 0x02, 0xff, 0x1f, 0x19, 0xcf, 0x00, 0x00, 0xd3, 0x04, 0x00,
  0xff, 0x36, 0x0f, 0xfa, 0x23, 0x00, 0xf4, 0x21, 0x10, 0xdc, 0x06, 0x00,
  0xe4, 0x03, 0x00, 0xee, 0x09, 0x00, 0xed, 0x08, 0x00, 0xe3, 0x02, 0x00,
  0xd7, 0x00, 0x00, 0xdb, 0x00, 0x06, 0xe3, 0x02, 0x0f, 0xeb, 0x07, 0x18,
  0xed, 0x03, 0x19, 0xd8, 0x00, 0x16, 0xb4, 0x00, 0x0e, 0xac, 0x00, 0x00,
  0xe1, 0x07, 0x08, 0xeb, 0x05, 0x01, 0xe8, 0x09, 0x09, 0xe6, 0x0b, 0x0c,
  0xe5, 0x02, 0x0b, 0xd5, 0x00, 0x02, 0xbb, 0x00, 0x00, 0xc8, 0x08, 0x00,
  0xf2, 0x27, 0x0e, 0xf7, 0x1c, 0x02, 0xec, 0x01, 0x00, 0xf3, 0x02, 0x00,
  0xf2, 0x06, 0x01, 0xff, 0x19, 0x13, 0xf0, 0x0e, 0x04, 0xd3, 0x01, 0x00,
  0xb2, 0x00, 0x00, 0xac, 0x00, 0x00, 0xb6, 0x00, 0x00, 0xc7, 0x00, 0x00,
  0xda, 0x09, 0x06, 0xd4, 0x10, 0x10, 0xad, 0x09, 0x0a, 0x8e, 0x00, 0x00,
  0x98, 0x00, 0x00, 0xd1, 0x10, 0x16, 0xd8, 0x04, 0x00, 0xf2, 0x1b, 0x04,
  0xf8, 0x2e, 0x0e, 0xff, 0x35, 0x0f, 0xf9, 0x1e, 0x00, 0xff, 0x3e, 0x0d,
  0xff, 0x50, 0x11, 0xff, 0x56, 0x11, 0xf8, 0x49, 0x05, 0xe9, 0x33, 0x00,
  0xe9, 0x28, 0x00, 0xfd, 0x44, 0x00, 0xff, 0x63, 0x00, 0xfa, 0x69, 0x00,
  0xff, 0x67, 0x06, 0xff, 0x5d, 0x0f, 0xff, 0x33, 0x03, 0xf4, 0x09, 0x00,
  0xea, 0x00, 0x00, 0xee, 0x00, 0x00, 0xea, 0x02, 0x00, 0xe8, 0x0d, 0x00,
  0xff, 0x3c, 0x21, 0xff, 0x31, 0x12, 0xff, 0x4e, 0x31, 0xf9, 0x22, 0x09,
  0xe6, 0x08, 0x00, 0xed, 0x0e, 0x00, 0xdf, 0x0b, 0x00, 0xc8, 0x00, 0x00,
  0xc0, 0x00, 0x00, 0xb6, 0x00, 0x00, 0xd2, 0x0a, 0x15, 0xd0, 0x00, 0x0a,
  0xe7, 0x09, 0x0d, 0xec, 0x0c, 0x0d, 0xd4, 0x01, 0x00, 0xbe, 0x00, 0x00,
  0xdf, 0x00, 0x00, 0xe3, 0x01, 0x00, 0xde, 0x00, 0x00, 0xe9, 0x08, 0x02,
  0xe2, 0x08, 0x12, 0xd3, 0x07, 0x0c, 0xa1, 0x00, 0x00, 0xb2, 0x00, 0x00,
  0xf5, 0x23, 0x18, 0xf0, 0x07, 0x00, 0xfd, 0x0b, 0x06, 0xff, 0x13, 0x15,
  0xee, 0x01, 0x04, 0xef, 0x0b, 0x0d, 0xdd, 0x06, 0x00, 0xc8, 0x00, 0x00,
  0xb5, 0x00, 0x00, 0xb4, 0x01, 0x00, 0xcb, 0x0c, 0x00, 0xca, 0x00, 0x00,
  0xd9, 0x00, 0x03, 0xc1, 0x00, 0x05, 0x85, 0x00, 0x00, 0x6c, 0x00, 0x00,
  0xa8, 0x00, 0x00, 0xe6, 0x17, 0x16, 0xe0, 0x09, 0x00, 0xf4, 0x1e, 0x0b,
  0xff, 0x3e, 0x20, 0xf0, 0x22, 0x01, 0xf0, 0x0c, 0x00, 0xe7, 0x09, 0x00,
  0xff, 0x40, 0x06, 0xf2, 0x40, 0x00, 0xf6, 0x4a, 0x00, 0xff, 0x5a, 0x0a,
  0xec, 0x35, 0x00, 0xfe, 0x4d, 0x00, 0xfd, 0x66, 0x00, 0xf8, 0x68, 0x00,
  0xff, 0x67, 0x06, 0xff, 0x5d, 0x0f, 0xff, 0x33, 0x01, 0xf6, 0x08, 0x00,
  0xf3, 0x00, 0x00, 0xf4, 0x00, 0x05, 0xeb, 0x00, 0x04, 0xe3, 0x05, 0x00,
  0xf4, 0x21, 0x10, 0xee, 0x1e, 0x07, 0xff, 0x30, 0x14, 0xe5, 0x0c, 0x00,
  0xe0, 0x04, 0x00, 0xe4, 0x0b, 0x00, 0xd3, 0x0a, 0x00, 0xba, 0x00, 0x00,
  0xb4, 0x01, 0x00, 0xb2, 0x00, 0x00, 0xc5, 0x09, 0x10, 0xce, 0x04, 0x0b,
  0xe3, 0x09, 0x05, 0xea, 0x08, 0x00, 0xe4, 0x02, 0x00, 0xda, 0x00, 0x00,
  0xe2, 0x00, 0x00, 0xe1, 0x00, 0x00, 0xe1, 0x00, 0x00, 0xe8, 0x06, 0x00,
  0xd0, 0x03, 0x14, 0xb6, 0x00, 0x05, 0x98, 0x00, 0x00, 0xa4, 0x01, 0x00,
  0xde, 0x0b, 0x05, 0xff, 0x18, 0x12, 0xfe, 0x06, 0x06, 0xff, 0x11, 0x16,
  0xe9, 0x04, 0x0d, 0xd8, 0x00, 0x04, 0xcd, 0x00, 0x00, 0xbf, 0x00, 0x00,
  0xbe, 0x00, 0x00, 0xd1, 0x0c, 0x03, 0xd6, 0x0a, 0x00, 0xe2, 0x0d, 0x00,
  0xe9, 0x05, 0x05, 0xba, 0x00, 0x00, 0x69, 0x00, 0x00, 0x5b, 0x00, 0x00,
  0xc2, 0x09, 0x00, 0xff, 0x25, 0x15, 0xe8, 0x13, 0x00, 0xf2, 0x25, 0x0b,
  0xff, 0x3a, 0x16, 0xff, 0x43, 0x1b, 0xf3, 0x1a, 0x00, 0xff, 0x3a, 0x0f,
  0xff, 0x42, 0x0c, 0xf8, 0x3e, 0x00, 0xf8, 0x46, 0x02, 0xff, 0x55, 0x0c,
  0xf4, 0x46, 0x00, 0xff, 0x5a, 0x02, 0xfd, 0x6a, 0x05, 0xf4, 0x68, 0x01,
  0xfc, 0x68, 0x0a, 0xff, 0x5e, 0x13, 0xfe, 0x36, 0x05, 0xec, 0x0c, 0x00,
  0xf2, 0x00, 0x02, 0xef, 0x00, 0x08, 0xe1, 0x00, 0x01, 0xd8, 0x00, 0x00,
  0xeb, 0x17, 0x0c, 0xf1, 0x1d, 0x0e, 0xfb, 0x1e, 0x10, 0xe5, 0x06, 0x00,
  0xda, 0x00, 0x00, 0xd9, 0x07, 0x00, 0xc7, 0x07, 0x00, 0xb1, 0x00, 0x00,
  0xb3, 0x00, 0x00, 0xbf, 0x05, 0x02, 0xc0, 0x01, 0x04, 0xd3, 0x08, 0x0a,
  0xdf, 0x06, 0x00, 0xe4, 0x02, 0x00, 0xea, 0x08, 0x00, 0xf5, 0x13, 0x08,
  0xec, 0x0a, 0x00, 0xe3, 0x01, 0x00, 0xe3, 0x01, 0x00, 0xe5, 0x03, 0x00,
  0xd1, 0x07, 0x1b, 0xba, 0x01, 0x10, 0x84, 0x00, 0x00, 0x97, 0x00, 0x00,
  0xd7, 0x03, 0x02, 0xf2, 0x03, 0x02, 0xf4, 0x02, 0x04, 0xec, 0x03, 0x07,
  0xd4, 0x00, 0x08, 0xc9, 0x00, 0x00, 0xd8, 0x08, 0x00, 0xd4, 0x05, 0x00,
  0xd3, 0x03, 0x00, 0xd3, 0x02, 0x00, 0xe4, 0x10, 0x00, 0xf4, 0x17, 0x07,
  0xf9, 0x16, 0x13, 0xbd, 0x00, 0x01, 0x6d, 0x00, 0x00, 0x65, 0x00, 0x00,
  0xd3, 0x17, 0x02, 0xff, 0x31, 0x12, 0xec, 0x1b, 0x00, 0xf3, 0x2c, 0x06,
  0xff, 0x47, 0x17, 0xff, 0x3e, 0x0d, 0xff, 0x30, 0x02, 0xff, 0x3c, 0x0f,
  0xe8, 0x1d, 0x00, 0xff, 0x3b, 0x05, 0xff, 0x58, 0x1b, 0xff, 0x61, 0x1f,
  0xfc, 0x4f, 0x07, 0xff, 0x60, 0x0f, 0xff, 0x69, 0x0b, 0xf6, 0x62, 0x02,
  0xff, 0x64, 0x0e, 0xff, 0x5c, 0x17, 0xfc, 0x36, 0x0b, 0xe6, 0x0f, 0x00,
  0xec, 0x09, 0x08, 0xe5, 0x03, 0x08, 0xd2, 0x00, 0x00, 0xc5, 0x00, 0x00,
  0xc4, 0x04, 0x00, 0xd3, 0x10, 0x07, 0xd2, 0x07, 0x00, 0xc8, 0x00, 0x00,
  0xd0, 0x00, 0x00, 0xd1, 0x05, 0x00, 0xbd, 0x06, 0x00, 0xa9, 0x00, 0x00,
  0xb5, 0x00, 0x00, 0xc9, 0x08, 0x05, 0xc0, 0x00, 0x00, 0xd6, 0x09, 0x07,
  0xde, 0x03, 0x00, 0xe0, 0x00, 0x00, 0xef, 0x0d, 0x03, 0xff, 0x26, 0x1c,
  0xff, 0x23, 0x19, 0xe2, 0x00, 0x00, 0xdd, 0x00, 0x00, 0xe3, 0x01, 0x00,
  0xd0, 0x05, 0x15, 0xb5, 0x00, 0x06, 0x88, 0x00, 0x00, 0xb0, 0x04, 0x07,
  0xe1, 0x07, 0x08, 0xef, 0x03, 0x03, 0xee, 0x08, 0x08, 0xd8, 0x02, 0x04,
  0xb9, 0x00, 0x00, 0xb6, 0x00, 0x00, 0xe4, 0x09, 0x00, 0xeb, 0x05, 0x00,
  0xe9, 0x0c, 0x00, 0xe2, 0x07, 0x00, 0xf8, 0x1a, 0x05, 0xf7, 0x1d, 0x0b,
  0xe8, 0x18, 0x10, 0xac, 0x00, 0x00, 0x7c, 0x00, 0x00, 0x9b, 0x04, 0x0a,
  0xdd, 0x23, 0x07, 0xff, 0x42, 0x12, 0xff, 0x3b, 0x0b, 0xf1, 0x2f, 0x00,
  0xf6, 0x3e, 0x04, 0xf7, 0x40, 0x03, 0xff, 0x3e, 0x07, 0xff, 0x3c, 0x0a,
  0xff, 0x36, 0x09, 0xed, 0x1f, 0x00, 0xf5, 0x32, 0x02, 0xff, 0x65, 0x2e,
  0xfd, 0x4f, 0x0e, 0xff, 0x5a, 0x11, 0xff, 0x69, 0x14, 0xff, 0x67, 0x13,
  0xff, 0x53, 0x09, 0xfe, 0x46, 0x0c, 0xf4, 0x2b, 0x08, 0xe1, 0x11, 0x00,
  0xd4, 0x06, 0x00, 0xda, 0x17, 0x12, 0xc1, 0x11, 0x06, 0x99, 0x00, 0x00,
  0x9a, 0x00, 0x00, 0xa2, 0x09, 0x00, 0xa7, 0x07, 0x00, 0xac, 0x00, 0x00,
  0xd0, 0x07, 0x09, 0xb5, 0x00, 0x00, 0x9d, 0x00, 0x00, 0xaf, 0x04, 0x00,
  0xcf, 0x0e, 0x06, 0xca, 0x00, 0x00, 0xc5, 0x00, 0x00, 0xce, 0x00, 0x00,
  0xcb, 0x00, 0x00, 0xe5, 0x03, 0x00, 0xee, 0x0c, 0x01, 0xff, 0x37, 0x2c,
  0xff, 0x26, 0x1c, 0xff, 0x1d, 0x13, 0xff, 0x2d, 0x23, 0xdc, 0x00, 0x00,
  0xd9, 0x04, 0x0c, 0xc6, 0x00, 0x03, 0xa6, 0x00, 0x00, 0xc3, 0x03, 0x06,
  0xe0, 0x00, 0x00, 0xfb, 0x13, 0x14, 0xda, 0x07, 0x05, 0xb8, 0x00, 0x00,
  0x9d, 0x00, 0x00, 0xbe, 0x00, 0x00, 0xe7, 0x0b, 0x00, 0xff, 0x1a, 0x04,
  0xe5, 0x05, 0x00, 0xe9, 0x0a, 0x00, 0xff, 0x1b, 0x0c, 0xf7, 0x1c, 0x0f,
  0xd7, 0x17, 0x0f, 0x97, 0x00, 0x00, 0x8f, 0x00, 0x00, 0xc7, 0x14, 0x1c,
  0xff, 0x40, 0x22, 0xff, 0x3d, 0x07, 0xfb, 0x3d, 0x00, 0xfd, 0x44, 0x00,
  0xeb, 0x3a, 0x00, 0xf1, 0x3f, 0x00, 0xff, 0x45, 0x07, 0xff, 0x47, 0x12,
  0xfc, 0x24, 0x00, 0xe5, 0x0c, 0x00, 0xe0, 0x18, 0x00, 0xf9, 0x3b, 0x0e,
  0xff, 0x58, 0x21, 0xff, 0x52, 0x11, 0xff, 0x4e, 0x06, 0xff, 0x5f, 0x18,
  0xff, 0x44, 0x07, 0xf6, 0x2c, 0x00, 0xef, 0x1b, 0x01, 0xe3, 0x0d, 0x01,
  0xc8, 0x00, 0x00, 0xc9, 0x0e, 0x04, 0xae, 0x09, 0x00, 0x84, 0x00, 0x00,
  0x80, 0x00, 0x00, 0x7c, 0x00, 0x00, 0x7c, 0x00, 0x00, 0x8e, 0x00, 0x00,
  0xc8, 0x0a, 0x11, 0xb2, 0x00, 0x00, 0x99, 0x00, 0x00, 0xaa, 0x06, 0x00,
  0xcf, 0x07, 0x02, 0xd5, 0x00, 0x00, 0xd2, 0x00, 0x00, 0xd5, 0x01, 0x00,
  0xd9, 0x00, 0x00, 0xe4, 0x02, 0x00, 0xef, 0x0d, 0x03, 0xff, 0x2a, 0x20,
  0xff, 0x2f, 0x24, 0xf7, 0x15, 0x0b, 0xfe, 0x1c, 0x12, 0xe4, 0x02, 0x00,
  0xe5, 0x03, 0x00, 0xde, 0x00, 0x00, 0xd3, 0x00, 0x00, 0xdc, 0x00, 0x03,
  0xef, 0x04, 0x04, 0xe9, 0x07, 0x06, 0xba, 0x00, 0x00, 0xad, 0x00, 0x00,
  0xb5, 0x00, 0x00, 0xdd, 0x15, 0x07, 0xf8, 0x25, 0x06, 0xfc, 0x22, 0x01,
  0xfb, 0x1f, 0x08, 0xfa, 0x19, 0x0a, 0xed, 0x01, 0x00, 0xe4, 0x08, 0x05,
  0xae, 0x00, 0x00, 0x9d, 0x00, 0x00, 0xb7, 0x00, 0x07, 0xd7, 0x0c, 0x11,
  0xfc, 0x27, 0x11, 0xff, 0x37, 0x06, 0xff, 0x52, 0x01, 0xea, 0x46, 0x00,
  0xed, 0x44, 0x00, 0xf1, 0x45, 0x00, 0xf7, 0x45, 0x00, 0xff, 0x41, 0x08,
  0xf7, 0x1a, 0x00, 0xe6, 0x03, 0x00, 0xd1, 0x03, 0x00, 0xd6, 0x12, 0x00,
  0xff, 0x47, 0x1a, 0xff, 0x56, 0x20, 0xff, 0x53, 0x17, 0xff, 0x52, 0x18,
  0xff, 0x38, 0x08, 0xfd, 0x1f, 0x00, 0xf2, 0x0c, 0x00, 0xe9, 0x04, 0x00,
  0xd4, 0x00, 0x00, 0xd4, 0x08, 0x04, 0xb6, 0x05, 0x00, 0x85, 0x00, 0x00,
  0x7b, 0x00, 0x00, 0x65, 0x00, 0x00, 0x61, 0x00, 0x00, 0x83, 0x01, 0x01,
  0xc2, 0x0c, 0x17, 0xae, 0x00, 0x00, 0x94, 0x00, 0x00, 0xa8, 0x07, 0x00,
  0xff, 0x38, 0x32, 0xf7, 0x19, 0x12, 0xe8, 0x12, 0x04, 0xf4, 0x1e, 0x0d,
  0xed, 0x10, 0x04, 0xe3, 0x01, 0x00, 0xf0, 0x0e, 0x04, 0xf9, 0x17, 0x0d,
  0xec, 0x0a, 0x00, 0xfe, 0x1c, 0x12, 0xff, 0x22, 0x17, 0xe7, 0x05, 0x00,
  0xe9, 0x01, 0x00, 0xe9, 0x04, 0x02, 0xeb, 0x05, 0x05, 0xe3, 0x01, 0x02,
  0xe3, 0x06, 0x06, 0xcb, 0x00, 0x00, 0xb8, 0x01, 0x00, 0xab, 0x00, 0x00,
  0xc5, 0x0a, 0x00, 0xff, 0x40, 0x1e, 0xff, 0x3b, 0x0d, 0xff, 0x36, 0x0b,
  0xff, 0x3b, 0x1d, 0xea, 0x09, 0x00, 0xee, 0x04, 0x00, 0xd8, 0x00, 0x00,
  0xaf, 0x02, 0x00, 0xa8, 0x01, 0x00, 0xd1, 0x09, 0x08, 0xe1, 0x07, 0x04,
  0xed, 0x0a, 0x00, 0xee, 0x15, 0x00, 0xf7, 0x3c, 0x00, 0xff, 0x50, 0x00,
  0xff, 0x53, 0x0e, 0xff, 0x48, 0x09, 0xf5, 0x38, 0x00, 0xf5, 0x29, 0x00,
  0xff, 0x1b, 0x00, 0xed, 0x09, 0x00, 0xc9, 0x03, 0x00, 0xbb, 0x05, 0x00,
  0xc0, 0x0d, 0x00, 0xe9, 0x31, 0x0d, 0xff, 0x41, 0x19, 0xff, 0x2f, 0x06,
  0xff, 0x39, 0x17, 0xff, 0x19, 0x00, 0xeb, 0x03, 0x00, 0xeb, 0x02, 0x00,
  0xe4, 0x00, 0x00, 0xea, 0x0e, 0x12, 0xcc, 0x0b, 0x0a, 0x9e, 0x00, 0x00,
  0x96, 0x01, 0x00, 0x79, 0x00, 0x00, 0x73, 0x00, 0x00, 0x98, 0x07, 0x06,
  0xc5, 0x0b, 0x13, 0xb0, 0x00, 0x00, 0x95, 0x00, 0x00, 0xaa, 0x05, 0x00,
  0xcf, 0x01, 0x00, 0xff, 0x27, 0x1e, 0xff, 0x39, 0x28, 0xff, 0x26, 0x16,
  0xfb, 0x1c, 0x0e, 0xe2, 0x00, 0x00, 0xf4, 0x0e, 0x03, 0xee, 0x0a, 0x00,
  0xff, 0x24, 0x19, 0xfa, 0x1c, 0x13, 0xe5, 0x05, 0x00, 0xdd, 0x00, 0x00,
  0xe5, 0x01, 0x11, 0xf3, 0x10, 0x1b, 0xf5, 0x16, 0x16, 0xdd, 0x0d, 0x08,
  0xc2, 0x0d, 0x08, 0x9f, 0x00, 0x00, 0xb7, 0x00, 0x00, 0xc7, 0x0d, 0x00,
  0xf1, 0x44, 0x08, 0xf4, 0x45, 0x00, 0xff, 0x3f, 0x00, 0xff, 0x39, 0x06,
  0xf4, 0x1d, 0x00, 0xfa, 0x1e, 0x08, 0xdc, 0x00, 0x00, 0xcf, 0x00, 0x00,
  0xb7, 0x00, 0x00, 0xc5, 0x09, 0x00, 0xdf, 0x0c, 0x00, 0xe5, 0x01, 0x00,
  0xf3, 0x06, 0x00, 0xf6, 0x0d, 0x00, 0xdc, 0x00, 0x00, 0xf8, 0x22, 0x02,
  0xff, 0x38, 0x1a, 0xff, 0x3d, 0x1e, 0xff, 0x35, 0x13, 0xff, 0x22, 0x03,
  0xff, 0x19, 0x06, 0xe9, 0x09, 0x00, 0xb7, 0x06, 0x00, 0x83, 0x00, 0x00,
  0x8a, 0x01, 0x00, 0x99, 0x07, 0x00, 0xb6, 0x0b, 0x00, 0xd0, 0x0c, 0x00,
  0xe7, 0x12, 0x00, 0xf5, 0x15, 0x00, 0xfc, 0x1c, 0x03, 0xff, 0x21, 0x0d,
  0xec, 0x09, 0x06, 0xe0, 0x00, 0x06, 0xf9, 0x1f, 0x2b, 0xce, 0x00, 0x01,
  0xc1, 0x00, 0x00, 0xd3, 0x10, 0x00, 0xd5, 0x13, 0x07, 0xd1, 0x0c, 0x05,
  0xc4, 0x00, 0x00, 0xbf, 0x00, 0x00, 0xae, 0x00, 0x08, 0xaf, 0x00, 0x04,
  0xd9, 0x0b, 0x08, 0xf8, 0x18, 0x0d, 0xeb, 0x05, 0x00, 0xe7, 0x02, 0x00,
  0xff, 0x27, 0x18, 0xfb, 0x17, 0x09, 0xf4, 0x07, 0x00, 0xee, 0x03, 0x00,
  0xe1, 0x06, 0x00, 0xdd, 0x07, 0x00, 0xdf, 0x05, 0x01, 0xe1, 0x04, 0x03,
  0xec, 0x09, 0x1d, 0xf4, 0x15, 0x23, 0xf3, 0x16, 0x1a, 0xd8, 0x0b, 0x0a,
  0xa6, 0x00, 0x00, 0x9d, 0x00, 0x00, 0xce, 0x0e, 0x00, 0xea, 0x28, 0x00,
  0xf1, 0x47, 0x00, 0xf2, 0x47, 0x00, 0xff, 0x3f, 0x00, 0xff, 0x39, 0x06,
  0xf6, 0x1e, 0x00, 0xf6, 0x1c, 0x06, 0xeb, 0x17, 0x08, 0xb6, 0x00, 0x00,
  0xb1, 0x00, 0x00, 0xd6, 0x12, 0x00, 0xf3, 0x24, 0x06, 0xf8, 0x20, 0x02,
  0xf6, 0x16, 0x00, 0xec, 0x07, 0x00, 0xe9, 0x06, 0x00, 0xe8, 0x04, 0x00,
  0xec, 0x0b, 0x00, 0xf7, 0x14, 0x03, 0xf7, 0x10, 0x00, 0xed, 0x02, 0x00,
  0xff, 0x1c, 0x0f, 0xe3, 0x07, 0x00, 0xc1, 0x18, 0x0f, 0x7b, 0x00, 0x00,
  0x66, 0x00, 0x00, 0x73, 0x00, 0x00, 0x99, 0x00, 0x00, 0xb4, 0x00, 0x00,
  0xd4, 0x04, 0x00, 0xdd, 0x05, 0x00, 0xdd, 0x0c, 0x00, 0xde, 0x0f, 0x00,
  0xe2, 0x0d, 0x05, 0xdc, 0x03, 0x0a, 0xf6, 0x19, 0x29, 0xe4, 0x06, 0x0d,
  0xff, 0x30, 0x1f, 0xff, 0x29, 0x13, 0xf4, 0x10, 0x02, 0xdf, 0x00, 0x00,
  0xe5, 0x0b, 0x05, 0xc7, 0x00, 0x00, 0xbd, 0x00, 0x01, 0xd3, 0x12, 0x13,
  0xee, 0x1f, 0x0e, 0xde, 0x00, 0x00, 0xed, 0x01, 0x00, 0xea, 0x00, 0x00,
  0xea, 0x05, 0x00, 0xfc, 0x14, 0x03, 0xff, 0x13, 0x0a, 0xf4, 0x08, 0x01,
  0xda, 0x03, 0x00, 0xd4, 0x05, 0x00, 0xd8, 0x02, 0x04, 0xda, 0x01, 0x06,
  0xe5, 0x07, 0x0e, 0xec, 0x0e, 0x17, 0xe4, 0x05, 0x13, 0xc9, 0x00, 0x00,
  0xa7, 0x00, 0x00, 0xb8, 0x00, 0x00, 0xe9, 0x22, 0x00, 0xff, 0x43, 0x0a,
  0xf5, 0x45, 0x00, 0xf5, 0x45, 0x00, 0xff, 0x3e, 0x00, 0xff, 0x38, 0x0a,
  0xff, 0x34, 0x16, 0xea, 0x12, 0x00, 0xd8, 0x08, 0x00, 0xb9, 0x00, 0x00,
  0xb2, 0x00, 0x00, 0xe5, 0x27, 0x10, 0xfc, 0x44, 0x17, 0xfd, 0x45, 0x0d,
  0xef, 0x32, 0x00, 0xff, 0x3e, 0x12, 0xd7, 0x05, 0x00, 0xe1, 0x06, 0x00,
  0xd5, 0x00, 0x00, 0xe5, 0x05, 0x00, 0xec, 0x08, 0x00, 0xe4, 0x00, 0x00,
  0xeb, 0x00, 0x00, 0xff, 0x38, 0x2e, 0xc4, 0x11, 0x0b, 0x82, 0x00, 0x00,
  0x67, 0x00, 0x00, 0x74, 0x00, 0x00, 0x9c, 0x00, 0x00, 0xb7, 0x00, 0x00,
  0xcf, 0x01, 0x00, 0xce, 0x00, 0x00, 0xc0, 0x03, 0x00, 0xb8, 0x03, 0x00,
  0xbe, 0x06, 0x00, 0xbd, 0x00, 0x00, 0xd2, 0x0a, 0x13, 0xdf, 0x12, 0x13,
  0xfb, 0x25, 0x12, 0xf4, 0x17, 0x00, 0xeb, 0x05, 0x00, 0xeb, 0x06, 0x00,
  0xfa, 0x1c, 0x13, 0xe3, 0x07, 0x00, 0xe3, 0x07, 0x00, 0xf8, 0x1e, 0x0a,
  0xff, 0x35, 0x08, 0xee, 0x15, 0x00, 0xfa, 0x0b, 0x00, 0xf3, 0x00, 0x00,
  0xf1, 0x04, 0x00, 0xe8, 0x00, 0x00, 0xf3, 0x02, 0x00, 0xff, 0x19, 0x18,
  0xce, 0x00, 0x00, 0xc7, 0x01, 0x02, 0xce, 0x00, 0x04, 0xd1, 0x00, 0x06,
  0xd1, 0x00, 0x00, 0xd1, 0x04, 0x05, 0xc1, 0x00, 0x02, 0xa7, 0x00, 0x00,
  0xb5, 0x00, 0x00, 0xd4, 0x11, 0x01, 0xff, 0x3f, 0x0b, 0xfb, 0x40, 0x00,
  0xf7, 0x44, 0x00, 0xfa, 0x41, 0x00, 0xff, 0x3b, 0x06, 0xff, 0x37, 0x10,
  0xff, 0x29, 0x12, 0xff, 0x2d, 0x20, 0xcc, 0x02, 0x00, 0xad, 0x00, 0x00,
  0xc5, 0x00, 0x00, 0xf5, 0x39, 0x24, 0xff, 0x53, 0x1e, 0xff, 0x5a, 0x13,
  0xff, 0x5a, 0x0d, 0xff, 0x55, 0x13, 0xed, 0x2b, 0x06, 0xd8, 0x0a, 0x00,
  0xd1, 0x00, 0x00, 0xe6, 0x0a, 0x00, 0xf2, 0x0f, 0x00, 0xee, 0x0a, 0x00,
  0xee, 0x0d, 0x00, 0xf1, 0x1d, 0x12, 0xc2, 0x06, 0x03, 0xa8, 0x04, 0x05,
  0x8c, 0x00, 0x00, 0x97, 0x06, 0x00, 0xbc, 0x06, 0x06, 0xd3, 0x08, 0x08,
  0xdc, 0x07, 0x01, 0xd3, 0x04, 0x00, 0xbe, 0x05, 0x00, 0xb0, 0x03, 0x00,
  0xa0, 0x00, 0x00, 0x9f, 0x00, 0x00, 0xaf, 0x00, 0x00, 0xd2, 0x0c, 0x0b,
  0xff, 0x32, 0x1d, 0xf3, 0x17, 0x00, 0xe7, 0x01, 0x00, 0xed, 0x07, 0x00,
  0xfa, 0x20, 0x11, 0xfa, 0x20, 0x0f, 0xff, 0x1e, 0x0b, 0xff, 0x21, 0x00,
  0xff, 0x41, 0x02, 0xff, 0x48, 0x07, 0xff, 0x1d, 0x00, 0xf4, 0x0c, 0x00,
  0xe7, 0x01, 0x00, 0xec, 0x0a, 0x00, 0xe8, 0x0b, 0x01, 0xd8, 0x09, 0x08,
  0xb6, 0x02, 0x03, 0xb1, 0x03, 0x09, 0xb9, 0x00, 0x07, 0xbe, 0x00, 0x07,
  0xba, 0x05, 0x00, 0xb4, 0x06, 0x00, 0x97, 0x00, 0x00, 0x94, 0x00, 0x00,
  0xcd, 0x08, 0x02, 0xf8, 0x32, 0x13, 0xff, 0x59, 0x0f, 0xff, 0x61, 0x0a,
  0xff, 0x4d, 0x05, 0xff, 0x49, 0x10, 0xff, 0x38, 0x0c, 0xf8, 0x22, 0x04,
  0xf1, 0x1c, 0x0b, 0xe9, 0x19, 0x12, 0xc2, 0x00, 0x00, 0xb6, 0x00, 0x00,
  0xb8, 0x00, 0x00, 0xc9, 0x0a, 0x00, 0xfe, 0x53, 0x1b, 0xff, 0x6c, 0x1e,
  0xff, 0x66, 0x0d, 0xff, 0x67, 0x15, 0xf8, 0x49, 0x0e, 0xd0, 0x13, 0x00,
  0xdf, 0x11, 0x00, 0xe1, 0x0a, 0x00, 0xff, 0x22, 0x09, 0xff, 0x28, 0x0f,
  0xf6, 0x1f, 0x0a, 0xe6, 0x16, 0x0a, 0xd5, 0x0c, 0x0e, 0xba, 0x00, 0x02,
  0xae, 0x00, 0x00, 0xba, 0x00, 0x00, 0xd1, 0x00, 0x02, 0xde, 0x00, 0x03,
  0xea, 0x08, 0x09, 0xdf, 0x06, 0x00, 0xcb, 0x05, 0x00, 0xbc, 0x04, 0x00,
  0xb2, 0x03, 0x00, 0x9b, 0x00, 0x00, 0xa9, 0x00, 0x00, 0xd3, 0x0d, 0x0c,
  0xff, 0x39, 0x24, 0xf0, 0x15, 0x00, 0xe6, 0x00, 0x00, 0xec, 0x0b, 0x00,
  0xeb, 0x1b, 0x03, 0xf5, 0x28, 0x0b, 0xf4, 0x19, 0x00, 0xfe, 0x28, 0x00,
  0xff, 0x5e, 0x13, 0xff, 0x55, 0x07, 0xff, 0x52, 0x19, 0xef, 0x25, 0x00,
  0xf4, 0x28, 0x00, 0xec, 0x25, 0x00, 0xc9, 0x0f, 0x00, 0x99, 0x00, 0x00,
  0x83, 0x00, 0x00, 0x79, 0x00, 0x00, 0x87, 0x00, 0x00, 0x93, 0x00, 0x00,
  0xa6, 0x05, 0x00, 0x95, 0x00, 0x00, 0x8e, 0x00, 0x00, 0xa9, 0x0a, 0x05,
  0xf2, 0x30, 0x19, 0xff, 0x4c, 0x19, 0xfd, 0x5e, 0x09, 0xf7, 0x5b, 0x00,
  0xff, 0x52, 0x0e, 0xff, 0x38, 0x06, 0xfc, 0x28, 0x02, 0xff, 0x27, 0x0f,
  0xed, 0x16, 0x0a, 0xd6, 0x09, 0x05, 0xb9, 0x00, 0x00, 0xb1, 0x00, 0x00,
  0xb6, 0x00, 0x00, 0xc9, 0x09, 0x00, 0xee, 0x3c, 0x08, 0xfd, 0x55, 0x0c,
  0xff, 0x63, 0x0c, 0xf1, 0x53, 0x00, 0xe7, 0x44, 0x00, 0xdd, 0x2f, 0x00,
  0xd2, 0x0c, 0x00, 0xe7, 0x12, 0x00, 0xe2, 0x04, 0x00, 0xf0, 0x12, 0x00,
  0xf1, 0x24, 0x0c, 0xda, 0x0f, 0x02, 0xca, 0x00, 0x00, 0xc0, 0x00, 0x00,
  0xcf, 0x00, 0x02, 0xd7, 0x01, 0x03, 0xe0, 0x02, 0x06, 0xdc, 0x00, 0x00,
  0xdd, 0x00, 0x02, 0xd4, 0x01, 0x00, 0xca, 0x03, 0x00, 0xc3, 0x03, 0x00,
  0xc2, 0x07, 0x00, 0xb6, 0x00, 0x00, 0xbe, 0x00, 0x00, 0xd6, 0x08, 0x09,
  0xf9, 0x24, 0x11, 0xea, 0x0c, 0x00, 0xed, 0x07, 0x00, 0xff, 0x1e, 0x0f,
  0xf2, 0x22, 0x06, 0xf3, 0x24, 0x06, 0xe0, 0x07, 0x00, 0xea, 0x14, 0x00,
  0xff, 0x3b, 0x00, 0xff, 0x54, 0x07, 0xff, 0x62, 0x21, 0xf9, 0x41, 0x06,
  0xf1, 0x30, 0x00, 0xf3, 0x37, 0x09, 0xb8, 0x10, 0x00, 0x7f, 0x00, 0x00,
  0x59, 0x00, 0x00, 0x55, 0x00, 0x00, 0x6d, 0x00, 0x00, 0x84, 0x00, 0x07,
  0x96, 0x04, 0x00, 0x94, 0x00, 0x00, 0xac, 0x03, 0x05, 0xcd, 0x18, 0x0c,
  0xff, 0x41, 0x12, 0xff, 0x54, 0x0d, 0xff, 0x54, 0x01, 0xfc, 0x4e, 0x00,
  0xff, 0x49, 0x0c, 0xff, 0x30, 0x04, 0xf8, 0x20, 0x00, 0xfa, 0x21, 0x0d,
  0xea, 0x15, 0x0d, 0xc5, 0x00, 0x00, 0xb0, 0x00, 0x00, 0xae, 0x00, 0x00,
  0xc2, 0x00, 0x00, 0xdc, 0x15, 0x00, 0xed, 0x26, 0x00, 0xff, 0x40, 0x08,
  0xff, 0x65, 0x1a, 0xff, 0x5b, 0x02, 0xff, 0x62, 0x03, 0xff, 0x5a, 0x0b,
  0xe8, 0x2a, 0x02, 0xef, 0x1f, 0x08, 0xde, 0x01, 0x00, 0xe2, 0x09, 0x00,
  0xd6, 0x0d, 0x00, 0xdd, 0x15, 0x07, 0xe7, 0x0b, 0x14, 0xee, 0x07, 0x18,
  0xe6, 0x00, 0x06, 0xde, 0x00, 0x00, 0xd0, 0x00, 0x00, 0xc9, 0x00, 0x00,
  0xc1, 0x00, 0x00, 0xc1, 0x03, 0x00, 0xc5, 0x05, 0x00, 0xcb, 0x05, 0x01,
  0xe8, 0x16, 0x16, 0xce, 0x00, 0x00, 0xcc, 0x00, 0x00, 0xe8, 0x0a, 0x10,
  0xff, 0x2d, 0x1d, 0xf0, 0x10, 0x00, 0xe7, 0x03, 0x00, 0xf5, 0x14, 0x02,
  0xfa, 0x1d, 0x03, 0xfd, 0x20, 0x09, 0xeb, 0x06, 0x00, 0xec, 0x08, 0x00,
  0xf2, 0x12, 0x00, 0xff, 0x42, 0x0b, 0xff, 0x52, 0x15, 0xff, 0x55, 0x15,
  0xff, 0x55, 0x15, 0xe1, 0x21, 0x00, 0xb1, 0x08, 0x00, 0x82, 0x00, 0x00,
  0x5e, 0x00, 0x07, 0x4f, 0x00, 0x02, 0x5f, 0x00, 0x00, 0x7d, 0x00, 0x0a,
  0xaa, 0x11, 0x05, 0xb2, 0x0f, 0x06, 0xca, 0x10, 0x0d, 0xde, 0x18, 0x07,
  0xf0, 0x2d, 0x00, 0xfd, 0x3d, 0x00, 0xff, 0x45, 0x00, 0xff, 0x47, 0x08,
  0xff, 0x35, 0x07, 0xff, 0x34, 0x14, 0xf7, 0x27, 0x10, 0xe2, 0x15, 0x06,
  0xd4, 0x0a, 0x05, 0xbd, 0x00, 0x00, 0xaa, 0x00, 0x00, 0xaf, 0x00, 0x00,
  0xd8, 0x12, 0x03, 0xf9, 0x27, 0x10, 0xf6, 0x23, 0x02, 0xff, 0x3e, 0x0f,
  0xfe, 0x3e, 0x00, 0xff, 0x5c, 0x05, 0xff, 0x66, 0x00, 0xf3, 0x58, 0x00,
  0xff, 0x4c, 0x15, 0xf7, 0x30, 0x0f, 0xff, 0x2f, 0x15, 0xef, 0x14, 0x00,
  0xc8, 0x00, 0x00, 0xcf, 0x03, 0x00, 0xe0, 0x00, 0x09, 0xde, 0x00, 0x01,
  0xe1, 0x00, 0x00, 0xdb, 0x00, 0x00, 0xcb, 0x00, 0x00, 0xc0, 0x04, 0x00,
  0xad, 0x00, 0x00, 0xb4, 0x04, 0x00, 0xc5, 0x07, 0x00, 0xd6, 0x07, 0x06,
  0xff, 0x2f, 0x32, 0xd0, 0x00, 0x00, 0xc5, 0x00, 0x00, 0xf8, 0x1c, 0x20,
  0xf6, 0x1b, 0x0e, 0xe5, 0x09, 0x00, 0xee, 0x0c, 0x00, 0xff, 0x23, 0x16,
  0xff, 0x17, 0x02, 0xff, 0x1b, 0x0b, 0xee, 0x03, 0x03, 0xf2, 0x09, 0x03,
  0xed, 0x07, 0x00, 0xff, 0x29, 0x00, 0xfc, 0x3a, 0x03, 0xff, 0x5c, 0x23,
  0xff, 0x4a, 0x16, 0xff, 0x51, 0x2d, 0xaa, 0x00, 0x00, 0x9d, 0x00, 0x05,
  0x8d, 0x0b, 0x19, 0x79, 0x00, 0x0e, 0x7e, 0x00, 0x01, 0x8e, 0x00, 0x09,
  0xc3, 0x11, 0x02, 0xc5, 0x0d, 0x00, 0xd3, 0x0b, 0x00, 0xdf, 0x0f, 0x00,
  0xea, 0x1a, 0x00, 0xf8, 0x29, 0x00, 0xf9, 0x28, 0x00, 0xeb, 0x19, 0x00,
  0xf4, 0x1f, 0x07, 0xd0, 0x03, 0x00, 0xd1, 0x17, 0x08, 0xcb, 0x17, 0x0d,
  0xba, 0x05, 0x00, 0xa6, 0x00, 0x00, 0xa2, 0x05, 0x00, 0xbf, 0x15, 0x01,
  0xf8, 0x24, 0x17, 0xe9, 0x06, 0x00, 0xe3, 0x09, 0x00, 0xf4, 0x26, 0x00,
  0xff, 0x59, 0x14, 0xff, 0x62, 0x0b, 0xff, 0x64, 0x00, 0xe9, 0x4e, 0x00,
  0xec, 0x49, 0x00, 0xfe, 0x46, 0x10, 0xff, 0x3d, 0x1e, 0xff, 0x22, 0x14,
  0xe2, 0x0b, 0x06, 0xd4, 0x00, 0x01, 0xd5, 0x00, 0x00, 0xe1, 0x00, 0x01,
  0xfb, 0x1c, 0x0c, 0xea, 0x16, 0x00, 0xd0, 0x0a, 0x00, 0xb6, 0x02, 0x00,
  0xa8, 0x03, 0x00, 0xb1, 0x07, 0x00, 0xda, 0x15, 0x11, 0xff, 0x2b, 0x2b,
  0xff, 0x26, 0x25, 0xca, 0x00, 0x00, 0xc2, 0x00, 0x00, 0xd7, 0x0e, 0x07,
  0xe1, 0x16, 0x0b, 0xdb, 0x06, 0x00, 0xe1, 0x00, 0x00, 0xf1, 0x02, 0x00,
  0xf9, 0x00, 0x00, 0xf8, 0x00, 0x00, 0xef, 0x00, 0x00, 0xe7, 0x03, 0x00,
  0xe7, 0x10, 0x00, 0xda, 0x0a, 0x00, 0xf7, 0x28, 0x00, 0xfe, 0x2c, 0x06,
  0xff, 0x31, 0x18, 0xe3, 0x08, 0x00, 0xcf, 0x00, 0x00, 0xd2, 0x03, 0x07,
  0xcb, 0x09, 0x0d, 0xc0, 0x09, 0x0c, 0xb4, 0x07, 0x02, 0xaa, 0x00, 0x00,
  0xd0, 0x0c, 0x00, 0xd0, 0x09, 0x00, 0xdb, 0x08, 0x00, 0xe2, 0x0d, 0x00,
  0xf3, 0x26, 0x0e, 0xf2, 0x25, 0x0d, 0xed, 0x16, 0x01, 0xdc, 0x07, 0x00,
  0xcd, 0x02, 0x00, 0xae, 0x00, 0x00, 0x97, 0x00, 0x00, 0x8c, 0x00, 0x00,
  0xab, 0x11, 0x10, 0x96, 0x00, 0x00, 0x99, 0x00, 0x00, 0xc6, 0x10, 0x00,
  0xf4, 0x1a, 0x0d, 0xf1, 0x0a, 0x00, 0xf0, 0x13, 0x00, 0xfd, 0x2e, 0x00,
  0xff, 0x41, 0x00, 0xee, 0x41, 0x00, 0xf1, 0x50, 0x00, 0xfe, 0x61, 0x00,
  0xf2, 0x54, 0x00, 0xff, 0x5f, 0x1b, 0xff, 0x37, 0x0d, 0xff, 0x25, 0x0f,
  0xef, 0x13, 0x0b, 0xde, 0x01, 0x03, 0xd5, 0x00, 0x00, 0xd9, 0x00, 0x00,
  0xfb, 0x21, 0x12, 0xfd, 0x28, 0x15, 0xdc, 0x11, 0x06, 0xae, 0x00, 0x00,
  0xb0, 0x0b, 0x03, 0xb0, 0x0b, 0x05, 0xd1, 0x0f, 0x11, 0xee, 0x21, 0x24,
  0xde, 0x16, 0x15, 0xb9, 0x00, 0x00, 0xba, 0x00, 0x00, 0xc5, 0x07, 0x00,
  0xd6, 0x1a, 0x13, 0xcf, 0x07, 0x04, 0xdb, 0x00, 0x00, 0xed, 0x00, 0x00,
  0xfc, 0x00, 0x00, 0xf0, 0x00, 0x00, 0xf6, 0x0a, 0x0a, 0xff, 0x32, 0x23,
  0xff, 0x3f, 0x15, 0xf8, 0x2a, 0x00, 0xf2, 0x1c, 0x00, 0xe7, 0x0c, 0x00,
  0xff, 0x24, 0x1b, 0xe9, 0x07, 0x06, 0xde, 0x00, 0x00, 0xe5, 0x00, 0x00,
  0xff, 0x20, 0x1e, 0xd5, 0x00, 0x00, 0xb8, 0x00, 0x00, 0xbc, 0x04, 0x00,
  0xd8, 0x08, 0x00, 0xd8, 0x04, 0x00, 0xe1, 0x03, 0x00, 0xe1, 0x0b, 0x08,
  0xcd, 0x0f, 0x06, 0xbc, 0x03, 0x00, 0xbb, 0x00, 0x00, 0xb6, 0x00, 0x00,
  0xa8, 0x00, 0x00, 0x92, 0x01, 0x00, 0x5d, 0x00, 0x00, 0x4c, 0x00, 0x00,
  0x6c, 0x00, 0x00, 0x83, 0x00, 0x00, 0xba, 0x00, 0x08, 0xf3, 0x1c, 0x21,
  0xff, 0x32, 0x28, 0xff, 0x22, 0x08, 0xed, 0x17, 0x00, 0xe0, 0x15, 0x00,
  0xf3, 0x35, 0x00, 0xff, 0x4e, 0x00, 0xf8, 0x50, 0x00, 0xed, 0x48, 0x00,
  0xee, 0x45, 0x00, 0xf7, 0x45, 0x00, 0xff, 0x5b, 0x19, 0xff, 0x41, 0x0c,
  0xff, 0x26, 0x04, 0xe8, 0x0e, 0x00, 0xcf, 0x01, 0x00, 0xd0, 0x01, 0x02,
  0xdc, 0x00, 0x04, 0xe7, 0x07, 0x0a, 0xda, 0x00, 0x00, 0xb6, 0x00, 0x00,
  0xb0, 0x02, 0x00, 0xa0, 0x00, 0x00, 0xa7, 0x00, 0x04, 0xb1, 0x02, 0x12,
  0xa5, 0x03, 0x03, 0x9e, 0x00, 0x00, 0xb5, 0x00, 0x01, 0xb0, 0x00, 0x00,
  0xb6, 0x09, 0x08, 0xb7, 0x00, 0x01, 0xd6, 0x00, 0x08, 0xf5, 0x01, 0x11,
  0xff, 0x18, 0x1e, 0xf4, 0x02, 0x02, 0xe2, 0x03, 0x03, 0xed, 0x19, 0x0f,
  0xff, 0x3a, 0x16, 0xff, 0x3a, 0x0e, 0xff, 0x29, 0x06, 0xfb, 0x22, 0x0c,
  0xf0, 0x1a, 0x0e, 0xe8, 0x0b, 0x08, 0xe6, 0x00, 0x00, 0xe6, 0x00, 0x00,
  0xfe, 0x1a, 0x1a, 0xd7, 0x00, 0x00, 0xc0, 0x00, 0x00, 0xc3, 0x04, 0x00,
  0xdc, 0x06, 0x00, 0xda, 0x03, 0x00, 0xde, 0x03, 0x06, 0xda, 0x0c, 0x12,
  0xb8, 0x07, 0x05, 0xa7, 0x00, 0x00, 0xb3, 0x00, 0x00, 0xc1, 0x04, 0x00,
  0xa7, 0x00, 0x00, 0x9c, 0x12, 0x0a, 0x58, 0x00, 0x00, 0x44, 0x00, 0x00,
  0x63, 0x00, 0x00, 0x9b, 0x00, 0x0d, 0xd4, 0x05, 0x14, 0xe8, 0x04, 0x06,
  0xff, 0x2c, 0x18, 0xff, 0x2c, 0x0a, 0xf8, 0x24, 0x00, 0xe7, 0x1e, 0x00,
  0xef, 0x2f, 0x00, 0xf8, 0x40, 0x00, 0xff, 0x51, 0x00, 0xff, 0x66, 0x10,
  0xf9, 0x50, 0x00, 0xff, 0x5c, 0x0e, 0xf9, 0x50, 0x00, 0xf9, 0x43, 0x00,
  0xff, 0x36, 0x03, 0xe5, 0x1b, 0x00, 0xc3, 0x0b, 0x00, 0xc1, 0x07, 0x01,
  0xd1, 0x00, 0x00, 0xe0, 0x00, 0x00, 0xeb, 0x05, 0x03, 0xe8, 0x0f, 0x09,
  0xcd, 0x0f, 0x06, 0xb5, 0x01, 0x00, 0xb0, 0x00, 0x08, 0xae, 0x00, 0x10,
  0x86, 0x00, 0x00, 0x94, 0x00, 0x00, 0xb6, 0x01, 0x09, 0xa4, 0x00, 0x00,
  0x91, 0x00, 0x00, 0x9e, 0x00, 0x00, 0xd0, 0x03, 0x14, 0xff, 0x1a, 0x2c,
  0xf8, 0x0d, 0x13, 0xee, 0x08, 0x0a, 0xd4, 0x04, 0x06, 0xc9, 0x00, 0x00,
  0xf2, 0x22, 0x06, 0xff, 0x31, 0x0d, 0xf2, 0x1a, 0x00, 0xed, 0x15, 0x03,
  0xe4, 0x12, 0x07, 0xe5, 0x10, 0x0b, 0xe9, 0x07, 0x06, 0xe6, 0x00, 0x00,
  0xe2, 0x00, 0x00, 0xdc, 0x00, 0x00, 0xd2, 0x05, 0x00, 0xcc, 0x06, 0x00,
  0xe4, 0x09, 0x01, 0xdb, 0x05, 0x02, 0xd2, 0x06, 0x0d, 0xbe, 0x03, 0x09,
  0x9f, 0x00, 0x00, 0xa0, 0x00, 0x00, 0xc3, 0x0a, 0x00, 0xe4, 0x27, 0x09,
  0xda, 0x25, 0x05, 0xd1, 0x2e, 0x15, 0x88, 0x05, 0x00, 0x6f, 0x00, 0x00,
  0x8a, 0x00, 0x00, 0xc4, 0x0d, 0x16, 0xe4, 0x14, 0x0b, 0xfb, 0x23, 0x08,
  0xff, 0x36, 0x10, 0xff, 0x38, 0x0a, 0xff, 0x39, 0x08, 0xff, 0x3b, 0x04,
  0xe7, 0x26, 0x00, 0xfb, 0x3e, 0x00, 0xe4, 0x2c, 0x00, 0xff, 0x65, 0x17,
  0xf0, 0x50, 0x00, 0xfc, 0x63, 0x10, 0xff, 0x69, 0x13, 0xf8, 0x5a, 0x0b,
  0xff, 0x5a, 0x1f, 0xcb, 0x1e, 0x00, 0x96, 0x00, 0x00, 0xa7, 0x08, 0x00,
  0xc2, 0x00, 0x00, 0xdf, 0x00, 0x00, 0xf5, 0x0d, 0x00, 0xf6, 0x13, 0x00,
  0xe2, 0x12, 0x00, 0xd9, 0x0c, 0x04, 0xda, 0x00, 0x0b, 0xcb, 0x00, 0x0e,
  0xa1, 0x00, 0x00, 0x9a, 0x00, 0x00, 0xc0, 0x01, 0x0d, 0xbf, 0x03, 0x0e,
  0x9e, 0x01, 0x01, 0x8a, 0x00, 0x00, 0xa0, 0x00, 0x00, 0xcd, 0x07, 0x11,
  0xe6, 0x0a, 0x12, 0xdf, 0x06, 0x0b, 0xb6, 0x00, 0x00, 0xc3, 0x07, 0x02,
  0xe8, 0x18, 0x03, 0xff, 0x2c, 0x11, 0xff, 0x25, 0x11, 0xe6, 0x10, 0x01,
  0xc9, 0x00, 0x00, 0xc6, 0x00, 0x00, 0xd9, 0x00, 0x00, 0xef, 0x0b, 0x0b,
  0xe6, 0x00, 0x00, 0xe3, 0x02, 0x00, 0xdb, 0x06, 0x00, 0xd8, 0x07, 0x00,
  0xe0, 0x04, 0x00, 0xd5, 0x06, 0x05, 0xbc, 0x07, 0x0b, 0xa3, 0x00, 0x00,
  0xaa, 0x05, 0x00, 0xbd, 0x11, 0x00, 0xe3, 0x2b, 0x00, 0xff, 0x42, 0x0c,
  0xff, 0x50, 0x1a, 0xfb, 0x4d, 0x26, 0xad, 0x14, 0x08, 0x8d, 0x00, 0x00,
  0xa7, 0x00, 0x00, 0xc7, 0x00, 0x02, 0xf7, 0x23, 0x09, 0xf2, 0x1c, 0x00,
  0xff, 0x39, 0x08, 0xff, 0x3b, 0x04, 0xff, 0x3b, 0x04, 0xff, 0x3d, 0x02,
  0xff, 0x3e, 0x03, 0xff, 0x43, 0x05, 0xf0, 0x2f, 0x00, 0xff, 0x50, 0x0c,
  0xff, 0x61, 0x14, 0xff, 0x6b, 0x1d, 0xff, 0x69, 0x1d, 0xf5, 0x50, 0x0f,
  0xd7, 0x2e, 0x00, 0xa6, 0x03, 0x00, 0x83, 0x00, 0x00, 0x96, 0x00, 0x00,
  0xc9, 0x06, 0x00, 0xe2, 0x08, 0x00, 0xec, 0x0e, 0x00, 0xe4, 0x0a, 0x00,
  0xcf, 0x07, 0x00, 0xcd, 0x04, 0x00, 0xd5, 0x00, 0x01, 0xca, 0x00, 0x03,
  0xa6, 0x00, 0x00, 0x9c, 0x00, 0x00, 0xbb, 0x00, 0x02, 0xc8, 0x08, 0x0e,
  0xb5, 0x0d, 0x0a, 0x96, 0x00, 0x00, 0x9a, 0x00, 0x00, 0xbf, 0x06, 0x07,
  0xe7, 0x17, 0x1e, 0xd8, 0x0a, 0x12, 0xa3, 0x00, 0x00, 0xaa, 0x00, 0x00,
  0xe6, 0x15, 0x05, 0xff, 0x24, 0x11, 0xfe, 0x21, 0x15, 0xe3, 0x0f, 0x04,
  0xc4, 0x00, 0x00, 0xc1, 0x00, 0x00, 0xd5, 0x00, 0x00, 0xf0, 0x0c, 0x0c,
  0xe7, 0x00, 0x00, 0xe6, 0x00, 0x00, 0xe0, 0x03, 0x00, 0xdc, 0x05, 0x00,
  0xd5, 0x00, 0x00, 0xc6, 0x07, 0x06, 0x9f, 0x09, 0x07, 0x83, 0x00, 0x00,
  0xb2, 0x0a, 0x00, 0xdd, 0x25, 0x00, 0xff, 0x47, 0x00, 0xff, 0x5a, 0x03,
  0xff, 0x5a, 0x14, 0xff, 0x57, 0x28, 0xb6, 0x1c, 0x0c, 0x98, 0x00, 0x00,
  0xbc, 0x00, 0x0d, 0xd9, 0x07, 0x09, 0xff, 0x27, 0x09, 0xf6, 0x1e, 0x00,
  0xff, 0x3b, 0x02, 0xff, 0x3e, 0x00, 0xff, 0x3e, 0x00, 0xff, 0x3d, 0x02,
  0xfe, 0x38, 0x00, 0xf1, 0x2b, 0x00, 0xec, 0x26, 0x00, 0xee, 0x2d, 0x00,
  0xff, 0x56, 0x0f, 0xff, 0x56, 0x14, 0xff, 0x40, 0x13, 0xea, 0x24, 0x07,
  0xbb, 0x03, 0x00, 0xa0, 0x00, 0x00, 0x95, 0x00, 0x00, 0xad, 0x02, 0x00,
  0xd8, 0x0e, 0x00, 0xe6, 0x10, 0x00, 0xda, 0x0f, 0x06, 0xb8, 0x00, 0x00,
  0xa0, 0x00, 0x00, 0xa3, 0x00, 0x00, 0xb8, 0x00, 0x00, 0xb8, 0x00, 0x00,
  0x9f, 0x05, 0x00, 0x96, 0x00, 0x00, 0xb1, 0x00, 0x00, 0xd2, 0x14, 0x0d,
  0xe0, 0x22, 0x1b, 0xb5, 0x00, 0x00, 0xa9, 0x00, 0x00, 0xc1, 0x03, 0x00,
  0xcd, 0x00, 0x05, 0xc3, 0x00, 0x08, 0x9d, 0x00, 0x00, 0xb2, 0x07, 0x06,
  0xe5, 0x13, 0x08, 0xff, 0x1b, 0x10, 0xfc, 0x1e, 0x17, 0xdf, 0x0d, 0x04,
  0xad, 0x00, 0x00, 0xb6, 0x00, 0x00, 0xdc, 0x07, 0x01, 0xff, 0x20, 0x1e,
  0xe7, 0x00, 0x00, 0xe7, 0x00, 0x00, 0xe3, 0x02, 0x00, 0xe1, 0x02, 0x00,
  0xc9, 0x02, 0x03, 0xb2, 0x05, 0x05, 0x7f, 0x05, 0x00, 0x6f, 0x00, 0x00,
  0xaa, 0x02, 0x00, 0xe6, 0x26, 0x00, 0xff, 0x51, 0x00, 0xff, 0x60, 0x00,
  0xf3, 0x3e, 0x00, 0xf3, 0x40, 0x0f, 0xb8, 0x0e, 0x00, 0xa4, 0x00, 0x00,
  0xd2, 0x04, 0x0c, 0xfd, 0x1e, 0x1c, 0xff, 0x1e, 0x00, 0xff, 0x24, 0x00,
  0xff, 0x36, 0x08, 0xff, 0x39, 0x08, 0xff, 0x3a, 0x06, 0xff, 0x3a, 0x06,
  0xff, 0x37, 0x03, 0xfb, 0x2f, 0x00, 0xff, 0x34, 0x0b, 0xfe, 0x32, 0x07,
  0xf5, 0x2f, 0x00, 0xef, 0x23, 0x00, 0xe6, 0x0b, 0x00, 0xd2, 0x00, 0x00,
  0xc4, 0x00, 0x00, 0xbc, 0x00, 0x00, 0xc2, 0x0b, 0x03, 0xd5, 0x1a, 0x0e,
  0xe0, 0x17, 0x09, 0xdc, 0x15, 0x0b, 0xbe, 0x0d, 0x09, 0x9a, 0x00, 0x00,
  0x87, 0x00, 0x00, 0x92, 0x00, 0x00, 0xad, 0x00, 0x00, 0xb3, 0x00, 0x00,
  0xa0, 0x00, 0x00, 0xa4, 0x02, 0x00, 0xba, 0x05, 0x00, 0xd5, 0x12, 0x00,
  0xff, 0x32, 0x23, 0xd0, 0x05, 0x00, 0xb8, 0x00, 0x00, 0xc3, 0x02, 0x00,
  0xd8, 0x0a, 0x06, 0xc3, 0x02, 0x01, 0x8e, 0x00, 0x00, 0x9a, 0x00, 0x00,
  0xda, 0x0f, 0x06, 0xf7, 0x1b, 0x13, 0xf3, 0x20, 0x1c, 0xd2, 0x0c, 0x08,
  0xc1, 0x0c, 0x07, 0xb8, 0x02, 0x00, 0xc5, 0x00, 0x00, 0xdd, 0x07, 0x08,
  0xe4, 0x00, 0x02, 0xe9, 0x00, 0x00, 0xe7, 0x00, 0x00, 0xe6, 0x01, 0x00,
  0xbf, 0x0d, 0x0e, 0x91, 0x00, 0x00, 0x56, 0x00, 0x00, 0x5a, 0x00, 0x00,
  0xa4, 0x00, 0x00, 0xe2, 0x25, 0x0a, 0xff, 0x64, 0x18, 0xff, 0x5d, 0x03,
  0xf6, 0x42, 0x00, 0xf2, 0x36, 0x06, 0xd2, 0x0e, 0x00, 0xcf, 0x00, 0x00,
  0xf5, 0x0e, 0x0a, 0xff, 0x19, 0x0d, 0xff, 0x1c, 0x02, 0xf4, 0x0b, 0x00,
  0xfc, 0x0d, 0x00, 0xff, 0x16, 0x06, 0xff, 0x29, 0x09, 0xff, 0x2f, 0x08,
  0xfd, 0x29, 0x01, 0xf4, 0x1f, 0x00, 0xf8, 0x1e, 0x0a, 0xf0, 0x13, 0x05,
  0xe9, 0x0d, 0x00, 0xe5, 0x07, 0x00, 0xe1, 0x00, 0x00, 0xda, 0x00, 0x00,
  0xdf, 0x00, 0x00, 0xe1, 0x07, 0x04, 0xe0, 0x08, 0x04, 0xd4, 0x05, 0x00,
  0xc4, 0x06, 0x00, 0xab, 0x01, 0x00, 0x8b, 0x00, 0x00, 0x82, 0x00, 0x00,
  0x94, 0x00, 0x00, 0xa4, 0x00, 0x00, 0xc7, 0x04, 0x00, 0xd6, 0x10, 0x03,
  0xd4, 0x17, 0x07, 0xca, 0x0e, 0x00, 0xd4, 0x0c, 0x00, 0xfa, 0x29, 0x0d,
  0xff, 0x42, 0x25, 0xe2, 0x13, 0x00, 0xc5, 0x00, 0x00, 0xce, 0x07, 0x00,
  0xf1, 0x1e, 0x0a, 0xbe, 0x00, 0x00, 0x8e, 0x00, 0x00, 0x96, 0x00, 0x00,
  0xbe, 0x02, 0x00, 0xde, 0x16, 0x11, 0xc8, 0x0b, 0x09, 0xbb, 0x09, 0x0c,
  0xa8, 0x02, 0x0f, 0xa1, 0x00, 0x0b, 0xb0, 0x04, 0x0c, 0xb7, 0x00, 0x00,
  0xd7, 0x00, 0x00, 0xf2, 0x05, 0x05, 0xfb, 0x0e, 0x05, 0xf7, 0x0a, 0x00,
  0xbd, 0x0f, 0x13, 0x90, 0x00, 0x00, 0x59, 0x00, 0x00, 0x5d, 0x00, 0x00,
  0xab, 0x00, 0x01, 0xe4, 0x25, 0x11, 0xf7, 0x49, 0x09, 0xf5, 0x49, 0x00,
  0xff, 0x4a, 0x04, 0xef, 0x2d, 0x00, 0xe0, 0x16, 0x00, 0xf4, 0x1c, 0x0a,
  0xf6, 0x0d, 0x00, 0xff, 0x18, 0x00, 0xff, 0x1e, 0x05, 0xff, 0x16, 0x04,
  0xf7, 0x01, 0x02, 0xf6, 0x03, 0x03, 0xf2, 0x0b, 0x00, 0xf4, 0x17, 0x00,
  0xf7, 0x1f, 0x01, 0xff, 0x35, 0x1d, 0xe7, 0x10, 0x07, 0xd5, 0x00, 0x00,
  0xe7, 0x03, 0x00, 0xe7, 0x00, 0x00, 0xe5, 0x00, 0x00, 0xe3, 0x00, 0x00,
  0xfe, 0x16, 0x12, 0xe7, 0x00, 0x00, 0xdc, 0x00, 0x00, 0xd8, 0x00, 0x00,
  0xb7, 0x00, 0x00, 0x96, 0x00, 0x00, 0x83, 0x00, 0x00, 0x8c, 0x00, 0x00,
  0xa3, 0x00, 0x00, 0xcc, 0x14, 0x07, 0xe4, 0x20, 0x05, 0xed, 0x25, 0x06,
  0xff, 0x44, 0x2a, 0xdd, 0x12, 0x00, 0xf5, 0x1f, 0x03, 0xff, 0x3c, 0x19,
  0xff, 0x3f, 0x12, 0xf1, 0x27, 0x00, 0xf5, 0x27, 0x0d, 0xf0, 0x1d, 0x09,
  0xff, 0x31, 0x1a, 0xdc, 0x11, 0x00, 0x9c, 0x01, 0x00, 0x8e, 0x00, 0x00,
  0xad, 0x06, 0x00, 0xb5, 0x0d, 0x0a, 0x8d, 0x00, 0x00, 0x85, 0x00, 0x00,
  0x90, 0x00, 0x07, 0xa0, 0x00, 0x14, 0x92, 0x00, 0x00, 0xad, 0x00, 0x00,
  0xdc, 0x00, 0x06, 0xfa, 0x0d, 0x0b, 0xff, 0x10, 0x05, 0xf9, 0x07, 0x00,
  0xc2, 0x09, 0x0f, 0xa0, 0x00, 0x00, 0x7d, 0x00, 0x00, 0x86, 0x00, 0x00,
  0xba, 0x03, 0x06, 0xea, 0x27, 0x17, 0xff, 0x5e, 0x2a, 0xff, 0x46, 0x03,
  0xff, 0x45, 0x00, 0xff, 0x41, 0x00, 0xf9, 0x3e, 0x07, 0xee, 0x2d, 0x00,
  0xfb, 0x27, 0x00, 0xff, 0x23, 0x00, 0xff, 0x1c, 0x00, 0xfc, 0x14, 0x01,
  0xec, 0x05, 0x01, 0xe8, 0x03, 0x00, 0xe6, 0x01, 0x00, 0xe4, 0x05, 0x00,
  0xe0, 0x09, 0x00, 0xd8, 0x07, 0x00, 0xd3, 0x0a, 0x00, 0xa7, 0x00, 0x00,
  0xdc, 0x00, 0x00, 0xe5, 0x00, 0x00, 0xe7, 0x00, 0x00, 0xea, 0x02, 0x00,
  0xf0, 0x08, 0x04, 0xf5, 0x0e, 0x0a, 0xea, 0x02, 0x00, 0xcc, 0x00, 0x00,
  0xb7, 0x00, 0x00, 0xa8, 0x00, 0x00, 0xac, 0x00, 0x00, 0xb6, 0x05, 0x00,
  0xe0, 0x23, 0x0a, 0xef, 0x2f, 0x07, 0xea, 0x30, 0x00, 0xff, 0x51, 0x13,
  0xff, 0x4b, 0x19, 0xff, 0x3d, 0x15, 0xf8, 0x20, 0x00, 0xff, 0x35, 0x0c,
  0xf8, 0x3f, 0x00, 0xf9, 0x40, 0x00, 0xe2, 0x11, 0x00, 0xff, 0x21, 0x12,
  0xff, 0x17, 0x07, 0xe7, 0x0d, 0x00, 0xb4, 0x0e, 0x00, 0x9d, 0x0e, 0x00,
  0x90, 0x04, 0x00, 0x81, 0x03, 0x04, 0x51, 0x00, 0x00, 0x5e, 0x00, 0x00,
  0x93, 0x02, 0x0e, 0x96, 0x00, 0x00, 0xa9, 0x00, 0x05, 0xaa, 0x00, 0x00,
  0xe1, 0x04, 0x05, 0xff, 0x16, 0x15, 0xff, 0x12, 0x08, 0xf5, 0x06, 0x00,
  0xc7, 0x02, 0x0b, 0xb3, 0x00, 0x00, 0xa6, 0x00, 0x00, 0xb6, 0x03, 0x09,
  0xc7, 0x03, 0x03, 0xd5, 0x0c, 0x00, 0xe7, 0x26, 0x03, 0xee, 0x2f, 0x00,
  0xf5, 0x2d, 0x00, 0xff, 0x3f, 0x00, 0xff, 0x60, 0x17, 0xff, 0x58, 0x12,
  0xee, 0x2d, 0x00, 0xf6, 0x26, 0x00, 0xff, 0x23, 0x00, 0xff, 0x23, 0x0c,
  0xe6, 0x08, 0x01, 0xe0, 0x06, 0x04, 0xdf, 0x06, 0x00, 0xda, 0x05, 0x00,
  0xd6, 0x08, 0x00, 0xd2, 0x0c, 0x00, 0xbe, 0x01, 0x00, 0xc5, 0x01, 0x00,
  0xd5, 0x00, 0x00, 0xe3, 0x00, 0x00, 0xea, 0x02, 0x00, 0xf0, 0x08, 0x04,
  0xeb, 0x03, 0x00, 0xe5, 0x00, 0x00, 0xe5, 0x00, 0x00, 0xe5, 0x06, 0x04,
  0xc5, 0x00, 0x00, 0xc6, 0x02, 0x00, 0xd5, 0x0e, 0x06, 0xe0, 0x16, 0x02,
  0xff, 0x3c, 0x18, 0xff, 0x58, 0x22, 0xfe, 0x46, 0x00, 0xff, 0x54, 0x07,
  0xff, 0x59, 0x19, 0xf2, 0x24, 0x00, 0xee, 0x15, 0x00, 0xf6, 0x27, 0x00,
  0xff, 0x62, 0x14, 0xf3, 0x42, 0x00, 0xff, 0x2c, 0x10, 0xff, 0x18, 0x0f,
  0xff, 0x1b, 0x0f, 0xe8, 0x12, 0x02, 0xb0, 0x04, 0x00, 0x87, 0x00, 0x00,
  0x79, 0x00, 0x00, 0x64, 0x00, 0x00, 0x3f, 0x00, 0x00, 0x5f, 0x04, 0x07,
  0x9b, 0x04, 0x0a, 0xb4, 0x02, 0x07, 0xac, 0x00, 0x00, 0xbd, 0x00, 0x00,
  0xe4, 0x03, 0x01, 0xff, 0x17, 0x14, 0xff, 0x15, 0x0d, 0xf4, 0x04, 0x00,
  0xd0, 0x00, 0x0a, 0xcc, 0x00, 0x06, 0xd1, 0x03, 0x09, 0xd5, 0x05, 0x09,
  0xda, 0x09, 0x06, 0xd1, 0x04, 0x00, 0xc9, 0x06, 0x00, 0xcd, 0x0d, 0x00,
  0xf2, 0x29, 0x00, 0xff, 0x47, 0x06, 0xff, 0x59, 0x04, 0xff, 0x69, 0x10,
  0xff, 0x58, 0x09, 0xe8, 0x2b, 0x00, 0xf7, 0x28, 0x00, 0xf8, 0x21, 0x06,
  0xe1, 0x0c, 0x02, 0xcf, 0x00, 0x00, 0xc8, 0x00, 0x00, 0xc1, 0x00, 0x00,
  0xb4, 0x00, 0x00, 0xae, 0x00, 0x00, 0xb3, 0x00, 0x00, 0xc0, 0x00, 0x00,
  0xd5, 0x00, 0x00, 0xe7, 0x00, 0x00, 0xf0, 0x08, 0x04, 0xf0, 0x08, 0x04,
  0xec, 0x05, 0x01, 0xf9, 0x11, 0x0e, 0xe1, 0x00, 0x00, 0xd4, 0x00, 0x00,
  0xcb, 0x02, 0x06, 0xc6, 0x00, 0x03, 0xdf, 0x0b, 0x03, 0xf8, 0x20, 0x0c,
  0xff, 0x54, 0x2b, 0xff, 0x55, 0x1c, 0xff, 0x56, 0x11, 0xff, 0x53, 0x09,
  0xfe, 0x3d, 0x00, 0xea, 0x1d, 0x00, 0xe5, 0x0c, 0x00, 0xff, 0x3b, 0x0c,
  0xf0, 0x42, 0x00, 0xf8, 0x46, 0x02, 0xff, 0x2a, 0x15, 0xe7, 0x07, 0x03,
  0xdf, 0x0f, 0x03, 0xc9, 0x0a, 0x00, 0xab, 0x01, 0x00, 0x97, 0x00, 0x00,
  0x83, 0x00, 0x00, 0x80, 0x00, 0x00, 0x52, 0x00, 0x00, 0x7a, 0x01, 0x03,
  0xb7, 0x0c, 0x0c, 0xc1, 0x00, 0x00, 0xb8, 0x00, 0x00, 0xd0, 0x07, 0x00,
  0xe1, 0x00, 0x00, 0xff, 0x15, 0x10, 0xff, 0x29, 0x20, 0xff, 0x23, 0x18,
  0xd8, 0x01, 0x0c, 0xdc, 0x00, 0x08, 0xe0, 0x00, 0x02, 0xdd, 0x00, 0x00,
  0xdc, 0x02, 0x00, 0xcd, 0x00, 0x00, 0xbd, 0x00, 0x00, 0xc3, 0x06, 0x00,
  0xdc, 0x14, 0x00, 0xff, 0x3f, 0x0b, 0xff, 0x61, 0x0a, 0xfe, 0x66, 0x01,
  0xff, 0x60, 0x06, 0xff, 0x59, 0x0f, 0xec, 0x2b, 0x00, 0xf2, 0x26, 0x05,
  0xec, 0x1a, 0x0f, 0xd9, 0x0e, 0x0e, 0xc4, 0x0b, 0x0c, 0xb9, 0x0e, 0x0f,
  0x99, 0x00, 0x00, 0x9d, 0x00, 0x00, 0xab, 0x00, 0x00, 0xc1, 0x01, 0x00,
  0xd3, 0x00, 0x00, 0xe6, 0x00, 0x00, 0xed, 0x06, 0x02, 0xee, 0x07, 0x03,
  0xfe, 0x16, 0x12, 0xfa, 0x13, 0x0f, 0xff, 0x17, 0x13, 0xd7, 0x00, 0x00,
  0xb4, 0x00, 0x00, 0xba, 0x00, 0x02, 0xe2, 0x0c, 0x09, 0xfa, 0x20, 0x0f,
  0xf3, 0x23, 0x00, 0xf3, 0x29, 0x00, 0xf5, 0x30, 0x00, 0xf8, 0x34, 0x00,
  0xff, 0x3c, 0x00, 0xed, 0x22, 0x00, 0xe8, 0x12, 0x00, 0xff, 0x3c, 0x0f,
  0xff, 0x58, 0x19, 0xe6, 0x2b, 0x00, 0xdd, 0x09, 0x00, 0xde, 0x08, 0x0a,
  0xc5, 0x02, 0x00, 0xba, 0x01, 0x00, 0xb1, 0x00, 0x00, 0xac, 0x00, 0x00,
  0xb6, 0x07, 0x07, 0x9c, 0x00, 0x00, 0x99, 0x08, 0x07, 0xa3, 0x09, 0x04,
  0xc8, 0x0b, 0x02, 0xca, 0x00, 0x00, 0xc3, 0x00, 0x00, 0xd6, 0x07, 0x00,
  0xe7, 0x00, 0x00, 0xff, 0x0c, 0x05, 0xfe, 0x10, 0x07, 0xef, 0x04, 0x00,
  0xd7, 0x00, 0x05, 0xe1, 0x01, 0x06, 0xea, 0x02, 0x00, 0xed, 0x06, 0x00,
  0xe4, 0x03, 0x00, 0xd1, 0x00, 0x00, 0xb5, 0x00, 0x00, 0xaf, 0x00, 0x00,
  0xc3, 0x00, 0x00, 0xeb, 0x2c, 0x0d, 0xff, 0x62, 0x12, 0xfe, 0x66, 0x01,
  0xff, 0x63, 0x06, 0xee, 0x40, 0x00, 0xff, 0x59, 0x19, 0xef, 0x2e, 0x04,
  0xeb, 0x17, 0x0a, 0xda, 0x0f, 0x11, 0xb2, 0x0b, 0x0f, 0xa1, 0x11, 0x14,
  0x7e, 0x00, 0x00, 0x8c, 0x00, 0x00, 0xa9, 0x00, 0x00, 0xc7, 0x00, 0x00,
  0xdd, 0x01, 0x00, 0xed, 0x06, 0x02, 0xf7, 0x0f, 0x0b, 0xff, 0x19, 0x16,
  0xff, 0x19, 0x16, 0xfb, 0x14, 0x10, 0xff, 0x1b, 0x17, 0xda, 0x01, 0x04,
  0xac, 0x00, 0x02, 0xb3, 0x00, 0x0e, 0xce, 0x05, 0x09, 0xd5, 0x06, 0x01,
  0xcc, 0x07, 0x00, 0xd2, 0x0a, 0x00, 0xdf, 0x0b, 0x03, 0xe2, 0x0f, 0x00,
  0xf9, 0x30, 0x07, 0xfe, 0x37, 0x01, 0xfa, 0x27, 0x00, 0xff, 0x32, 0x07,
  0xed, 0x20, 0x00, 0xd5, 0x08, 0x00, 0xc8, 0x00, 0x00, 0xc5, 0x00, 0x00,
  0xb8, 0x00, 0x00, 0xbe, 0x00, 0x00, 0xce, 0x00, 0x00, 0xd7, 0x01, 0x01,
  0xe2, 0x0f, 0x0b, 0xda, 0x0f, 0x04, 0xc8, 0x09, 0x00, 0xdc, 0x1c, 0x06,
  0xfa, 0x29, 0x15, 0xdc, 0x07, 0x00, 0xf7, 0x29, 0x13, 0xf0, 0x1b, 0x0a,
  0xef, 0x01, 0x00, 0xf7, 0x02, 0x00, 0xf3, 0x06, 0x00, 0xed, 0x03, 0x00,
  0xd3, 0x00, 0x00, 0xe4, 0x03, 0x01, 0xf2, 0x0a, 0x00, 0xff, 0x1d, 0x0e,
  0xf7, 0x15, 0x09, 0xd9, 0x07, 0x00, 0xb5, 0x00, 0x00, 0xa5, 0x00, 0x00,
  0xb7, 0x00, 0x00, 0xd4, 0x12, 0x00, 0xff, 0x5c, 0x18, 0xff, 0x61, 0x09,
  0xff, 0x5c, 0x0f, 0xf5, 0x3e, 0x00, 0xff, 0x54, 0x1d, 0xeb, 0x28, 0x04,
  0xd7, 0x0c, 0x00, 0xc4, 0x0b, 0x0e, 0x99, 0x0b, 0x0d, 0x80, 0x09, 0x0d,
  0x6f, 0x00, 0x00, 0x85, 0x00, 0x00, 0xb0, 0x00, 0x00, 0xcd, 0x00, 0x00,
  0xec, 0x0a, 0x02, 0xf9, 0x13, 0x07, 0xff, 0x28, 0x1d, 0xff, 0x38, 0x2e,
  0xff, 0x1b, 0x14, 0xff, 0x1a, 0x14, 0xe8, 0x03, 0x00, 0xd2, 0x03, 0x03,
  0x88, 0x00, 0x00, 0x9b, 0x00, 0x04, 0xc3, 0x02, 0x08, 0xcf, 0x02, 0x00,
  0xd9, 0x0d, 0x07, 0xda, 0x07, 0x03, 0xdf, 0x00, 0x07, 0xdd, 0x00, 0x00,
  0xed, 0x1d, 0x00, 0xff, 0x4b, 0x1c, 0xff, 0x3c, 0x10, 0xfa, 0x20, 0x00,
  0xf9, 0x20, 0x0a, 0xcf, 0x00, 0x00, 0xb8, 0x00, 0x00, 0xc0, 0x00, 0x01,
  0xbd, 0x00, 0x00, 0xce, 0x06, 0x01, 0xea, 0x10, 0x08, 0xfa, 0x18, 0x0e,
  0xff, 0x1f, 0x15, 0xe1, 0x05, 0x00, 0xf4, 0x24, 0x04, 0xed, 0x1d, 0x00,
  0xef, 0x1a, 0x00, 0xf4, 0x1e, 0x02, 0xd9, 0x0a, 0x00, 0xf7, 0x23, 0x09,
  0xf6, 0x0e, 0x00, 0xf4, 0x04, 0x00, 0xf1, 0x05, 0x00, 0xf2, 0x06, 0x01,
  0xd0, 0x00, 0x00, 0xdf, 0x02, 0x00, 0xe9, 0x08, 0x00, 0xfc, 0x1b, 0x00,
  0xff, 0x38, 0x1e, 0xf3, 0x22, 0x10, 0xc1, 0x00, 0x00, 0xb3, 0x00, 0x00,
  0xbd, 0x00, 0x00, 0xd6, 0x0c, 0x00, 0xf2, 0x32, 0x00, 0xf6, 0x38, 0x00,
  0xff, 0x43, 0x17, 0xe2, 0x0f, 0x00, 0xfa, 0x22, 0x07, 0xf0, 0x20, 0x0d,
  0xc4, 0x0c, 0x06, 0x94, 0x00, 0x00, 0x6c, 0x01, 0x00, 0x60, 0x02, 0x04,
  0x5d, 0x00, 0x00, 0x87, 0x00, 0x00, 0xbb, 0x00, 0x00, 0xd8, 0x00, 0x00,
  0xff, 0x18, 0x06, 0xff, 0x18, 0x02, 0xf6, 0x1d, 0x04, 0xf4, 0x1d, 0x06,
  0xff, 0x21, 0x12, 0xff, 0x21, 0x15, 0xff, 0x26, 0x1a, 0xb8, 0x00, 0x00,
  0x8b, 0x00, 0x00, 0x8d, 0x00, 0x00, 0xbb, 0x00, 0x00, 0xd5, 0x00, 0x00,
  0xe5, 0x06, 0x02, 0xeb, 0x03, 0x02, 0xfa, 0x05, 0x0f, 0xec, 0x00, 0x00,
  0xee, 0x0d, 0x00, 0xff, 0x45, 0x1a, 0xff, 0x3d, 0x1b, 0xe3, 0x05, 0x00,
  0xf0, 0x15, 0x08, 0xd8, 0x05, 0x01, 0xc6, 0x00, 0x00, 0xc3, 0x00, 0x00,
  0xce, 0x06, 0x00, 0xe3, 0x18, 0x00, 0xfc, 0x29, 0x05, 0xfa, 0x23, 0x03,
  0xfe, 0x24, 0x12, 0xd4, 0x00, 0x00, 0xf6, 0x29, 0x01, 0xf5, 0x29, 0x00,
  0xf3, 0x26, 0x00, 0xf0, 0x23, 0x00, 0xeb, 0x23, 0x00, 0xeb, 0x21, 0x00,
  0xff, 0x31, 0x14, 0xff, 0x28, 0x14, 0xe8, 0x00, 0x00, 0xf0, 0x01, 0x00,
  0xde, 0x01, 0x00, 0xe2, 0x07, 0x00, 0xfb, 0x21, 0x00, 0xf9, 0x23, 0x00,
  0xff, 0x32, 0x0d, 0xf2, 0x22, 0x08, 0xd0, 0x07, 0x00, 0xc9, 0x01, 0x00,
  0xc3, 0x00, 0x00, 0xd8, 0x0c, 0x00, 0xf5, 0x27, 0x06, 0xff, 0x39, 0x18,
  0xff, 0x33, 0x1f, 0xff, 0x25, 0x1a, 0xe9, 0x05, 0x00, 0xdb, 0x0f, 0x09,
  0xb0, 0x16, 0x13, 0x75, 0x06, 0x02, 0x48, 0x00, 0x00, 0x40, 0x00, 0x00,
  0x5f, 0x00, 0x00, 0x8d, 0x00, 0x00, 0xc3, 0x00, 0x02, 0xde, 0x00, 0x00,
  0xff, 0x20, 0x07, 0xf8, 0x15, 0x00, 0xf8, 0x25, 0x04, 0xff, 0x43, 0x25,
  0xfd, 0x1f, 0x0b, 0xfa, 0x1b, 0x0b, 0xdb, 0x07, 0x00, 0xb9, 0x00, 0x00,
  0x8e, 0x00, 0x00, 0x95, 0x00, 0x00, 0xc3, 0x00, 0x00, 0xdd, 0x01, 0x00,
  0xea, 0x08, 0x00, 0xff, 0x17, 0x0f, 0xf2, 0x05, 0x05, 0xf4, 0x08, 0x01,
  0xe7, 0x00, 0x00, 0xf8, 0x1a, 0x00, 0xf6, 0x22, 0x08, 0xd1, 0x05, 0x00,
  0xc7, 0x03, 0x00, 0xc8, 0x09, 0x08, 0xc4, 0x04, 0x09, 0xba, 0x00, 0x00,
  0xc9, 0x00, 0x00, 0xe1, 0x14, 0x00, 0xf9, 0x2b, 0x00, 0xf8, 0x29, 0x00,
  0xf9, 0x27, 0x0c, 0xf6, 0x24, 0x0b, 0xe9, 0x1c, 0x00, 0xff, 0x51, 0x1e,
  0xff, 0x55, 0x1a, 0xff, 0x4c, 0x11, 0xfb, 0x3e, 0x03, 0xf5, 0x32, 0x00,
  0xf2, 0x28, 0x00, 0xff, 0x43, 0x21, 0xff, 0x28, 0x13, 0xe0, 0x00, 0x00,
  0xf2, 0x0e, 0x00, 0xf9, 0x1b, 0x04, 0xff, 0x3d, 0x14, 0xfd, 0x33, 0x03,
  0xfe, 0x36, 0x09, 0xff, 0x37, 0x17, 0xed, 0x1b, 0x12, 0xd6, 0x05, 0x05,
  0xcf, 0x05, 0x05, 0xc8, 0x00, 0x00, 0xe1, 0x08, 0x00, 0xff, 0x34, 0x2b,
  0xe3, 0x07, 0x04, 0xe5, 0x08, 0x0a, 0xe1, 0x04, 0x05, 0xcb, 0x10, 0x12,
  0x83, 0x0d, 0x0b, 0x49, 0x03, 0x00, 0x2c, 0x00, 0x00, 0x33, 0x00, 0x00,
  0x6b, 0x00, 0x00, 0x9d, 0x00, 0x04, 0xcc, 0x05, 0x09, 0xe2, 0x04, 0x00,
  0xff, 0x23, 0x03, 0xf3, 0x18, 0x00, 0xf7, 0x27, 0x00, 0xff, 0x43, 0x23,
  0xff, 0x34, 0x22, 0xf4, 0x17, 0x0b, 0xf5, 0x2a, 0x1d, 0xbe, 0x05, 0x00,
  0xa1, 0x00, 0x00, 0xab, 0x00, 0x00, 0xd5, 0x01, 0x00, 0xe7, 0x05, 0x00,
  0xfa, 0x21, 0x0b, 0xff, 0x34, 0x1c, 0xf5, 0x25, 0x10, 0xfb, 0x25, 0x14,
  0xfe, 0x1d, 0x0e, 0xf4, 0x1c, 0x0c, 0xc6, 0x0f, 0x00, 0x99, 0x00, 0x00,
  0x91, 0x00, 0x00, 0x9f, 0x07, 0x04, 0xaf, 0x05, 0x0f, 0xb7, 0x00, 0x00,
  0xc3, 0x00, 0x00, 0xfd, 0x2c, 0x08, 0xf2, 0x26, 0x00, 0xff, 0x44, 0x11,
  0xff, 0x51, 0x2d, 0xe5, 0x16, 0x00, 0xeb, 0x1b, 0x00, 0xfa, 0x36, 0x00,
  0xff, 0x5a, 0x09, 0xff, 0x5f, 0x04, 0xff, 0x5d, 0x0e, 0xff, 0x59, 0x17,
  0xff, 0x44, 0x0c, 0xff, 0x3f, 0x0a, 0xff, 0x3d, 0x0b, 0xef, 0x2a, 0x00,
  0xeb, 0x06, 0x00, 0xfb, 0x20, 0x04, 0xf8, 0x2e, 0x00, 0xeb, 0x2c, 0x00,
  0xff, 0x3f, 0x0b, 0xe9, 0x23, 0x00, 0xd7, 0x00, 0x00, 0xd7, 0x00, 0x00,
  0xc7, 0x00, 0x02, 0xc3, 0x01, 0x05, 0xca, 0x04, 0x04, 0xd0, 0x06, 0x06,
  0xc8, 0x00, 0x00, 0xce, 0x03, 0x08, 0xc4, 0x00, 0x01, 0xaa, 0x08, 0x0b,
  0x58, 0x00, 0x00, 0x32, 0x00, 0x00, 0x34, 0x00, 0x00, 0x4f, 0x00, 0x00,
  0x83, 0x00, 0x00, 0xb1, 0x00, 0x00, 0xd4, 0x08, 0x04, 0xe4, 0x0a, 0x00,
  0xfa, 0x1d, 0x00, 0xfa, 0x1e, 0x00, 0xf4, 0x20, 0x00, 0xf2, 0x1f, 0x00,
  0xf7, 0x1b, 0x08, 0xfb, 0x27, 0x1d, 0xdd, 0x24, 0x17, 0xa6, 0x00, 0x00,
  0xa6, 0x00, 0x00, 0xb5, 0x00, 0x00, 0xdc, 0x03, 0x00, 0xec, 0x09, 0x00,
  0xf3, 0x1d, 0x00, 0xee, 0x22, 0x00, 0xf0, 0x2a, 0x0d, 0xe3, 0x1a, 0x05,
  0xe5, 0x0b, 0x05, 0xd6, 0x09, 0x05, 0xa5, 0x00, 0x00, 0x78, 0x00, 0x00,
  0x7d, 0x00, 0x00, 0x80, 0x00, 0x00, 0x9a, 0x00, 0x07, 0xbd, 0x08, 0x0e,
  0xd7, 0x0a, 0x00, 0xf1, 0x1b, 0x00, 0xff, 0x53, 0x23, 0xff, 0x4f, 0x1b,
  0xff, 0x51, 0x22, 0xdb, 0x10, 0x00, 0xef, 0x1a, 0x00, 0xff, 0x40, 0x0f,
  0xff, 0x76, 0x1b, 0xff, 0x77, 0x0b, 0xff, 0x69, 0x0a, 0xff, 0x5d, 0x0b,
  0xfe, 0x4c, 0x04, 0xf5, 0x41, 0x00, 0xff, 0x4f, 0x0d, 0xef, 0x38, 0x00,
  0xf2, 0x0f, 0x00, 0xf3, 0x1c, 0x00, 0xf2, 0x30, 0x00, 0xed, 0x33, 0x00,
  0xe9, 0x2e, 0x00, 0xff, 0x38, 0x11, 0xfa, 0x1b, 0x0d, 0xdb, 0x00, 0x00,
  0xb5, 0x00, 0x00, 0xa2, 0x00, 0x00, 0x8d, 0x00, 0x00, 0x89, 0x00, 0x00,
  0xa6, 0x00, 0x00, 0xa6, 0x00, 0x00, 0xa5, 0x03, 0x01, 0x83, 0x00, 0x00,
  0x55, 0x00, 0x00, 0x4b, 0x00, 0x00, 0x65, 0x00, 0x00, 0x8a, 0x00, 0x00,
  0xbe, 0x00, 0x00, 0xd8, 0x04, 0x00, 0xec, 0x1b, 0x09, 0xff, 0x36, 0x17,
  0xfa, 0x1a, 0x00, 0xff, 0x28, 0x00, 0xfa, 0x20, 0x00, 0xff, 0x2c, 0x0c,
  0xdd, 0x05, 0x00, 0xfd, 0x39, 0x2e, 0xad, 0x10, 0x03, 0x8e, 0x00, 0x00,
  0x88, 0x00, 0x00, 0xb8, 0x08, 0x00, 0xdf, 0x0e, 0x00, 0xe5, 0x05, 0x00,
  0xf9, 0x21, 0x04, 0xff, 0x34, 0x15, 0xff, 0x36, 0x1c, 0xee, 0x22, 0x10,
  0xce, 0x06, 0x03, 0xb7, 0x00, 0x00, 0xa4, 0x00, 0x00, 0xa1, 0x08, 0x05,
  0x8b, 0x00, 0x00, 0x84, 0x00, 0x00, 0x8e, 0x00, 0x00, 0xaa, 0x00, 0x02,
  0xd8, 0x08, 0x00, 0xf1, 0x19, 0x00, 0xff, 0x50, 0x21, 0xff, 0x52, 0x19,
  0xff, 0x5e, 0x20, 0xf4, 0x2f, 0x00, 0xe1, 0x08, 0x00, 0xde, 0x10, 0x00,
  0xff, 0x5d, 0x04, 0xff, 0x76, 0x07, 0xff, 0x79, 0x0d, 0xff, 0x6b, 0x06,
  0xff, 0x66, 0x0b, 0xff, 0x5d, 0x0b, 0xff, 0x5e, 0x16, 0xff, 0x51, 0x0f,
  0xfb, 0x1f, 0x00, 0xf7, 0x25, 0x00, 0xff, 0x43, 0x09, 0xff, 0x5b, 0x1a,
  0xfc, 0x3f, 0x04, 0xff, 0x42, 0x16, 0xe6, 0x03, 0x00, 0xe9, 0x07, 0x06,
  0xce, 0x0a, 0x0a, 0x9a, 0x00, 0x00, 0x79, 0x00, 0x00, 0x87, 0x00, 0x04,
  0x9f, 0x00, 0x03, 0xa4, 0x00, 0x00, 0x9a, 0x07, 0x02, 0x83, 0x00, 0x00,
  0x64, 0x00, 0x00, 0x74, 0x00, 0x02, 0xa4, 0x05, 0x02, 0xcf, 0x14, 0x06,
  0xe4, 0x19, 0x00, 0xf2, 0x22, 0x00, 0xff, 0x3a, 0x11, 0xff, 0x53, 0x22,
  0xff, 0x30, 0x00, 0xff, 0x38, 0x00, 0xfb, 0x27, 0x00, 0xff, 0x2f, 0x0c,
  0xd5, 0x00, 0x00, 0xd1, 0x0c, 0x05, 0xa4, 0x0b, 0x01, 0x6f, 0x00, 0x00,
  0x8c, 0x00, 0x00, 0xb6, 0x09, 0x00, 0xdf, 0x0d, 0x02, 0xec, 0x0b, 0x00,
  0xf7, 0x1c, 0x06, 0xf8, 0x21, 0x0a, 0xec, 0x19, 0x05, 0xd2, 0x07, 0x00,
  0xbc, 0x00, 0x00, 0xac, 0x00, 0x00, 0xab, 0x02, 0x04, 0xb3, 0x11, 0x11,
  0x9c, 0x00, 0x00, 0x96, 0x00, 0x00, 0x9e, 0x00, 0x00, 0xb9, 0x02, 0x05,
  0xd7, 0x00, 0x00, 0xf6, 0x1b, 0x03, 0xf1, 0x2e, 0x00, 0xff, 0x53, 0x15,
  0xff, 0x58, 0x0c, 0xfd, 0x3c, 0x00, 0xed, 0x11, 0x00, 0xd9, 0x03, 0x00,
  0xfb, 0x4a, 0x04, 0xff, 0x77, 0x11, 0xff, 0x85, 0x0f, 0xfa, 0x70, 0x00,
  0xff, 0x74, 0x09, 0xff, 0x6a, 0x0e, 0xff, 0x52, 0x13, 0xff, 0x3f, 0x0e,
  0xf9, 0x27, 0x03, 0xf5, 0x29, 0x00, 0xff, 0x42, 0x05, 0xff, 0x57, 0x14,
  0xfc, 0x3b, 0x00, 0xff, 0x3a, 0x0e, 0xea, 0x05, 0x00, 0xe4, 0x01, 0x00,
  0xd0, 0x08, 0x05, 0xb0, 0x00, 0x00, 0x9b, 0x00, 0x06, 0x9b, 0x00, 0x09,
  0xad, 0x00, 0x06, 0xb4, 0x04, 0x07, 0xa0, 0x04, 0x00, 0x94, 0x00, 0x00,
  0x8c, 0x00, 0x00, 0xa6, 0x00, 0x03, 0xd1, 0x0c, 0x01, 0xf5, 0x30, 0x0c,
  0xff, 0x56, 0x15, 0xfe, 0x57, 0x09, 0xff, 0x56, 0x0e, 0xff, 0x5f, 0x15,
  0xff, 0x63, 0x0e, 0xff, 0x5c, 0x0a, 0xee, 0x30, 0x00, 0xf2, 0x22, 0x00,
  0xf2, 0x10, 0x06, 0xdc, 0x06, 0x07, 0xc3, 0x13, 0x18, 0x8e, 0x00, 0x00,
  0x9d, 0x00, 0x01, 0xb9, 0x05, 0x09, 0xe1, 0x0a, 0x0c, 0xf7, 0x14, 0x11,
  0xee, 0x11, 0x05, 0xe3, 0x0d, 0x00, 0xd6, 0x06, 0x00, 0xc7, 0x00, 0x00,
  0xb8, 0x00, 0x00, 0xae, 0x00, 0x00, 0xaf, 0x00, 0x00, 0xbc, 0x0d, 0x0d,
  0xb5, 0x01, 0x02, 0xb2, 0x00, 0x00, 0xbe, 0x00, 0x02, 0xd5, 0x03, 0x06,
  0xed, 0x08, 0x03, 0xfa, 0x1c, 0x07, 0xe6, 0x25, 0x00, 0xff, 0x5f, 0x1d,
  0xff, 0x69, 0x14, 0xed, 0x30, 0x00, 0xe0, 0x02, 0x00, 0xee, 0x0c, 0x01,
  0xff, 0x3b, 0x0f, 0xff, 0x61, 0x13, 0xff, 0x7f, 0x0a, 0xfd, 0x7e, 0x00,
  0xf0, 0x69, 0x00, 0xfe, 0x5e, 0x02, 0xf7, 0x2a, 0x02, 0xeb, 0x07, 0x00,
  0xf0, 0x23, 0x00, 0xef, 0x25, 0x00, 0xee, 0x2d, 0x00, 0xe5, 0x28, 0x00,
  0xff, 0x3c, 0x00, 0xe0, 0x0f, 0x00, 0xed, 0x08, 0x00, 0xe7, 0x04, 0x00,
  0xce, 0x05, 0x00, 0xb7, 0x00, 0x01, 0xae, 0x00, 0x12, 0xb2, 0x02, 0x19,
  0xb5, 0x00, 0x07, 0xbf, 0x08, 0x0c, 0xa2, 0x01, 0x00, 0x9e, 0x01, 0x00,
  0xa9, 0x00, 0x07, 0xc0, 0x00, 0x05, 0xdf, 0x07, 0x00, 0xf9, 0x2d, 0x00,
  0xff, 0x62, 0x0f, 0xe6, 0x52, 0x00, 0xe3, 0x34, 0x00, 0xe1, 0x30, 0x00,
  0xf7, 0x5b, 0x00, 0xfe, 0x62, 0x07, 0xf9, 0x45, 0x02, 0xff, 0x41, 0x19,
  0xf7, 0x10, 0x07, 0xe8, 0x08, 0x0f, 0xbd, 0x03, 0x0d, 0x9c, 0x00, 0x00,
  0xa6, 0x01, 0x0b, 0xbb, 0x03, 0x0d, 0xe2, 0x09, 0x10, 0xfe, 0x18, 0x1b,
  0xe5, 0x07, 0x00, 0xda, 0x03, 0x00, 0xd6, 0x06, 0x01, 0xd2, 0x0c, 0x0b,
  0xc4, 0x09, 0x0b, 0xb2, 0x00, 0x00, 0xae, 0x00, 0x00, 0xb7, 0x00, 0x00,
  0xc4, 0x04, 0x05, 0xc4, 0x00, 0x00, 0xd1, 0x00, 0x02, 0xe6, 0x06, 0x0b,
  0xe9, 0x00, 0x00, 0xcf, 0x00, 0x00, 0xd3, 0x14, 0x00, 0xe5, 0x38, 0x00,
  0xff, 0x61, 0x08, 0xf5, 0x3a, 0x00, 0xeb, 0x0a, 0x00, 0xe8, 0x00, 0x00,
  0xe8, 0x12, 0x00, 0xd4, 0x20, 0x00, 0xd0, 0x46, 0x00, 0xe2, 0x69, 0x00,
  0xf2, 0x70, 0x00, 0xfc, 0x5c, 0x00, 0xfc, 0x27, 0x08, 0xef, 0x00, 0x00,
  0xe8, 0x06, 0x00, 0xfa, 0x15, 0x0c, 0xee, 0x07, 0x01, 0xf1, 0x09, 0x07,
  0xea, 0x08, 0x0b, 0xd4, 0x00, 0x01, 0xce, 0x05, 0x07, 0xbb, 0x00, 0x00,
  0xc5, 0x04, 0x03, 0xc7, 0x04, 0x01, 0xc9, 0x03, 0x01, 0xcd, 0x00, 0x01,
  0xd4, 0x00, 0x04, 0xd8, 0x00, 0x04, 0xdf, 0x00, 0x06, 0xdd, 0x00, 0x08,
  0xd3, 0x00, 0x08, 0xd2, 0x00, 0x03, 0xef, 0x0a, 0x13, 0xf6, 0x05, 0x0d,
  0xfb, 0x00, 0x05, 0xf7, 0x00, 0x00, 0xf9, 0x00, 0x00, 0xf4, 0x0c, 0x00,
  0xff, 0x4a, 0x13, 0xee, 0x3a, 0x03, 0xef, 0x1b, 0x03, 0xe1, 0x04, 0x03,
  0xce, 0x02, 0x0c, 0xab, 0x00, 0x00, 0x99, 0x00, 0x00, 0xa9, 0x00, 0x00,
  0xcb, 0x00, 0x00, 0xe4, 0x03, 0x01, 0xe7, 0x08, 0x06, 0xe3, 0x09, 0x05,
  0xd7, 0x02, 0x00, 0xcd, 0x00, 0x00, 0xd9, 0x08, 0x01, 0xca, 0x00, 0x00,
  0xcc, 0x00, 0x00, 0xc8, 0x04, 0x06, 0xb8, 0x04, 0x06, 0xc0, 0x02, 0x07,
  0xd9, 0x00, 0x0a, 0xe3, 0x00, 0x04, 0xe6, 0x00, 0x00, 0xe7, 0x00, 0x00,
  0xed, 0x02, 0x02, 0xee, 0x01, 0x02, 0xf1, 0x00, 0x02, 0xf1, 0x00, 0x02,
  0xed, 0x00, 0x00, 0xe2, 0x00, 0x00, 0xe0, 0x07, 0x00, 0xd6, 0x07, 0x04,
  0xd0, 0x0c, 0x11, 0xd2, 0x09, 0x0f, 0xe7, 0x08, 0x06, 0xfa, 0x16, 0x08,
  0xfb, 0x25, 0x09, 0xff, 0x38, 0x18, 0xff, 0x29, 0x0e, 0xff, 0x2d, 0x12,
  0xe9, 0x02, 0x00, 0xff, 0x19, 0x12, 0xec, 0x00, 0x00, 0xf3, 0x0b, 0x0a,
  0xe1, 0x02, 0x04, 0xd1, 0x00, 0x00, 0xc2, 0x00, 0x00, 0xb6, 0x00, 0x00,
  0xbc, 0x00, 0x00, 0xc7, 0x00, 0x00, 0xd4, 0x03, 0x03, 0xdf, 0x06, 0x08,
  0xe0, 0x05, 0x08, 0xdf, 0x04, 0x07, 0xdc, 0x04, 0x06, 0xd2, 0x05, 0x06,
  0xb6, 0x00, 0x00, 0xb9, 0x00, 0x00, 0xe1, 0x07, 0x0f, 0xee, 0x02, 0x09,
  0xfb, 0x02, 0x06, 0xfa, 0x00, 0x00, 0xff, 0x0c, 0x01, 0xff, 0x22, 0x07,
  0xff, 0x49, 0x11, 0xf5, 0x3c, 0x09, 0xec, 0x15, 0x00, 0xe0, 0x06, 0x04,
  0xc9, 0x04, 0x0c, 0xae, 0x00, 0x03, 0xa8, 0x00, 0x04, 0xc0, 0x06, 0x0e,
  0xd8, 0x04, 0x05, 0xe8, 0x0a, 0x05, 0xe7, 0x09, 0x04, 0xec, 0x10, 0x0b,
  0xdd, 0x03, 0x00, 0xdc, 0x05, 0x00, 0xd5, 0x00, 0x00, 0xd8, 0x05, 0x00,
  0xd1, 0x02, 0x01, 0xcd, 0x07, 0x08, 0xa7, 0x00, 0x00, 0xae, 0x00, 0x00,
  0xd3, 0x00, 0x02, 0xee, 0x07, 0x0e, 0xed, 0x07, 0x05, 0xeb, 0x04, 0x00,
  0xed, 0x03, 0x00, 0xee, 0x01, 0x02, 0xf1, 0x00, 0x02, 0xf1, 0x00, 0x02,
  0xee, 0x01, 0x02, 0xed, 0x07, 0x05, 0xeb, 0x11, 0x0b, 0xbe, 0x00, 0x00,
  0xb4, 0x00, 0x00, 0xb5, 0x00, 0x00, 0xda, 0x00, 0x00, 0xed, 0x07, 0x00,
  0xe7, 0x0e, 0x00, 0xff, 0x36, 0x17, 0xff, 0x35, 0x1c, 0xe5, 0x05, 0x00,
  0xf3, 0x00, 0x00, 0xff, 0x12, 0x0d, 0xf5, 0x04, 0x01, 0xf2, 0x08, 0x07,
  0xdc, 0x00, 0x00, 0xd0, 0x01, 0x02, 0xb5, 0x00, 0x00, 0xb3, 0x00, 0x00,
  0xc4, 0x00, 0x00, 0xd4, 0x00, 0x00, 0xe7, 0x00, 0x02, 0xf2, 0x02, 0x08,
  0xee, 0x01, 0x06, 0xe0, 0x01, 0x01, 0xcc, 0x02, 0x00, 0xb6, 0x05, 0x00,
  0x8a, 0x00, 0x00, 0x91, 0x00, 0x00, 0xca, 0x07, 0x0e, 0xe2, 0x02, 0x07,
  0xf0, 0x00, 0x00, 0xf6, 0x05, 0x00, 0xfb, 0x1e, 0x02, 0xff, 0x3a, 0x0f,
  0xff, 0x46, 0x0f, 0xff, 0x3e, 0x10, 0xeb, 0x0c, 0x00, 0xe1, 0x09, 0x09,
  0xb2, 0x00, 0x00, 0xa0, 0x00, 0x00, 0xb5, 0x00, 0x05, 0xd7, 0x0d, 0x16,
  0xdc, 0x07, 0x01, 0xfe, 0x21, 0x15, 0xf7, 0x1a, 0x0e, 0xeb, 0x0b, 0x00,
  0xea, 0x08, 0x00, 0xe1, 0x00, 0x00, 0xe9, 0x05, 0x00, 0xee, 0x0e, 0x08,
  0xd9, 0x01, 0x01, 0xcc, 0x00, 0x00, 0xbf, 0x00, 0x01, 0xbe, 0x00, 0x00,
  0xdc, 0x00, 0x08, 0xe6, 0x00, 0x04, 0xff, 0x1d, 0x18, 0xee, 0x08, 0x00,
  0xed, 0x03, 0x00, 0xee, 0x01, 0x02, 0xf1, 0x00, 0x02, 0xf1, 0x00, 0x02,
  0xed, 0x00, 0x00, 0xeb, 0x05, 0x03, 0xf3, 0x19, 0x13, 0xb2, 0x00, 0x00,
  0x96, 0x00, 0x00, 0x92, 0x00, 0x00, 0xd4, 0x00, 0x00, 0xea, 0x00, 0x00,
  0xe9, 0x09, 0x00, 0xff, 0x24, 0x0d, 0xeb, 0x06, 0x00, 0xea, 0x00, 0x00,
  0xf6, 0x06, 0x00, 0xf5, 0x04, 0x00, 0xff, 0x11, 0x0e, 0xed, 0x02, 0x02,
  0xdc, 0x00, 0x00, 0xd5, 0x05, 0x07, 0xb4, 0x00, 0x00, 0xb8, 0x00, 0x00,
  0xda, 0x09, 0x06, 0xe5, 0x03, 0x04, 0xed, 0x00, 0x04, 0xed, 0x00, 0x04,
  0xe4, 0x00, 0x00, 0xd3, 0x00, 0x00, 0xb9, 0x00, 0x00, 0x9f, 0x00, 0x00,
  0x79, 0x00, 0x00, 0x83, 0x00, 0x00, 0xbd, 0x08, 0x0e, 0xdb, 0x04, 0x08,
  0xe0, 0x00, 0x00, 0xec, 0x00, 0x00, 0xfc, 0x21, 0x00, 0xff, 0x3f, 0x13,
  0xff, 0x3f, 0x11, 0xff, 0x3e, 0x1b, 0xe9, 0x07, 0x00, 0xe2, 0x0a, 0x0a,
  0x9d, 0x00, 0x00, 0x94, 0x00, 0x00, 0xb8, 0x00, 0x00, 0xe1, 0x09, 0x10,
  0xf6, 0x1e, 0x13, 0xe8, 0x0c, 0x00, 0xff, 0x37, 0x27, 0xe8, 0x07, 0x00,
  0xec, 0x06, 0x00, 0xf1, 0x06, 0x00, 0xec, 0x00, 0x00, 0xff, 0x1b, 0x13,
  0xdb, 0x00, 0x00, 0xd8, 0x04, 0x05, 0xbf, 0x00, 0x00, 0xc6, 0x00, 0x00,
  0xe0, 0x05, 0x08, 0xe5, 0x02, 0x01, 0xfd, 0x19, 0x0f, 0xfc, 0x16, 0x0b,
  0xed, 0x03, 0x00, 0xee, 0x01, 0x02, 0xf1, 0x00, 0x02, 0xf1, 0x00, 0x02,
  0xea, 0x00, 0x00, 0xdf, 0x00, 0x00, 0xf6, 0x1d, 0x17, 0xbb, 0x00, 0x00,
  0x8d, 0x00, 0x00, 0x86, 0x00, 0x00, 0xd8, 0x06, 0x08, 0xed, 0x03, 0x00,
  0xff, 0x20, 0x11, 0xf9, 0x18, 0x07, 0xf0, 0x08, 0x00, 0xf4, 0x09, 0x00,
  0xfc, 0x1d, 0x10, 0xf8, 0x16, 0x0c, 0xe6, 0x00, 0x00, 0xed, 0x05, 0x04,
  0xe9, 0x07, 0x0a, 0xdc, 0x03, 0x08, 0xcc, 0x01, 0x03, 0xc6, 0x00, 0x00,
  0xde, 0x02, 0x08, 0xe6, 0x04, 0x0a, 0xf1, 0x15, 0x19, 0xd8, 0x06, 0x06,
  0xbe, 0x00, 0x00, 0xa0, 0x00, 0x00, 0xb9, 0x07, 0x00, 0xac, 0x07, 0x01,
  0x86, 0x00, 0x00, 0x92, 0x00, 0x00, 0xb2, 0x00, 0x04, 0xcf, 0x05, 0x05,
  0xe0, 0x00, 0x00, 0xef, 0x06, 0x00, 0xf3, 0x06, 0x00, 0xff, 0x31, 0x0f,
  0xff, 0x36, 0x12, 0xfb, 0x23, 0x08, 0xf8, 0x11, 0x0a, 0xd4, 0x00, 0x00,
  0x9b, 0x00, 0x00, 0x9a, 0x00, 0x00, 0xcd, 0x00, 0x05, 0xe1, 0x04, 0x05,
  0xe2, 0x08, 0x00, 0xff, 0x34, 0x1d, 0xfd, 0x20, 0x09, 0xff, 0x20, 0x0a,
  0xff, 0x1c, 0x08, 0xed, 0x03, 0x00, 0xf0, 0x04, 0x00, 0xff, 0x1e, 0x0f,
  0xe7, 0x04, 0x00, 0xde, 0x04, 0x02, 0xd4, 0x03, 0x03, 0xd3, 0x01, 0x01,
  0xd6, 0x00, 0x00, 0xe0, 0x00, 0x00, 0xff, 0x30, 0x21, 0xff, 0x19, 0x0b,
  0xf1, 0x08, 0x02, 0xea, 0x00, 0x00, 0xe8, 0x00, 0x00, 0xea, 0x00, 0x00,
  0xe8, 0x00, 0x00, 0xe9, 0x04, 0x02, 0xdf, 0x06, 0x00, 0xa3, 0x00, 0x00,
  0x86, 0x00, 0x00, 0x99, 0x04, 0x07, 0xce, 0x05, 0x09, 0xeb, 0x08, 0x07,
  0xeb, 0x0b, 0x00, 0xeb, 0x0c, 0x00, 0xec, 0x0a, 0x00, 0xec, 0x0a, 0x00,
  0xfb, 0x1c, 0x0e, 0xfe, 0x1c, 0x12, 0xee, 0x07, 0x01, 0xec, 0x04, 0x03,
  0xe9, 0x07, 0x0a, 0xdc, 0x03, 0x08, 0xcd, 0x00, 0x03, 0xc6, 0x00, 0x00,
  0xe2, 0x0d, 0x18, 0xdd, 0x0a, 0x14, 0xce, 0x0e, 0x12, 0xb3, 0x02, 0x00,
  0xa3, 0x00, 0x00, 0xa5, 0x04, 0x00, 0x98, 0x00, 0x00, 0xa4, 0x00, 0x00,
  0xa4, 0x00, 0x05, 0xa9, 0x00, 0x07, 0xb1, 0x00, 0x00, 0xc5, 0x02, 0x00,
  0xd8, 0x04, 0x00, 0xe8, 0x05, 0x00, 0xf1, 0x00, 0x00, 0xf9, 0x09, 0x00,
  0xfd, 0x1c, 0x00, 0xe4, 0x06, 0x00, 0xea, 0x02, 0x00, 0xdb, 0x02, 0x05,
  0xad, 0x00, 0x00, 0xa1, 0x00, 0x00, 0xd5, 0x05, 0x07, 0xfd, 0x1f, 0x1a,
  0xff, 0x38, 0x22, 0xff, 0x34, 0x15, 0xfc, 0x22, 0x03, 0xec, 0x10, 0x00,
  0xfe, 0x1f, 0x02, 0xff, 0x1f, 0x03, 0xff, 0x21, 0x04, 0xff, 0x20, 0x08,
  0xe8, 0x04, 0x00, 0xe3, 0x02, 0x00, 0xda, 0x00, 0x01, 0xd6, 0x00, 0x00,
  0xd0, 0x00, 0x00, 0xed, 0x0f, 0x06, 0xff, 0x34, 0x23, 0xff, 0x1b, 0x0c,
  0xee, 0x04, 0x00, 0xfb, 0x0e, 0x0e, 0xfc, 0x0a, 0x0c, 0xee, 0x00, 0x00,
  0xee, 0x01, 0x02, 0xef, 0x0a, 0x07, 0xe6, 0x0d, 0x06, 0xb9, 0x00, 0x00,
  0x86, 0x00, 0x00, 0x8b, 0x00, 0x02, 0xb8, 0x01, 0x01, 0xd9, 0x06, 0x04,
  0xe4, 0x03, 0x00, 0xe9, 0x02, 0x00, 0xe9, 0x01, 0x00, 0xe9, 0x01, 0x00,
  0xff, 0x16, 0x0c, 0xf2, 0x06, 0x00, 0xe6, 0x00, 0x00, 0xf4, 0x09, 0x09,
  0xe7, 0x07, 0x0a, 0xd9, 0x05, 0x08, 0xc7, 0x03, 0x03, 0xbb, 0x00, 0x03,
  0xc6, 0x0a, 0x15, 0xb9, 0x06, 0x10, 0x9a, 0x00, 0x00, 0x90, 0x00, 0x00,
  0x7f, 0x00, 0x00, 0x82, 0x00, 0x00, 0x9d, 0x0b, 0x0a, 0x9f, 0x02, 0x03,
  0xad, 0x02, 0x05, 0xb3, 0x01, 0x02, 0xb8, 0x02, 0x00, 0xc0, 0x02, 0x00,
  0xd3, 0x08, 0x00, 0xdd, 0x04, 0x00, 0xec, 0x06, 0x00, 0xe7, 0x00, 0x00,
  0xec, 0x0c, 0x00, 0xdc, 0x00, 0x00, 0xe8, 0x02, 0x02, 0xe0, 0x05, 0x0b,
  0xc2, 0x00, 0x01, 0xb1, 0x00, 0x00, 0xd7, 0x08, 0x05, 0xf8, 0x1f, 0x14,
  0xff, 0x33, 0x16, 0xff, 0x32, 0x0c, 0xfd, 0x24, 0x00, 0xf7, 0x20, 0x00,
  0xf3, 0x1f, 0x00, 0xff, 0x3a, 0x12, 0xff, 0x35, 0x0c, 0xe4, 0x0d, 0x00,
  0xe8, 0x05, 0x00, 0xe7, 0x00, 0x00, 0xdf, 0x00, 0x00, 0xdb, 0x00, 0x00,
  0xd8, 0x00, 0x00, 0xe3, 0x08, 0x00, 0xff, 0x36, 0x23, 0xf4, 0x0c, 0x00,
  0xe9, 0x00, 0x00, 0xee, 0x01, 0x02, 0xf4, 0x02, 0x04, 0xf3, 0x01, 0x03,
  0xf6, 0x0a, 0x0a, 0xe2, 0x00, 0x00, 0xdf, 0x06, 0x00, 0xbb, 0x01, 0x00,
  0x84, 0x00, 0x00, 0x77, 0x00, 0x00, 0x96, 0x00, 0x00, 0xbe, 0x05, 0x00,
  0xed, 0x0c, 0x09, 0xfc, 0x05, 0x07, 0xfd, 0x04, 0x09, 0xff, 0x03, 0x09,
  0xe2, 0x00, 0x00, 0xe2, 0x01, 0x00, 0xd0, 0x00, 0x00, 0xd9, 0x01, 0x00,
  0xe2, 0x09, 0x0c, 0xd4, 0x07, 0x08, 0xbf, 0x07, 0x03, 0xae, 0x06, 0x05,
  0x97, 0x00, 0x00, 0x8c, 0x00, 0x01, 0x74, 0x00, 0x00, 0x7e, 0x00, 0x00,
  0x7c, 0x00, 0x00, 0x7d, 0x00, 0x00, 0x94, 0x0b, 0x0e, 0x8b, 0x00, 0x00,
  0xa0, 0x00, 0x00, 0xa9, 0x00, 0x00, 0xb4, 0x01, 0x00, 0xbf, 0x08, 0x00,
  0xcc, 0x0d, 0x00, 0xd7, 0x0a, 0x00, 0xf7, 0x15, 0x0b, 0xea, 0x01, 0x00,
  0xe0, 0x00, 0x00, 0xe0, 0x01, 0x00, 0xec, 0x0c, 0x05, 0xd7, 0x00, 0x00,
  0xc5, 0x00, 0x00, 0xbe, 0x00, 0x00, 0xd5, 0x04, 0x00, 0xdd, 0x04, 0x00,
  0xe7, 0x0c, 0x00, 0xe4, 0x08, 0x00, 0xfc, 0x1d, 0x00, 0xe5, 0x0b, 0x00,
  0xfa, 0x25, 0x00, 0xff, 0x39, 0x0e, 0xff, 0x41, 0x0f, 0xff, 0x34, 0x0b,
  0xe7, 0x06, 0x00, 0xe9, 0x00, 0x00, 0xe1, 0x00, 0x00, 0xdc, 0x00, 0x00,
  0xe2, 0x06, 0x00, 0xe3, 0x06, 0x00, 0xff, 0x1d, 0x11, 0xe5, 0x01, 0x00,
  0xe4, 0x00, 0x00, 0xfe, 0x14, 0x11, 0xff, 0x19, 0x12, 0xf2, 0x09, 0x01,
  0xff, 0x2c, 0x23, 0xee, 0x0c, 0x01, 0xe1, 0x05, 0x00, 0xc7, 0x0b, 0x06,
  0x80, 0x00, 0x00, 0x68, 0x00, 0x00, 0x79, 0x00, 0x00, 0xa7, 0x07, 0x00,
  0xdd, 0x09, 0x08, 0xf1, 0x00, 0x02, 0xf8, 0x00, 0x02, 0xfb, 0x00, 0x02,
  0xd0, 0x0a, 0x06, 0xb8, 0x00, 0x00, 0x9d, 0x00, 0x00, 0xb7, 0x07, 0x00,
  0xe4, 0x19, 0x1c, 0xd3, 0x0b, 0x0d, 0xaa, 0x00, 0x00, 0x8a, 0x00, 0x00,
  0x82, 0x00, 0x05, 0x75, 0x00, 0x00, 0x77, 0x00, 0x00, 0x83, 0x00, 0x00,
  0x91, 0x09, 0x03, 0x8e, 0x03, 0x00, 0x85, 0x00, 0x00, 0x84, 0x00, 0x00,
  0x94, 0x00, 0x00, 0x9c, 0x00, 0x00, 0xa0, 0x00, 0x00, 0xa5, 0x00, 0x00,
  0xb5, 0x03, 0x00, 0xd3, 0x0f, 0x02, 0xf0, 0x0c, 0x05, 0xf3, 0x05, 0x00,
  0xe4, 0x03, 0x00, 0xdc, 0x02, 0x00, 0xdb, 0x06, 0x00, 0xd7, 0x0a, 0x00,
  0xcc, 0x0e, 0x05, 0xc3, 0x02, 0x00, 0xd1, 0x00, 0x00, 0xe6, 0x08, 0x01,
  0xe4, 0x05, 0x00, 0xfb, 0x18, 0x07, 0xff, 0x15, 0x09, 0xff, 0x1b, 0x0a,
  0xff, 0x26, 0x0b, 0xff, 0x38, 0x10, 0xf7, 0x3f, 0x07, 0xfe, 0x40, 0x0e,
  0xe3, 0x05, 0x00, 0xf4, 0x08, 0x03, 0xe7, 0x03, 0x04, 0xdf, 0x00, 0x01,
  0xe5, 0x02, 0x01, 0xe6, 0x05, 0x06, 0xe1, 0x03, 0x07, 0xde, 0x01, 0x05,
  0xde, 0x00, 0x00, 0xf1, 0x0a, 0x03, 0xf9, 0x1b, 0x04, 0xfd, 0x23, 0x06,
  0xff, 0x34, 0x16, 0xfd, 0x22, 0x0a, 0xea, 0x08, 0x00, 0xd2, 0x11, 0x10,
  0x7d, 0x00, 0x00, 0x49, 0x00, 0x00, 0x50, 0x00, 0x00, 0x81, 0x00, 0x00,
  0xc1, 0x0c, 0x07, 0xd9, 0x01, 0x00, 0xe7, 0x00, 0x00, 0xef, 0x00, 0x00,
  0xcb, 0x0b, 0x0c, 0xb8, 0x02, 0x00, 0x9a, 0x00, 0x00, 0xb0, 0x09, 0x02,
  0xd3, 0x0c, 0x10, 0xca, 0x01, 0x05, 0xab, 0x00, 0x00, 0x91, 0x00, 0x00,
  0x80, 0x00, 0x00, 0x84, 0x00, 0x04, 0x96, 0x09, 0x09, 0xa4, 0x13, 0x0d,
  0x97, 0x07, 0x00, 0x92, 0x03, 0x00, 0x8a, 0x00, 0x02, 0x8b, 0x00, 0x00,
  0xa8, 0x05, 0x0c, 0xb0, 0x02, 0x08, 0xb5, 0x00, 0x04, 0xb6, 0x01, 0x00,
  0xad, 0x00, 0x00, 0xc7, 0x07, 0x00, 0xe3, 0x07, 0x02, 0xea, 0x02, 0x00,
  0xe4, 0x01, 0x00, 0xda, 0x01, 0x00, 0xd1, 0x02, 0x00, 0xc9, 0x09, 0x00,
  0xa4, 0x00, 0x00, 0xae, 0x00, 0x00, 0xce, 0x00, 0x00, 0xe4, 0x00, 0x00,
  0xfe, 0x21, 0x15, 0xfb, 0x1c, 0x0c, 0xf2, 0x06, 0x00, 0xf2, 0x04, 0x00,
  0xed, 0x08, 0x00, 0xe4, 0x0e, 0x00, 0xfe, 0x40, 0x0e, 0xff, 0x54, 0x25,
  0xff, 0x34, 0x20, 0xee, 0x07, 0x01, 0xde, 0x00, 0x01, 0xda, 0x00, 0x00,
  0xe4, 0x01, 0x00, 0xe4, 0x02, 0x03, 0xd7, 0x00, 0x09, 0xcf, 0x00, 0x01,
  0xe9, 0x07, 0x0a, 0xe5, 0x08, 0x00, 0xf3, 0x29, 0x00, 0xff, 0x3f, 0x07,
  0xff, 0x46, 0x0e, 0xdf, 0x14, 0x00, 0xec, 0x0f, 0x01, 0xf8, 0x34, 0x34,
  0x7d, 0x00, 0x00, 0x51, 0x00, 0x00, 0x5b, 0x00, 0x00, 0x86, 0x04, 0x00,
  0xbc, 0x0e, 0x09, 0xd2, 0x03, 0x03, 0xdf, 0x00, 0x00, 0xe7, 0x00, 0x00,
  0xd3, 0x07, 0x0c, 0xc9, 0x05, 0x08, 0xb1, 0x00, 0x00, 0xbf, 0x02, 0x02,
  0xd6, 0x0b, 0x10, 0xd4, 0x03, 0x0a, 0xc8, 0x00, 0x03, 0xbd, 0x00, 0x01,
  0xc1, 0x04, 0x0f, 0xbd, 0x0a, 0x12, 0xb6, 0x0e, 0x0e, 0xab, 0x0d, 0x07,
  0xa7, 0x10, 0x0a, 0x9b, 0x09, 0x06, 0x90, 0x00, 0x02, 0x93, 0x00, 0x00,
  0xc6, 0x05, 0x10, 0xd1, 0x00, 0x0c, 0xd0, 0x01, 0x0a, 0xcc, 0x03, 0x08,
  0xb7, 0x00, 0x00, 0xbd, 0x00, 0x00, 0xcd, 0x02, 0x02, 0xd6, 0x00, 0x04,
  0xdc, 0x00, 0x03, 0xdb, 0x00, 0x04, 0xc9, 0x02, 0x00, 0xba, 0x04, 0x00,
  0x9b, 0x00, 0x00, 0xb4, 0x00, 0x00, 0xdd, 0x00, 0x01, 0xe8, 0x00, 0x00,
  0xf8, 0x25, 0x0f, 0xff, 0x33, 0x17, 0xfa, 0x1b, 0x0b, 0xf1, 0x08, 0x00,
  0xee, 0x03, 0x00, 0xed, 0x08, 0x00, 0xf3, 0x1b, 0x00, 0xff, 0x38, 0x1c,
  0xff, 0x34, 0x24, 0xe2, 0x04, 0x00, 0xd3, 0x00, 0x00, 0xd5, 0x00, 0x00,
  0xde, 0x02, 0x00, 0xdf, 0x05, 0x01, 0xd4, 0x01, 0x01, 0xca, 0x00, 0x00,
  0xc6, 0x00, 0x00, 0xdc, 0x0f, 0x00, 0xff, 0x56, 0x18, 0xff, 0x60, 0x0c,
  0xff, 0x5c, 0x09, 0xf4, 0x41, 0x03, 0xf7, 0x29, 0x11, 0xd1, 0x10, 0x0d,
  0x85, 0x00, 0x00, 0x6b, 0x00, 0x00, 0x80, 0x00, 0x00, 0xa6, 0x02, 0x03,
  0xc9, 0x07, 0x0b, 0xd6, 0x01, 0x05, 0xd9, 0x01, 0x00, 0xdc, 0x00, 0x00,
  0xce, 0x0a, 0x0c, 0xcc, 0x0b, 0x0c, 0xbc, 0x00, 0x00, 0xc3, 0x00, 0x02,
  0xc7, 0x00, 0x02, 0xc9, 0x00, 0x01, 0xcb, 0x00, 0x00, 0xc8, 0x00, 0x00,
  0xbf, 0x00, 0x00, 0xc1, 0x00, 0x03, 0xb5, 0x01, 0x00, 0xa4, 0x00, 0x00,
  0x9d, 0x00, 0x00, 0xa1, 0x00, 0x00, 0xac, 0x03, 0x05, 0xbd, 0x04, 0x07,
  0xd4, 0x00, 0x01, 0xdc, 0x00, 0x00, 0xd9, 0x00, 0x00, 0xd1, 0x00, 0x00,
  0xc5, 0x00, 0x00, 0xc0, 0x01, 0x00, 0xbb, 0x00, 0x00, 0xbe, 0x00, 0x02,
  0xc4, 0x00, 0x04, 0xce, 0x00, 0x09, 0xcc, 0x01, 0x00, 0xc3, 0x01, 0x00,
  0xc1, 0x06, 0x03, 0xd5, 0x10, 0x0c, 0xed, 0x0d, 0x07, 0xeb, 0x05, 0x00,
  0xff, 0x37, 0x16, 0xff, 0x39, 0x17, 0xfe, 0x22, 0x0f, 0xff, 0x19, 0x10,
  0xf2, 0x06, 0x01, 0xf2, 0x06, 0x00, 0xf2, 0x0c, 0x00, 0xee, 0x0a, 0x00,
  0xe5, 0x04, 0x00, 0xda, 0x00, 0x00, 0xcf, 0x00, 0x00, 0xd8, 0x03, 0x00,
  0xe2, 0x05, 0x00, 0xe2, 0x05, 0x00, 0xd7, 0x00, 0x00, 0xcd, 0x00, 0x00,
  0xcb, 0x00, 0x00, 0xd7, 0x11, 0x00, 0xff, 0x5d, 0x13, 0xff, 0x6b, 0x09,
  0xfb, 0x67, 0x05, 0xff, 0x5f, 0x15, 0xef, 0x29, 0x0c, 0xc8, 0x05, 0x02,
  0x8e, 0x00, 0x00, 0x82, 0x00, 0x00, 0x9d, 0x00, 0x00, 0xbd, 0x01, 0x0a,
  0xd1, 0x03, 0x0b, 0xd4, 0x02, 0x07, 0xcf, 0x05, 0x03, 0xce, 0x06, 0x01,
  0xac, 0x02, 0x00, 0xa6, 0x00, 0x00, 0xb9, 0x01, 0x00, 0xbe, 0x01, 0x01,
  0xc9, 0x07, 0x09, 0xc8, 0x04, 0x06, 0xc8, 0x00, 0x03, 0xc3, 0x00, 0x00,
  0xa6, 0x00, 0x00, 0xc0, 0x0b, 0x04, 0xb3, 0x03, 0x00, 0xa2, 0x00, 0x00,
  0xb7, 0x00, 0x00, 0xc7, 0x04, 0x00, 0xd4, 0x05, 0x02, 0xdc, 0x02, 0x00,
  0xec, 0x08, 0x00, 0xee, 0x0b, 0x00, 0xe7, 0x0a, 0x00, 0xdb, 0x06, 0x00,
  0xcd, 0x01, 0x00, 0xc8, 0x07, 0x04, 0xb4, 0x00, 0x00, 0x9c, 0x00, 0x00,
  0x99, 0x00, 0x00, 0xc2, 0x08, 0x15, 0xe4, 0x0c, 0x0e, 0xe7, 0x02, 0x00,
  0xec, 0x0e, 0x05, 0xe5, 0x0e, 0x00, 0xff, 0x36, 0x08, 0xff, 0x38, 0x05,
  0xe2, 0x11, 0x00, 0xff, 0x30, 0x13, 0xfb, 0x18, 0x07, 0xf1, 0x08, 0x02,
  0xf3, 0x06, 0x06, 0xef, 0x02, 0x05, 0xe9, 0x01, 0x00, 0xe5, 0x00, 0x00,
  0xe2, 0x00, 0x00, 0xe2, 0x00, 0x00, 0xd5, 0x00, 0x00, 0xe6, 0x07, 0x03,
  0xe7, 0x01, 0x00, 0xee, 0x05, 0x00, 0xeb, 0x06, 0x00, 0xe3, 0x02, 0x00,
  0xd8, 0x00, 0x00, 0xe0, 0x1a, 0x00, 0xf0, 0x4a, 0x00, 0xff, 0x7d, 0x1b,
  0xff, 0x7a, 0x18, 0xf1, 0x4b, 0x01, 0xec, 0x26, 0x0a, 0xc8, 0x00, 0x00,
  0xa0, 0x00, 0x00, 0xa1, 0x00, 0x00, 0xc0, 0x00, 0x0c, 0xd4, 0x05, 0x14,
  0xd9, 0x0a, 0x15, 0xc5, 0x00, 0x04, 0xb0, 0x00, 0x00, 0xa9, 0x00, 0x00,
  0x96, 0x02, 0x00, 0xa2, 0x04, 0x00, 0xac, 0x00, 0x00, 0xc3, 0x03, 0x04,
  0xc6, 0x02, 0x04, 0xcd, 0x07, 0x0a, 0xbe, 0x00, 0x00, 0xa5, 0x00, 0x00,
  0xb2, 0x00, 0x00, 0xbd, 0x05, 0x00, 0xb3, 0x00, 0x00, 0xb9, 0x00, 0x00,
  0xca, 0x05, 0x00, 0xdd, 0x10, 0x03, 0xe7, 0x10, 0x00, 0xe2, 0x08, 0x00,
  0xf7, 0x21, 0x00, 0xfd, 0x2a, 0x00, 0xe9, 0x1c, 0x00, 0xff, 0x39, 0x1d,
  0xe7, 0x18, 0x09, 0xd3, 0x0e, 0x06, 0xb1, 0x00, 0x00, 0x96, 0x00, 0x00,
  0x91, 0x00, 0x00, 0xb2, 0x04, 0x0b, 0xe5, 0x0a, 0x0d, 0xef, 0x00, 0x00,
  0xf4, 0x08, 0x01, 0xf3, 0x14, 0x00, 0xff, 0x50, 0x1f, 0xff, 0x3f, 0x09,
  0xff, 0x35, 0x0e, 0xee, 0x0c, 0x00, 0xee, 0x08, 0x00, 0xf1, 0x07, 0x04,
  0xf1, 0x03, 0x08, 0xef, 0x02, 0x07, 0xeb, 0x01, 0x00, 0xe9, 0x01, 0x00,
  0xe2, 0x00, 0x00, 0xe3, 0x02, 0x00, 0xdc, 0x02, 0x00, 0xe5, 0x07, 0x00,
  0xeb, 0x03, 0x00, 0xff, 0x30, 0x1e, 0xff, 0x31, 0x22, 0xe8, 0x04, 0x00,
  0xd8, 0x00, 0x00, 0xdc, 0x0f, 0x00, 0xf5, 0x43, 0x04, 0xff, 0x5d, 0x0a,
  0xf4, 0x50, 0x00, 0xfe, 0x4b, 0x0c, 0xdd, 0x10, 0x00, 0xd5, 0x04, 0x04,
  0xb8, 0x00, 0x02, 0xb9, 0x00, 0x07, 0xd4, 0x02, 0x12, 0xdd, 0x0a, 0x18,
  0xd0, 0x08, 0x12, 0xb2, 0x00, 0x00, 0x9d, 0x00, 0x00, 0x9b, 0x00, 0x00,
  0x87, 0x02, 0x00, 0x99, 0x05, 0x00, 0xad, 0x00, 0x00, 0xc6, 0x00, 0x03,
  0xd1, 0x00, 0x04, 0xd5, 0x03, 0x0a, 0xbd, 0x00, 0x00, 0xa2, 0x00, 0x00,
  0xc4, 0x02, 0x04, 0xcc, 0x03, 0x08, 0xc5, 0x00, 0x00, 0xd1, 0x04, 0x05,
  0xe2, 0x17, 0x0c, 0xfc, 0x36, 0x19, 0xff, 0x46, 0x13, 0xf6, 0x40, 0x00,
  0xff, 0x4d, 0x00, 0xff, 0x63, 0x0f, 0xf8, 0x47, 0x00, 0xfe, 0x43, 0x0e,
  0xff, 0x39, 0x19, 0xde, 0x14, 0x01, 0xbc, 0x05, 0x00, 0xa7, 0x00, 0x00,
  0xa3, 0x02, 0x00, 0xa8, 0x00, 0x00, 0xd8, 0x04, 0x03, 0xe0, 0x00, 0x00,
  0xea, 0x06, 0x08, 0xea, 0x09, 0x05, 0xe3, 0x07, 0x00, 0xf6, 0x1b, 0x01,
  0xfd, 0x1d, 0x06, 0xf0, 0x0a, 0x00, 0xe9, 0x01, 0x00, 0xed, 0x02, 0x04,
  0xec, 0x00, 0x03, 0xef, 0x00, 0x04, 0xf3, 0x01, 0x01, 0xf1, 0x04, 0x00,
  0xfd, 0x1f, 0x18, 0xd6, 0x02, 0x00, 0xcc, 0x00, 0x00, 0xda, 0x04, 0x00,
  0xeb, 0x08, 0x00, 0xff, 0x32, 0x1a, 0xff, 0x32, 0x1e, 0xeb, 0x07, 0x00,
  0xe1, 0x00, 0x00, 0xdf, 0x02, 0x00, 0xf2, 0x27, 0x00, 0xff, 0x47, 0x0f,
  0xff, 0x3f, 0x07, 0xf0, 0x25, 0x00, 0xea, 0x0e, 0x00, 0xd9, 0x00, 0x00,
  0xcb, 0x04, 0x08, 0xc8, 0x03, 0x0a, 0xd9, 0x03, 0x10, 0xd9, 0x0a, 0x17,
  0xbc, 0x07, 0x0b, 0x9e, 0x00, 0x00, 0x8a, 0x00, 0x00, 0x8b, 0x00, 0x00,
  0x82, 0x08, 0x00, 0x89, 0x01, 0x00, 0xad, 0x0a, 0x06, 0xba, 0x00, 0x00,
  0xd4, 0x02, 0x07, 0xd5, 0x00, 0x04, 0xc8, 0x00, 0x01, 0xc1, 0x00, 0x00,
  0xcd, 0x00, 0x03, 0xde, 0x09, 0x0f, 0xd6, 0x00, 0x06, 0xd7, 0x04, 0x00,
  0xd9, 0x10, 0x00, 0xfb, 0x41, 0x12, 0xff, 0x63, 0x18, 0xff, 0x64, 0x04,
  0xfe, 0x68, 0x00, 0xfb, 0x64, 0x00, 0xff, 0x64, 0x02, 0xff, 0x64, 0x19,
  0xff, 0x54, 0x29, 0xe0, 0x15, 0x00, 0xce, 0x0b, 0x00, 0xc9, 0x10, 0x03,
  0xbd, 0x0d, 0x01, 0xab, 0x00, 0x00, 0xd2, 0x06, 0x00, 0xcd, 0x00, 0x00,
  0xc5, 0x00, 0x00, 0xd1, 0x00, 0x00, 0xe5, 0x07, 0x00, 0xe7, 0x05, 0x00,
  0xe7, 0x03, 0x00, 0xe4, 0x00, 0x00, 0xeb, 0x01, 0x00, 0xe4, 0x00, 0x00,
  0xe5, 0x00, 0x00, 0xe9, 0x01, 0x00, 0xf1, 0x04, 0x00, 0xf0, 0x08, 0x02,
  0xfa, 0x21, 0x16, 0xd7, 0x05, 0x00, 0xd3, 0x03, 0x00, 0xd7, 0x03, 0x00,
  0xeb, 0x0b, 0x00, 0xff, 0x32, 0x1b, 0xff, 0x34, 0x1d, 0xea, 0x0b, 0x00,
  0xe6, 0x00, 0x00, 0xe7, 0x04, 0x00, 0xe7, 0x0e, 0x00, 0xff, 0x38, 0x10,
  0xff, 0x35, 0x0d, 0xe4, 0x0c, 0x00, 0xe0, 0x00, 0x00, 0xea, 0x08, 0x0b,
  0xd3, 0x00, 0x02, 0xce, 0x00, 0x01, 0xd8, 0x00, 0x04, 0xcf, 0x04, 0x09,
  0xa8, 0x02, 0x01, 0x90, 0x01, 0x00, 0x81, 0x00, 0x00, 0x7e, 0x00, 0x00,
  0x7b, 0x07, 0x00, 0x77, 0x00, 0x00, 0x95, 0x09, 0x04, 0xa6, 0x04, 0x02,
  0xbe, 0x05, 0x00, 0xd0, 0x01, 0x00, 0xdd, 0x00, 0x04, 0xe4, 0x02, 0x07,
  0xdd, 0x00, 0x02, 0xde, 0x04, 0x02, 0xe2, 0x05, 0x02, 0xdf, 0x0c, 0x00,
  0xf0, 0x2b, 0x07, 0xff, 0x5b, 0x1b, 0xff, 0x6f, 0x12, 0xf0, 0x68, 0x00,
  0xf0, 0x6b, 0x00, 0xf4, 0x70, 0x00, 0xf7, 0x6f, 0x00, 0xfd, 0x64, 0x06,
  0xeb, 0x35, 0x00, 0xe2, 0x17, 0x00, 0xdf, 0x07, 0x00, 0xe4, 0x0b, 0x00,
  0xd8, 0x0e, 0x00, 0xd1, 0x0e, 0x00, 0xdc, 0x15, 0x09, 0xd8, 0x13, 0x0c,
  0xbe, 0x05, 0x00, 0xbc, 0x00, 0x00, 0xd1, 0x01, 0x00, 0xe3, 0x05, 0x00,
  0xef, 0x0e, 0x00, 0xf0, 0x09, 0x00, 0xe8, 0x00, 0x00, 0xda, 0x00, 0x00,
  0xdc, 0x06, 0x00, 0xd3, 0x03, 0x00, 0xda, 0x04, 0x00, 0xe6, 0x0f, 0x05,
  0xf8, 0x22, 0x14, 0xe3, 0x0d, 0x01, 0xd7, 0x03, 0x00, 0xd2, 0x00, 0x00,
  0xf9, 0x15, 0x07, 0xfb, 0x18, 0x07, 0xff, 0x39, 0x29, 0xdb, 0x04, 0x00,
  0xe2, 0x05, 0x06, 0xd3, 0x00, 0x00, 0xdd, 0x05, 0x00, 0xff, 0x3d, 0x13,
  0xff, 0x29, 0x00, 0xe5, 0x0d, 0x00, 0xdc, 0x00, 0x00, 0xdf, 0x00, 0x06,
  0xd3, 0x00, 0x00, 0xd7, 0x00, 0x00, 0xe1, 0x00, 0x00, 0xd9, 0x0f, 0x08,
  0x93, 0x00, 0x00, 0x67, 0x00, 0x00, 0x76, 0x00, 0x00, 0x76, 0x00, 0x00,
  0x80, 0x08, 0x00, 0x7b, 0x00, 0x00, 0x89, 0x00, 0x00, 0x9b, 0x00, 0x00,
  0xc2, 0x09, 0x00, 0xd4, 0x04, 0x00, 0xe9, 0x00, 0x03, 0xf0, 0x00, 0x08,
  0xef, 0x08, 0x0d, 0xdb, 0x00, 0x00, 0xd8, 0x00, 0x00, 0xe1, 0x11, 0x00,
  0xf4, 0x2e, 0x03, 0xff, 0x59, 0x15, 0xff, 0x7c, 0x1a, 0xf4, 0x6f, 0x00,
  0xfa, 0x76, 0x00, 0xff, 0x7f, 0x00, 0xff, 0x85, 0x05, 0xff, 0x7c, 0x16,
  0xf1, 0x40, 0x08, 0xdd, 0x0d, 0x00, 0xff, 0x25, 0x12, 0xff, 0x2b, 0x16,
  0xff, 0x34, 0x0b, 0xf6, 0x37, 0x0c, 0xd1, 0x14, 0x00, 0xcd, 0x13, 0x00,
  0xba, 0x05, 0x00, 0xbc, 0x00, 0x00, 0xd0, 0x00, 0x00, 0xe6, 0x0b, 0x00,
  0xe4, 0x06, 0x00, 0xff, 0x1f, 0x10, 0xf0, 0x0e, 0x04, 0xfb, 0x1e, 0x10,
  0xd2, 0x02, 0x00, 0xcc, 0x00, 0x00, 0xd1, 0x00, 0x00, 0xde, 0x0a, 0x00,
  0xfd, 0x22, 0x15, 0xf6, 0x1b, 0x0e, 0xd3, 0x00, 0x00, 0xda, 0x03, 0x00,
  0xe9, 0x09, 0x00, 0xe9, 0x0a, 0x00, 0xff, 0x35, 0x2a, 0xe1, 0x09, 0x05,
  0xe0, 0x05, 0x08, 0xe0, 0x03, 0x00, 0xed, 0x15, 0x00, 0xff, 0x3d, 0x13,
  0xff, 0x3b, 0x12, 0xf8, 0x20, 0x02, 0xe3, 0x07, 0x04, 0xd3, 0x00, 0x01,
  0xc1, 0x00, 0x00, 0xcb, 0x00, 0x00, 0xda, 0x01, 0x00, 0xcf, 0x0c, 0x07,
  0x99, 0x0b, 0x0b, 0x6b, 0x00, 0x00, 0x66, 0x00, 0x00, 0x66, 0x00, 0x00,
  0x87, 0x00, 0x00, 0x90, 0x00, 0x00, 0x9a, 0x00, 0x00, 0xb5, 0x00, 0x00,
  0xd5, 0x05, 0x00, 0xe4, 0x03, 0x00, 0xef, 0x02, 0x05, 0xf3, 0x03, 0x0b,
  0xff, 0x17, 0x23, 0xe4, 0x02, 0x07, 0xcb, 0x00, 0x00, 0xcd, 0x00, 0x00,
  0xdd, 0x12, 0x00, 0xff, 0x57, 0x19, 0xf8, 0x5d, 0x00, 0xfa, 0x6a, 0x00,
  0xfc, 0x69, 0x00, 0xff, 0x78, 0x00, 0xff, 0x86, 0x09, 0xff, 0x82, 0x1a,
  0xff, 0x56, 0x1c, 0xd9, 0x04, 0x00, 0xff, 0x25, 0x0b, 0xff, 0x57, 0x30,
  0xff, 0x51, 0x0a, 0xef, 0x48, 0x00, 0xfc, 0x52, 0x15, 0xf4, 0x3f, 0x11,
  0xd7, 0x0f, 0x00, 0xd8, 0x03, 0x00, 0xda, 0x04, 0x00, 0xdd, 0x04, 0x00,
  0xdc, 0x00, 0x00, 0xff, 0x3b, 0x28, 0xff, 0x31, 0x10, 0xeb, 0x1f, 0x00,
  0xdf, 0x0a, 0x00, 0xd7, 0x00, 0x00, 0xdb, 0x00, 0x00, 0xe9, 0x09, 0x00,
  0xff, 0x20, 0x14, 0xe7, 0x08, 0x00, 0xd9, 0x09, 0x00, 0xc9, 0x00, 0x00,
  0xe1, 0x0b, 0x00, 0xf7, 0x1d, 0x0b, 0xe3, 0x06, 0x00, 0xdf, 0x00, 0x00,
  0xea, 0x0d, 0x0f, 0xe4, 0x08, 0x03, 0xff, 0x3b, 0x20, 0xff, 0x35, 0x10,
  0xff, 0x36, 0x11, 0xfd, 0x24, 0x09, 0xe8, 0x0c, 0x06, 0xc3, 0x00, 0x00,
  0x97, 0x00, 0x00, 0xa3, 0x04, 0x01, 0xc7, 0x07, 0x0b, 0xc5, 0x0b, 0x13,
  0x93, 0x08, 0x0e, 0x72, 0x00, 0x02, 0x5e, 0x00, 0x00, 0x67, 0x00, 0x00,
  0x90, 0x00, 0x00, 0xa6, 0x00, 0x00, 0xb4, 0x00, 0x00, 0xd5, 0x05, 0x0b,
  0xe2, 0x04, 0x00, 0xed, 0x03, 0x00, 0xf2, 0x05, 0x03, 0xf7, 0x07, 0x0b,
  0xf1, 0x00, 0x0b, 0xe7, 0x02, 0x08, 0xd6, 0x07, 0x04, 0xd0, 0x09, 0x00,
  0xe3, 0x12, 0x00, 0xff, 0x50, 0x1d, 0xff, 0x61, 0x10, 0xff, 0x6b, 0x07,
  0xfb, 0x5b, 0x00, 0xff, 0x6b, 0x00, 0xff, 0x7f, 0x0f, 0xff, 0x80, 0x21,
  0xf2, 0x32, 0x00, 0xe5, 0x0d, 0x00, 0xee, 0x0f, 0x00, 0xff, 0x32, 0x05,
  0xff, 0x5f, 0x0d, 0xff, 0x69, 0x0b, 0xfb, 0x5e, 0x0b, 0xff, 0x5c, 0x18,
  0xff, 0x35, 0x09, 0xf0, 0x16, 0x00, 0xe4, 0x06, 0x00, 0xd9, 0x00, 0x00,
  0xdc, 0x00, 0x00, 0xf5, 0x1e, 0x07, 0xff, 0x3d, 0x0f, 0xff, 0x3f, 0x0e,
  0xfb, 0x25, 0x09, 0xe5, 0x05, 0x00, 0xeb, 0x07, 0x00, 0xf6, 0x13, 0x04,
  0xf5, 0x11, 0x05, 0xe3, 0x06, 0x00, 0xc5, 0x00, 0x00, 0xc4, 0x00, 0x00,
  0xd7, 0x00, 0x00, 0xe9, 0x0d, 0x00, 0xe0, 0x04, 0x00, 0xe3, 0x07, 0x02,
  0xe0, 0x03, 0x00, 0xff, 0x30, 0x28, 0xff, 0x32, 0x19, 0xff, 0x3f, 0x1f,
  0xf2, 0x1a, 0x00, 0xf2, 0x19, 0x01, 0xe8, 0x0c, 0x04, 0xbf, 0x00, 0x00,
  0x82, 0x00, 0x00, 0x85, 0x01, 0x00, 0xaf, 0x07, 0x10, 0xbe, 0x0f, 0x1c,
  0x8d, 0x00, 0x02, 0x7f, 0x00, 0x00, 0x65, 0x00, 0x00, 0x78, 0x04, 0x04,
  0xae, 0x00, 0x00, 0xc1, 0x05, 0x00, 0xcb, 0x00, 0x03, 0xe1, 0x06, 0x0c,
  0xe9, 0x05, 0x00, 0xeb, 0x00, 0x00, 0xf1, 0x05, 0x00, 0xfe, 0x12, 0x10,
  0xf1, 0x00, 0x04, 0xe9, 0x03, 0x06, 0xc4, 0x00, 0x00, 0xc1, 0x00, 0x00,
  0xe2, 0x0d, 0x00, 0xf8, 0x28, 0x03, 0xff, 0x59, 0x1c, 0xff, 0x60, 0x15,
  0xff, 0x64, 0x15, 0xff, 0x6f, 0x1d, 0xff, 0x78, 0x1f, 0xfa, 0x52, 0x06,
  0xd2, 0x11, 0x00, 0xda, 0x06, 0x00, 0xe9, 0x09, 0x00, 0xff, 0x3e, 0x15,
  0xfa, 0x3c, 0x00, 0xff, 0x66, 0x06, 0xff, 0x6f, 0x0f, 0xfd, 0x64, 0x0f,
  0xff, 0x59, 0x19, 0xff, 0x3e, 0x13, 0xee, 0x0a, 0x00, 0xed, 0x01, 0x00,
  0xe9, 0x00, 0x00, 0xf7, 0x1e, 0x07, 0xfb, 0x3c, 0x04, 0xf7, 0x3b, 0x00,
  0xff, 0x3f, 0x15, 0xe3, 0x05, 0x00, 0xf5, 0x10, 0x00, 0xff, 0x20, 0x12,
  0xff, 0x2f, 0x21, 0xe3, 0x0a, 0x00, 0xd3, 0x00, 0x00, 0xe0, 0x04, 0x00,
  0xef, 0x0b, 0x00, 0xe0, 0x00, 0x00, 0xda, 0x04, 0x00, 0xc9, 0x00, 0x00,
  0xe1, 0x08, 0x00, 0xff, 0x31, 0x24, 0xff, 0x3a, 0x26, 0xf9, 0x20, 0x08,
  0xf0, 0x17, 0x00, 0xea, 0x10, 0x00, 0xe3, 0x08, 0x00, 0xce, 0x0b, 0x06,
  0x8a, 0x00, 0x00, 0x7d, 0x00, 0x00, 0x87, 0x00, 0x02, 0x92, 0x00, 0x02,
  0xb2, 0x00, 0x0c, 0xae, 0x00, 0x0c, 0x92, 0x04, 0x06, 0x7e, 0x04, 0x00,
  0xc5, 0x00, 0x00, 0xce, 0x04, 0x00, 0xd8, 0x04, 0x07, 0xf9, 0x1c, 0x1e,
  0xfc, 0x1a, 0x0d, 0xff, 0x1c, 0x0a, 0xea, 0x04, 0x00, 0xff, 0x1a, 0x11,
  0xf5, 0x05, 0x00, 0xeb, 0x06, 0x00, 0xd2, 0x05, 0x00, 0xcd, 0x04, 0x00,
  0xd5, 0x01, 0x00, 0xe1, 0x0e, 0x00, 0xff, 0x39, 0x13, 0xff, 0x54, 0x24,
  0xff, 0x50, 0x1c, 0xff, 0x52, 0x1b, 0xff, 0x49, 0x0c, 0xe6, 0x2d, 0x00,
  0xc7, 0x05, 0x00, 0xbe, 0x00, 0x00, 0xe4, 0x03, 0x00, 0xf7, 0x18, 0x00,
  0xff, 0x40, 0x01, 0xfe, 0x4c, 0x00, 0xfa, 0x5f, 0x01, 0xff, 0x67, 0x0d,
  0xff, 0x5a, 0x11, 0xff, 0x48, 0x14, 0xfc, 0x1d, 0x00, 0xf0, 0x03, 0x00,
  0xf7, 0x09, 0x01, 0xff, 0x32, 0x1b, 0xff, 0x3e, 0x05, 0xff, 0x57, 0x14,
  0xff, 0x42, 0x09, 0xfb, 0x29, 0x00, 0xed, 0x0a, 0x00, 0xff, 0x19, 0x0e,
  0xea, 0x10, 0x01, 0xe2, 0x0c, 0x00, 0xd9, 0x00, 0x00, 0xe0, 0x02, 0x00,
  0xfe, 0x17, 0x0c, 0xf7, 0x14, 0x05, 0xd0, 0x00, 0x00, 0xca, 0x00, 0x00,
  0xe6, 0x0d, 0x02, 0xff, 0x34, 0x25, 0xff, 0x35, 0x24, 0xed, 0x14, 0x00,
  0xe3, 0x09, 0x00, 0xe0, 0x05, 0x00, 0xdc, 0x02, 0x00, 0xcf, 0x06, 0x00,
  0x96, 0x00, 0x00, 0x87, 0x00, 0x00, 0x86, 0x00, 0x03, 0x93, 0x00, 0x00,
  0xc9, 0x00, 0x0c, 0xc9, 0x00, 0x06, 0xa6, 0x02, 0x01, 0x95, 0x04, 0x00,
  0xda, 0x04, 0x00, 0xd3, 0x00, 0x00, 0xc8, 0x00, 0x00, 0xdd, 0x0a, 0x04,
  0xff, 0x3b, 0x25, 0xff, 0x32, 0x19, 0xe9, 0x08, 0x00, 0xef, 0x07, 0x00,
  0xff, 0x17, 0x00, 0xff, 0x1e, 0x07, 0xda, 0x06, 0x00, 0xd2, 0x05, 0x00,
  0xd3, 0x03, 0x00, 0xd0, 0x00, 0x00, 0xdd, 0x09, 0x00, 0xe1, 0x11, 0x00,
  0xf9, 0x32, 0x1c, 0xd3, 0x0a, 0x00, 0xfa, 0x29, 0x0b, 0xd8, 0x0a, 0x00,
  0xb5, 0x00, 0x00, 0xb6, 0x00, 0x00, 0xe4, 0x00, 0x04, 0xed, 0x06, 0x00,
  0xff, 0x34, 0x0f, 0xf8, 0x3b, 0x03, 0xff, 0x4e, 0x08, 0xff, 0x54, 0x09,
  0xff, 0x61, 0x17, 0xf9, 0x44, 0x06, 0xf6, 0x2b, 0x04, 0xf3, 0x13, 0x00,
  0xed, 0x00, 0x00, 0xff, 0x1c, 0x05, 0xff, 0x2c, 0x00, 0xff, 0x55, 0x14,
  0xff, 0x54, 0x08, 0xf8, 0x3c, 0x00, 0xf8, 0x1d, 0x07, 0xf0, 0x08, 0x02,
  0xfa, 0x18, 0x0e, 0xe9, 0x0e, 0x01, 0xc6, 0x00, 0x00, 0xd6, 0x02, 0x00,
  0xfa, 0x1d, 0x0e, 0xf6, 0x18, 0x08, 0xd6, 0x00, 0x00, 0xd1, 0x00, 0x00,
  0xd5, 0x00, 0x00, 0xef, 0x15, 0x03, 0xf1, 0x17, 0x07, 0xe0, 0x05, 0x00,
  0xdc, 0x02, 0x00, 0xdc, 0x02, 0x00, 0xdc, 0x02, 0x00, 0xd6, 0x04, 0x00,
  0xc3, 0x00, 0x04, 0xb8, 0x02, 0x10, 0xaf, 0x06, 0x16, 0xb7, 0x03, 0x10,
  0xd5, 0x00, 0x00, 0xdf, 0x06, 0x00, 0xc1, 0x00, 0x00, 0xb6, 0x04, 0x00,
  0xd8, 0x00, 0x00, 0xdf, 0x09, 0x09, 0xd7, 0x08, 0x09, 0xe2, 0x13, 0x0e,
  0xff, 0x34, 0x1f, 0xf6, 0x20, 0x08, 0xea, 0x0b, 0x00, 0xe6, 0x01, 0x00,
  0xff, 0x1b, 0x02, 0xee, 0x07, 0x00, 0xfd, 0x22, 0x15, 0xde, 0x0b, 0x07,
  0xd2, 0x03, 0x05, 0xcf, 0x00, 0x03, 0xdd, 0x07, 0x08, 0xd7, 0x01, 0x03,
  0xcd, 0x00, 0x00, 0xce, 0x04, 0x01, 0xce, 0x05, 0x00, 0xcc, 0x09, 0x00,
  0x9e, 0x00, 0x00, 0xc1, 0x00, 0x01, 0xe0, 0x00, 0x00, 0xfa, 0x0d, 0x0b,
  0xe7, 0x18, 0x00, 0xff, 0x3d, 0x11, 0xff, 0x41, 0x0c, 0xfd, 0x3c, 0x00,
  0xef, 0x40, 0x00, 0xff, 0x58, 0x19, 0xff, 0x54, 0x27, 0xdf, 0x0a, 0x00,
  0xed, 0x04, 0x00, 0xf6, 0x0e, 0x00, 0xff, 0x37, 0x02, 0xff, 0x5a, 0x12,
  0xff, 0x5f, 0x09, 0xff, 0x55, 0x0d, 0xf4, 0x1e, 0x02, 0xf3, 0x0c, 0x06,
  0xe5, 0x03, 0x00, 0xf6, 0x18, 0x13, 0xd3, 0x00, 0x00, 0xd9, 0x00, 0x00,
  0xf5, 0x18, 0x0c, 0xe8, 0x0b, 0x00, 0xe8, 0x0d, 0x00, 0xda, 0x00, 0x00,
  0xd8, 0x00, 0x00, 0xeb, 0x0c, 0x00, 0xec, 0x12, 0x03, 0xde, 0x05, 0x00,
  0xd7, 0x03, 0x00, 0xd7, 0x03, 0x00, 0xd9, 0x02, 0x00, 0xd9, 0x01, 0x00,
  0xcd, 0x00, 0x01, 0xc7, 0x00, 0x09, 0xbe, 0x00, 0x0b, 0xc1, 0x00, 0x03,
  0xde, 0x03, 0x00, 0xe5, 0x03, 0x00, 0xd7, 0x02, 0x00, 0xd6, 0x07, 0x04,
  0xe1, 0x0d, 0x10, 0xd1, 0x00, 0x03, 0xbd, 0x00, 0x00, 0xd1, 0x03, 0x07,
  0xe6, 0x0d, 0x04, 0xff, 0x22, 0x15, 0xec, 0x07, 0x02, 0xef, 0x05, 0x00,
  0xf5, 0x04, 0x00, 0xff, 0x15, 0x0b, 0xe4, 0x00, 0x02, 0xdb, 0x01, 0x0b,
  0xc7, 0x00, 0x01, 0xc6, 0x00, 0x02, 0xc5, 0x00, 0x00, 0xc8, 0x00, 0x00,
  0xd2, 0x00, 0x15, 0xca, 0x08, 0x17, 0xa6, 0x04, 0x02, 0x8b, 0x00, 0x00,
  0xa2, 0x00, 0x00, 0xd7, 0x12, 0x09, 0xe4, 0x00, 0x00, 0xff, 0x1b, 0x10,
  0xff, 0x3c, 0x1b, 0xff, 0x44, 0x19, 0xf7, 0x26, 0x00, 0xff, 0x44, 0x13,
  0xf5, 0x3f, 0x06, 0xff, 0x54, 0x1b, 0xff, 0x3e, 0x0c, 0xdd, 0x0c, 0x00,
  0xe4, 0x07, 0x00, 0xf6, 0x22, 0x00, 0xff, 0x48, 0x02, 0xff, 0x61, 0x0b,
  0xff, 0x67, 0x0e, 0xff, 0x55, 0x0f, 0xff, 0x28, 0x09, 0xec, 0x05, 0x00,
  0xe6, 0x05, 0x06, 0xdd, 0x00, 0x00, 0xe3, 0x00, 0x00, 0xf0, 0x05, 0x07,
  0xfa, 0x13, 0x0f, 0xff, 0x1d, 0x13, 0xff, 0x35, 0x21, 0xdd, 0x06, 0x00,
  0xf1, 0x0b, 0x00, 0xec, 0x06, 0x00, 0xe1, 0x04, 0x00, 0xd6, 0x04, 0x00,
  0xbd, 0x00, 0x00, 0xc6, 0x00, 0x00, 0xd6, 0x04, 0x09, 0xe1, 0x0c, 0x14,
  0xd0, 0x00, 0x05, 0xdb, 0x06, 0x0f, 0xd7, 0x08, 0x07, 0xcc, 0x00, 0x00,
  0xe9, 0x0c, 0x02, 0xe7, 0x04, 0x00, 0xdf, 0x00, 0x02, 0xe6, 0x05, 0x0f,
  0xd6, 0x06, 0x0c, 0xc8, 0x00, 0x05, 0xb1, 0x00, 0x00, 0xc1, 0x00, 0x03,
  0xe0, 0x06, 0x02, 0xea, 0x03, 0x00, 0xed, 0x07, 0x07, 0xf7, 0x0c, 0x0e,
  0xf2, 0x00, 0x00, 0xed, 0x00, 0x00, 0xe3, 0x00, 0x08, 0xcd, 0x00, 0x00,
  0xcb, 0x00, 0x06, 0xcd, 0x00, 0x07, 0xd3, 0x01, 0x01, 0xd1, 0x00, 0x03,
  0xd0, 0x00, 0x15, 0xbd, 0x01, 0x17, 0x8e, 0x01, 0x03, 0x7c, 0x00, 0x00,
  0xad, 0x02, 0x00, 0xe7, 0x1d, 0x0b, 0xea, 0x02, 0x00, 0xff, 0x1c, 0x09,
  0xff, 0x35, 0x10, 0xe9, 0x24, 0x00, 0xe2, 0x11, 0x00, 0xe5, 0x16, 0x00,
  0xf3, 0x38, 0x05, 0xf9, 0x40, 0x0a, 0xff, 0x3c, 0x0b, 0xff, 0x35, 0x09,
  0xdc, 0x0c, 0x00, 0xf1, 0x2d, 0x00, 0xff, 0x65, 0x14, 0xff, 0x64, 0x06,
  0xff, 0x66, 0x0a, 0xff, 0x58, 0x0f, 0xff, 0x34, 0x0c, 0xed, 0x09, 0x00,
  0xe7, 0x05, 0x0b, 0xe2, 0x00, 0x09, 0xe7, 0x00, 0x04, 0xe9, 0x00, 0x02,
  0xed, 0x07, 0x07, 0xe9, 0x08, 0x02, 0xff, 0x34, 0x25, 0xe3, 0x07, 0x00,
  0xee, 0x06, 0x00, 0xe9, 0x03, 0x00, 0xda, 0x02, 0x00, 0xcc, 0x01, 0x00,
  0xbe, 0x00, 0x00, 0xc4, 0x00, 0x01, 0xd2, 0x03, 0x0e, 0xdd, 0x07, 0x14,
  0xd7, 0x00, 0x07, 0xe1, 0x03, 0x09, 0xe3, 0x07, 0x02, 0xe0, 0x05, 0x00,
  0xd4, 0x00, 0x00, 0xd2, 0x00, 0x00, 0xd9, 0x00, 0x00, 0xe3, 0x02, 0x0f,
  0xc6, 0x00, 0x01, 0xbb, 0x00, 0x00, 0x9c, 0x00, 0x00, 0xa7, 0x00, 0x00,
  0xdd, 0x0a, 0x04, 0xfe, 0x16, 0x10, 0xeb, 0x05, 0x05, 0xff, 0x1d, 0x1f,
  0xe9, 0x00, 0x02, 0xde, 0x00, 0x00, 0xda, 0x03, 0x07, 0xca, 0x00, 0x00,
  0xcd, 0x00, 0x00, 0xd3, 0x00, 0x00, 0xe3, 0x02, 0x00, 0xe7, 0x08, 0x06,
  0xd5, 0x02, 0x0e, 0xae, 0x00, 0x06, 0x82, 0x00, 0x00, 0x7e, 0x00, 0x00,
  0xbf, 0x0b, 0x00, 0xfd, 0x2b, 0x0e, 0xef, 0x0c, 0x00, 0xff, 0x23, 0x0c,
  0xff, 0x42, 0x16, 0xff, 0x48, 0x14, 0xde, 0x10, 0x00, 0xfe, 0x32, 0x03,
  0xff, 0x44, 0x13, 0xfd, 0x3f, 0x0f, 0xff, 0x3a, 0x0e, 0xff, 0x3e, 0x13,
  0xf8, 0x30, 0x02, 0xff, 0x44, 0x09, 0xf1, 0x4b, 0x00, 0xfe, 0x61, 0x00,
  0xff, 0x65, 0x05, 0xff, 0x60, 0x11, 0xff, 0x41, 0x0f, 0xe6, 0x0b, 0x00,
  0xea, 0x06, 0x08, 0xea, 0x05, 0x10, 0xe0, 0x00, 0x05, 0xd3, 0x00, 0x00,
  0xdb, 0x03, 0x03, 0xda, 0x00, 0x00, 0xfe, 0x1b, 0x16, 0xe6, 0x00, 0x00,
  0xe7, 0x01, 0x00, 0xde, 0x00, 0x00, 0xcd, 0x00, 0x00, 0xc3, 0x00, 0x00,
  0xc5, 0x02, 0x00, 0xc9, 0x01, 0x00, 0xcf, 0x01, 0x06, 0xd7, 0x00, 0x09,
  0xe2, 0x00, 0x0a, 0xe5, 0x00, 0x06, 0xec, 0x06, 0x04, 0xf4, 0x15, 0x0a,
  0xd8, 0x00, 0x00, 0xcd, 0x00, 0x00, 0xcd, 0x00, 0x00, 0xd3, 0x00, 0x08,
  0xbb, 0x00, 0x00, 0xb6, 0x00, 0x00, 0x93, 0x00, 0x00, 0x9a, 0x00, 0x00,
  0xda, 0x08, 0x01, 0xec, 0x07, 0x00, 0xe4, 0x03, 0x01, 0xe5, 0x08, 0x0a,
  0xe1, 0x03, 0x07, 0xda, 0x01, 0x04, 0xd5, 0x04, 0x04, 0xdb, 0x0a, 0x08,
  0xd6, 0x01, 0x00, 0xe0, 0x04, 0x00, 0xf0, 0x09, 0x00, 0xf6, 0x16, 0x0e,
  0xdc, 0x11, 0x14, 0xa5, 0x00, 0x00, 0x7c, 0x00, 0x00, 0x84, 0x00, 0x00,
  0xce, 0x0f, 0x00, 0xff, 0x35, 0x0e, 0xf4, 0x18, 0x01, 0xfd, 0x24, 0x09,
  0xff, 0x40, 0x10, 0xff, 0x43, 0x0a, 0xff, 0x39, 0x04, 0xff, 0x3b, 0x0a,
  0xf0, 0x2b, 0x00, 0xff, 0x3d, 0x14, 0xff, 0x4c, 0x27, 0xff, 0x53, 0x2b,
  0xf8, 0x35, 0x05, 0xf9, 0x41, 0x02, 0xff, 0x5a, 0x05, 0xea, 0x47, 0x00,
  0xff, 0x5f, 0x06, 0xff, 0x60, 0x14, 0xff, 0x43, 0x0d, 0xe5, 0x0d, 0x00,
  0xeb, 0x08, 0x07, 0xea, 0x0c, 0x15, 0xd4, 0x08, 0x06, 0xbc, 0x00, 0x00,
  0xc8, 0x0c, 0x07, 0xd3, 0x0f, 0x0d, 0xd6, 0x02, 0x03, 0xd6, 0x00, 0x00,
  0xde, 0x00, 0x00, 0xd1, 0x00, 0x00, 0xc0, 0x00, 0x00, 0xb7, 0x00, 0x00,
  0xc9, 0x07, 0x00, 0xcd, 0x03, 0x00, 0xcc, 0x00, 0x00, 0xd1, 0x00, 0x00,
  0xe3, 0x00, 0x0a, 0xe1, 0x00, 0x04, 0xec, 0x09, 0x06, 0xff, 0x22, 0x16,
  0xff, 0x25, 0x19, 0xdc, 0x05, 0x00, 0xce, 0x00, 0x00, 0xcd, 0x00, 0x01,
  0xc4, 0x00, 0x00, 0xa5, 0x00, 0x00, 0x91, 0x00, 0x00, 0xae, 0x01, 0x00,
  0xd5, 0x00, 0x00, 0xeb, 0x06, 0x00, 0xe4, 0x0a, 0x06, 0xd5, 0x04, 0x02,
  0xc2, 0x00, 0x00, 0xcf, 0x05, 0x01, 0xdd, 0x08, 0x02, 0xe7, 0x07, 0x00,
  0xf1, 0x0a, 0x00, 0xed, 0x07, 0x00, 0xff, 0x22, 0x13, 0xf2, 0x1e, 0x11,
  0xc7, 0x0b, 0x04, 0x97, 0x00, 0x00, 0x8b, 0x00, 0x00, 0xb2, 0x0d, 0x07,
  0xe7, 0x20, 0x00, 0xff, 0x3f, 0x10, 0xff, 0x2f, 0x0e, 0xef, 0x1e, 0x00,
  0xff, 0x3b, 0x01, 0xff, 0x3c, 0x00, 0xfe, 0x3d, 0x01, 0xff, 0x3b, 0x07,
  0xff, 0x3d, 0x14, 0xf5, 0x29, 0x07, 0xf1, 0x29, 0x0b, 0xff, 0x3c, 0x1b,
  0xff, 0x5a, 0x2b, 0xf8, 0x3e, 0x02, 0xf5, 0x44, 0x00, 0xf5, 0x45, 0x00,
  0xff, 0x62, 0x18, 0xff, 0x48, 0x05, 0xf5, 0x2b, 0x00, 0xe6, 0x10, 0x00,
  0xdb, 0x00, 0x00, 0xdc, 0x0c, 0x10, 0xc4, 0x0f, 0x08, 0x95, 0x00, 0x00,
  0x8d, 0x00, 0x00, 0x9c, 0x00, 0x00, 0xb0, 0x01, 0x01, 0xb2, 0x00, 0x00,
  0xc2, 0x00, 0x00, 0xbd, 0x00, 0x00, 0xa1, 0x00, 0x00, 0xb3, 0x06, 0x00,
  0xc5, 0x02, 0x00, 0xcf, 0x01, 0x00, 0xcb, 0x00, 0x00, 0xc6, 0x00, 0x00,
  0xb6, 0x00, 0x00, 0xd5, 0x00, 0x02, 0xe3, 0x0c, 0x05, 0xff, 0x34, 0x28,
  0xff, 0x31, 0x25, 0xec, 0x09, 0x06, 0xe1, 0x00, 0x04, 0xde, 0x00, 0x03,
  0xca, 0x00, 0x02, 0xbe, 0x00, 0x00, 0xa0, 0x00, 0x00, 0xc4, 0x04, 0x07,
  0xe8, 0x09, 0x07, 0xeb, 0x06, 0x00, 0xd3, 0x03, 0x00, 0xbf, 0x00, 0x00,
  0xac, 0x00, 0x00, 0xcb, 0x05, 0x00, 0xda, 0x02, 0x00, 0xff, 0x20, 0x0f,
  0xf1, 0x06, 0x00, 0xe9, 0x01, 0x00, 0xff, 0x1f, 0x12, 0xd3, 0x08, 0x00,
  0xb7, 0x0a, 0x00, 0x98, 0x00, 0x00, 0x9f, 0x00, 0x00, 0xc5, 0x0e, 0x05,
  0xff, 0x39, 0x14, 0xff, 0x38, 0x09, 0xff, 0x3a, 0x10, 0xff, 0x45, 0x16,
  0xff, 0x3b, 0x00, 0xff, 0x3d, 0x00, 0xfb, 0x3f, 0x00, 0xfc, 0x3d, 0x07,
  0xf9, 0x2b, 0x03, 0xeb, 0x1a, 0x00, 0xe0, 0x17, 0x00, 0xf0, 0x2a, 0x0d,
  0xfc, 0x36, 0x0d, 0xff, 0x3f, 0x0e, 0xed, 0x2e, 0x00, 0xfe, 0x3d, 0x03,
  0xff, 0x3d, 0x06, 0xf7, 0x2e, 0x00, 0xf5, 0x21, 0x00, 0xe6, 0x0b, 0x00,
  0xd9, 0x00, 0x00, 0xd1, 0x01, 0x06, 0xb9, 0x08, 0x02, 0x89, 0x00, 0x00,
  0x85, 0x00, 0x00, 0x88, 0x05, 0x00, 0x86, 0x00, 0x00, 0x91, 0x00, 0x00,
  0xb8, 0x00, 0x00, 0xb7, 0x00, 0x00, 0x97, 0x00, 0x00, 0xac, 0x09, 0x00,
  0xce, 0x0c, 0x00, 0xd8, 0x08, 0x00, 0xd2, 0x06, 0x00, 0xcb, 0x00, 0x00,
  0xc8, 0x00, 0x00, 0xdd, 0x08, 0x0c, 0xec, 0x17, 0x10, 0xff, 0x33, 0x25,
  0xff, 0x20, 0x15, 0xe8, 0x03, 0x00, 0xdf, 0x00, 0x00, 0xdf, 0x00, 0x02,
  0xdb, 0x06, 0x0f, 0xcc, 0x00, 0x01, 0xd1, 0x00, 0x0c, 0xdc, 0x00, 0x0b,
  0xf6, 0x0b, 0x0d, 0xe3, 0x01, 0x00, 0xc2, 0x00, 0x00, 0xb4, 0x00, 0x00,
  0xca, 0x06, 0x00, 0xd9, 0x0a, 0x00, 0xe4, 0x0b, 0x00, 0xe5, 0x06, 0x00,
  0xff, 0x23, 0x0d, 0xff, 0x1f, 0x10, 0xe2, 0x06, 0x00, 0xc9, 0x03, 0x00,
  0xa8, 0x08, 0x00, 0x9c, 0x01, 0x00, 0xb8, 0x00, 0x00, 0xd9, 0x10, 0x02,
  0xee, 0x24, 0x04, 0xfc, 0x31, 0x06, 0xff, 0x44, 0x15, 0xff, 0x3e, 0x05,
  0xff, 0x3c, 0x00, 0xff, 0x3e, 0x00, 0xf9, 0x41, 0x00, 0xfb, 0x3e, 0x05,
  0xf1, 0x21, 0x00, 0xe3, 0x0f, 0x00, 0xd0, 0x06, 0x00, 0xcf, 0x08, 0x00,
  0xf0, 0x22, 0x03, 0xff, 0x37, 0x15, 0xff, 0x35, 0x11, 0xff, 0x3a, 0x19,
  0xff, 0x3a, 0x1b, 0xfc, 0x1f, 0x04, 0xfd, 0x1b, 0x03, 0xf7, 0x0f, 0x02,
  0xec, 0x00, 0x03, 0xde, 0x00, 0x07, 0xc5, 0x06, 0x04, 0x93, 0x00, 0x00,
  0x77, 0x00, 0x00, 0x71, 0x00, 0x00, 0x5e, 0x00, 0x00, 0x79, 0x00, 0x00,
  0xaf, 0x00, 0x02, 0xb1, 0x00, 0x00, 0x8f, 0x00, 0x00, 0xa6, 0x0c, 0x00,
  0xf7, 0x35, 0x29, 0xdf, 0x0d, 0x00, 0xca, 0x00, 0x00, 0xd4, 0x07, 0x00,
  0xe1, 0x06, 0x0a, 0xe2, 0x02, 0x09, 0xf4, 0x15, 0x11, 0xfe, 0x21, 0x15,
  0xeb, 0x10, 0x04, 0xdd, 0x01, 0x00, 0xd6, 0x00, 0x00, 0xd6, 0x00, 0x03,
  0xe3, 0x07, 0x0f, 0xe7, 0x08, 0x13, 0xde, 0x00, 0x0a, 0xe9, 0x03, 0x11,
  0xe7, 0x0a, 0x07, 0xce, 0x00, 0x00, 0xba, 0x00, 0x00, 0xbc, 0x00, 0x00,
  0xca, 0x08, 0x00, 0xff, 0x35, 0x13, 0xff, 0x34, 0x10, 0xff, 0x39, 0x18,
  0xfd, 0x1b, 0x03, 0xe2, 0x02, 0x00, 0xd4, 0x00, 0x00, 0xcd, 0x0f, 0x08,
  0xa3, 0x04, 0x00, 0xa6, 0x06, 0x00, 0xcb, 0x07, 0x00, 0xe5, 0x12, 0x01,
  0xda, 0x0b, 0x00, 0xd9, 0x0d, 0x00, 0xef, 0x22, 0x00, 0xfe, 0x30, 0x00,
  0xff, 0x38, 0x00, 0xff, 0x3a, 0x00, 0xfc, 0x3d, 0x03, 0xff, 0x3a, 0x0d,
  0xff, 0x23, 0x09, 0xe3, 0x07, 0x00, 0xbc, 0x00, 0x00, 0xa9, 0x00, 0x00,
  0xc9, 0x0f, 0x00, 0xd5, 0x14, 0x01, 0xf4, 0x28, 0x16, 0xfd, 0x27, 0x17,
  0xff, 0x32, 0x23, 0xeb, 0x03, 0x00, 0xee, 0x04, 0x00, 0xe6, 0x00, 0x00,
  0xf4, 0x07, 0x07, 0xeb, 0x08, 0x0e, 0xdc, 0x11, 0x14, 0xa3, 0x00, 0x00,
  0x8d, 0x00, 0x00, 0x8e, 0x00, 0x00, 0x77, 0x00, 0x00, 0xa1, 0x08, 0x09,
  0xb0, 0x00, 0x00, 0xb2, 0x00, 0x00, 0x95, 0x00, 0x00, 0xae, 0x07, 0x00,
  0xd9, 0x0d, 0x09, 0xf4, 0x1a, 0x14, 0xf3, 0x20, 0x10, 0xe8, 0x12, 0x06,
  0xec, 0x05, 0x0c, 0xe0, 0x00, 0x00, 0xef, 0x0a, 0x07, 0xeb, 0x09, 0x01,
  0xe3, 0x08, 0x00, 0xd2, 0x00, 0x00, 0xcb, 0x00, 0x00, 0xd3, 0x01, 0x06,
  0xe4, 0x07, 0x09, 0xe1, 0x02, 0x04, 0xe3, 0x00, 0x05, 0xdf, 0x09, 0x0b,
  0xb7, 0x00, 0x00, 0xa4, 0x00, 0x00, 0xb5, 0x00, 0x00, 0xc6, 0x00, 0x00,
  0xff, 0x46, 0x17, 0xf8, 0x3d, 0x06, 0xff, 0x44, 0x14, 0xff, 0x2f, 0x0c,
  0xe3, 0x00, 0x00, 0xe8, 0x04, 0x00, 0xd0, 0x09, 0x00, 0xb6, 0x03, 0x00,
  0x9c, 0x00, 0x00, 0xb1, 0x02, 0x00, 0xd9, 0x11, 0x00, 0xdf, 0x09, 0x00,
  0xed, 0x13, 0x02, 0xdd, 0x03, 0x00, 0xd8, 0x01, 0x00, 0xe4, 0x0b, 0x00,
  0xf5, 0x19, 0x00, 0xff, 0x32, 0x11, 0xff, 0x33, 0x16, 0xee, 0x12, 0x00,
  0xff, 0x11, 0x0d, 0xed, 0x05, 0x06, 0xc2, 0x0c, 0x01, 0x87, 0x00, 0x00,
  0x7c, 0x00, 0x00, 0x92, 0x02, 0x00, 0xb8, 0x0c, 0x06, 0xd1, 0x0c, 0x05,
  0xea, 0x0e, 0x07, 0xf9, 0x11, 0x04, 0xff, 0x17, 0x05, 0xff, 0x1e, 0x0a,
  0xe7, 0x0a, 0x00, 0xe2, 0x0c, 0x09, 0xdd, 0x0b, 0x10, 0xd6, 0x08, 0x0b,
  0xcf, 0x06, 0x00, 0xda, 0x13, 0x0b, 0xdb, 0x10, 0x12, 0xce, 0x03, 0x06,
  0xcc, 0x01, 0x00, 0xb7, 0x00, 0x00, 0xbc, 0x00, 0x00, 0xc6, 0x01, 0x08,
  0xd9, 0x00, 0x07, 0xea, 0x00, 0x0d, 0xe7, 0x02, 0x06, 0xe8, 0x02, 0x04,
  0xf4, 0x00, 0x0c, 0xf5, 0x00, 0x0c, 0xf2, 0x02, 0x06, 0xed, 0x05, 0x04,
  0xde, 0x00, 0x00, 0xcf, 0x00, 0x00, 0xcb, 0x00, 0x00, 0xcc, 0x05, 0x00,
  0xda, 0x04, 0x01, 0xd6, 0x00, 0x00, 0xd8, 0x02, 0x06, 0xcd, 0x07, 0x06,
  0x9c, 0x00, 0x00, 0x9a, 0x00, 0x00, 0xc5, 0x0b, 0x00, 0xe3, 0x22, 0x04,
  0xfc, 0x46, 0x0d, 0xff, 0x4a, 0x0a, 0xff, 0x3d, 0x0a, 0xe8, 0x13, 0x00,
  0xf6, 0x0e, 0x00, 0xee, 0x0b, 0x05, 0xc3, 0x03, 0x00, 0xa3, 0x00, 0x00,
  0xab, 0x00, 0x00, 0xd2, 0x15, 0x00, 0xda, 0x12, 0x00, 0xed, 0x1c, 0x01,
  0xe0, 0x06, 0x00, 0xde, 0x02, 0x00, 0xe0, 0x05, 0x00, 0xea, 0x0a, 0x00,
  0xeb, 0x05, 0x00, 0xfc, 0x17, 0x07, 0xf6, 0x18, 0x08, 0xf0, 0x08, 0x02,
  0xff, 0x0f, 0x16, 0xf4, 0x08, 0x0f, 0xc2, 0x0f, 0x07, 0x81, 0x00, 0x00,
  0x60, 0x00, 0x00, 0x72, 0x00, 0x00, 0x90, 0x00, 0x00, 0xa7, 0x00, 0x00,
  0xdb, 0x04, 0x00, 0xe6, 0x02, 0x00, 0xe9, 0x07, 0x00, 0xe5, 0x0c, 0x00,
  0xcf, 0x07, 0x00, 0xca, 0x05, 0x00, 0xd1, 0x03, 0x09, 0xdb, 0x07, 0x0b,
  0xfe, 0x23, 0x16, 0xff, 0x2f, 0x20, 0xed, 0x03, 0x00, 0xec, 0x06, 0x06,
  0xe6, 0x12, 0x0a, 0xd1, 0x03, 0x00, 0xc3, 0x00, 0x00, 0xe2, 0x0b, 0x0f,
  0xe7, 0x05, 0x0d, 0xe6, 0x00, 0x07, 0xe6, 0x00, 0x03, 0xf4, 0x06, 0x0d,
  0xf1, 0x00, 0x07, 0xf2, 0x00, 0x07, 0xed, 0x00, 0x05, 0xe7, 0x01, 0x03,
  0xd7, 0x00, 0x00, 0xcf, 0x00, 0x00, 0xcc, 0x02, 0x00, 0xcb, 0x06, 0x00,
  0xc9, 0x00, 0x00, 0xc5, 0x00, 0x02, 0xc5, 0x06, 0x10, 0xb1, 0x00, 0x01,
  0x92, 0x00, 0x00, 0xbf, 0x19, 0x00, 0xca, 0x1e, 0x00, 0xf8, 0x48, 0x0b,
  0xf8, 0x45, 0x06, 0xf8, 0x3d, 0x04, 0xff, 0x33, 0x08, 0xff, 0x30, 0x16,
  0xfb, 0x15, 0x0a, 0xeb, 0x0f, 0x0c, 0xbe, 0x02, 0x00, 0x9d, 0x00, 0x00,
  0xcc, 0x07, 0x01, 0xda, 0x10, 0x00, 0xf9, 0x34, 0x12, 0xef, 0x2b, 0x00,
  0xe2, 0x1a, 0x00, 0xea, 0x19, 0x00, 0xee, 0x11, 0x03, 0xeb, 0x06, 0x00,
  0xeb, 0x03, 0x00, 0xef, 0x07, 0x00, 0xe8, 0x07, 0x00, 0xe9, 0x05, 0x00,
  0xff, 0x0c, 0x12, 0xf1, 0x0d, 0x11, 0xc2, 0x0d, 0x06, 0x85, 0x00, 0x00,
  0x68, 0x00, 0x00, 0x79, 0x01, 0x00, 0x9e, 0x00, 0x00, 0xb0, 0x00, 0x00,
  0xd6, 0x01, 0x00, 0xd9, 0x00, 0x00, 0xcd, 0x00, 0x00, 0xc2, 0x02, 0x00,
  0xb2, 0x02, 0x00, 0xa6, 0x00, 0x00, 0xb6, 0x00, 0x04, 0xd4, 0x0e, 0x0f,
  0xea, 0x17, 0x05, 0xfa, 0x1d, 0x03, 0xe1, 0x00, 0x00, 0xf2, 0x0c, 0x01,
  0xd7, 0x00, 0x00, 0xd8, 0x06, 0x00, 0xdf, 0x07, 0x00, 0xfd, 0x23, 0x11,
  0xff, 0x2d, 0x1a, 0xe0, 0x05, 0x00, 0xf2, 0x10, 0x06, 0xeb, 0x01, 0x00,
  0xe7, 0x00, 0x00, 0xe6, 0x00, 0x01, 0xe1, 0x00, 0x03, 0xdc, 0x00, 0x05,
  0xcd, 0x00, 0x00, 0xcd, 0x00, 0x01, 0xd0, 0x03, 0x04, 0xce, 0x03, 0x04,
  0xbd, 0x00, 0x00, 0xba, 0x01, 0x05, 0xb2, 0x04, 0x0d, 0x9f, 0x00, 0x00,
  0xb0, 0x00, 0x00, 0xc6, 0x15, 0x00, 0xf2, 0x4d, 0x03, 0xf1, 0x4b, 0x00,
  0xff, 0x4c, 0x0b, 0xff, 0x53, 0x20, 0xff, 0x34, 0x11, 0xff, 0x2a, 0x16,
  0xf0, 0x0d, 0x08, 0xe2, 0x0f, 0x0d, 0xbd, 0x04, 0x03, 0xa5, 0x00, 0x00,
  0xd8, 0x08, 0x0d, 0xf8, 0x23, 0x1b, 0xf9, 0x35, 0x0e, 0xfc, 0x3f, 0x06,
  0xfd, 0x3f, 0x02, 0xff, 0x3b, 0x08, 0xfa, 0x21, 0x09, 0xe7, 0x03, 0x00,
  0xea, 0x00, 0x00, 0xea, 0x00, 0x00, 0xe7, 0x03, 0x00, 0xec, 0x07, 0x00,
  0xf4, 0x09, 0x0b, 0xe3, 0x06, 0x08, 0xc4, 0x0c, 0x06, 0x94, 0x00, 0x00,
  0x83, 0x01, 0x00, 0x9a, 0x0e, 0x06, 0xbe, 0x0c, 0x0d, 0xcd, 0x02, 0x04,
  0xe0, 0x06, 0x04, 0xdd, 0x01, 0x00, 0xcb, 0x01, 0x00, 0xb8, 0x01, 0x00,
  0xa1, 0x00, 0x00, 0x90, 0x00, 0x00, 0xa4, 0x00, 0x00, 0xcf, 0x12, 0x12,
  0xff, 0x3e, 0x28, 0xfb, 0x1e, 0x02, 0xee, 0x05, 0x00, 0xeb, 0x03, 0x00,
  0xd8, 0x00, 0x00, 0xe0, 0x09, 0x00, 0xf8, 0x1a, 0x05, 0xeb, 0x0e, 0x00,
  0xff, 0x3c, 0x17, 0xff, 0x37, 0x14, 0xe6, 0x0b, 0x00, 0xee, 0x0a, 0x00,
  0xe3, 0x00, 0x00, 0xde, 0x00, 0x00, 0xd4, 0x00, 0x06, 0xcb, 0x03, 0x0c,
  0xbd, 0x01, 0x08, 0xbc, 0x07, 0x0b, 0xbe, 0x0a, 0x0a, 0xbe, 0x0a, 0x0a,
  0xb1, 0x00, 0x00, 0xbe, 0x0f, 0x0f, 0x9a, 0x00, 0x00, 0x9c, 0x00, 0x00,
  0xd7, 0x17, 0x0b, 0xf7, 0x3a, 0x11, 0xff, 0x5b, 0x03, 0xff, 0x6c, 0x0e,
  0xff, 0x4e, 0x0e, 0xff, 0x3a, 0x10, 0xff, 0x31, 0x18, 0xed, 0x07, 0x00,
  0xe2, 0x05, 0x02, 0xcf, 0x04, 0x07, 0xb1, 0x00, 0x02, 0xb2, 0x00, 0x02,
  0xcf, 0x00, 0x04, 0xe9, 0x0d, 0x07, 0xff, 0x38, 0x11, 0xff, 0x4d, 0x10,
  0xff, 0x47, 0x02, 0xf8, 0x38, 0x00, 0xff, 0x3e, 0x14, 0xdf, 0x04, 0x00,
  0xf1, 0x07, 0x00, 0xec, 0x00, 0x00, 0xe9, 0x06, 0x00, 0xe3, 0x03, 0x00,
  0xe7, 0x06, 0x05, 0xde, 0x0a, 0x09, 0xb7, 0x00, 0x00, 0xa1, 0x00, 0x00,
  0x9d, 0x00, 0x00, 0xb6, 0x04, 0x03, 0xd3, 0x05, 0x0b, 0xe7, 0x09, 0x0f,
  0xe9, 0x03, 0x08, 0xe3, 0x00, 0x01, 0xd4, 0x00, 0x00, 0xc1, 0x00, 0x00,
  0xa6, 0x00, 0x00, 0x99, 0x00, 0x00, 0x9f, 0x00, 0x00, 0xc3, 0x06, 0x06,
  0xfd, 0x2f, 0x19, 0xfd, 0x21, 0x05, 0xf6, 0x0d, 0x00, 0xec, 0x01, 0x00,
  0xe7, 0x09, 0x04, 0xd3, 0x00, 0x00, 0xeb, 0x08, 0x00, 0xff, 0x36, 0x16,
  0xff, 0x3a, 0x0e, 0xff, 0x3e, 0x11, 0xff, 0x38, 0x12, 0xe3, 0x09, 0x00,
  0xf0, 0x11, 0x01, 0xd8, 0x04, 0x00, 0xc5, 0x0a, 0x0c, 0x9e, 0x00, 0x00,
  0x8a, 0x00, 0x00, 0x82, 0x00, 0x00, 0x80, 0x00, 0x00, 0x7f, 0x01, 0x00,
  0xa9, 0x00, 0x00, 0xa8, 0x00, 0x00, 0x9f, 0x00, 0x00, 0xbb, 0x06, 0x00,
  0xf1, 0x28, 0x15, 0xff, 0x42, 0x13, 0xff, 0x5a, 0x04, 0xff, 0x60, 0x05,
  0xff, 0x5f, 0x25, 0xff, 0x31, 0x12, 0xff, 0x18, 0x07, 0xf6, 0x0a, 0x06,
  0xdf, 0x06, 0x06, 0xc1, 0x00, 0x03, 0xa7, 0x00, 0x01, 0xb0, 0x00, 0x05,
  0xd5, 0x03, 0x0a, 0xde, 0x00, 0x00, 0xff, 0x33, 0x11, 0xff, 0x42, 0x0a,
  0xfc, 0x3c, 0x00, 0xef, 0x2f, 0x00, 0xff, 0x42, 0x07, 0xff, 0x2f, 0x04,
  0xee, 0x07, 0x00, 0xee, 0x00, 0x00, 0xea, 0x04, 0x00, 0xe0, 0x02, 0x00,
  0xdd, 0x06, 0x01, 0xd1, 0x05, 0x01, 0xba, 0x00, 0x00, 0xb3, 0x00, 0x00,
  0xba, 0x00, 0x00, 0xcb, 0x00, 0x00, 0xd8, 0x02, 0x06, 0xe2, 0x04, 0x08,
  0xe2, 0x00, 0x05, 0xde, 0x00, 0x01, 0xd7, 0x00, 0x00, 0xcb, 0x00, 0x00,
  0xc3, 0x10, 0x0a, 0x9b, 0x00, 0x00, 0xb5, 0x00, 0x03, 0xcc, 0x06, 0x07,
  0xe3, 0x10, 0x00, 0xea, 0x0c, 0x00, 0xf1, 0x06, 0x00, 0xf1, 0x03, 0x00,
  0xef, 0x09, 0x09, 0xf1, 0x0e, 0x0d, 0xee, 0x0c, 0x00, 0xe4, 0x07, 0x00,
  0xf3, 0x24, 0x00, 0xff, 0x43, 0x17, 0xff, 0x3e, 0x0f, 0xf7, 0x25, 0x00,
  0xe1, 0x0b, 0x00, 0xd6, 0x0b, 0x00, 0xb7, 0x0c, 0x0a, 0x86, 0x00, 0x00,
  0x71, 0x00, 0x00, 0x4f, 0x00, 0x00, 0x6e, 0x07, 0x00, 0x72, 0x0c, 0x00,
  0xa5, 0x00, 0x00, 0xa5, 0x00, 0x00, 0xb5, 0x00, 0x00, 0xd8, 0x13, 0x01,
  0xff, 0x41, 0x22, 0xff, 0x53, 0x24, 0xff, 0x57, 0x0f, 0xf6, 0x3c, 0x00,
  0xfe, 0x3b, 0x0b, 0xf3, 0x1d, 0x01, 0xef, 0x00, 0x00, 0xec, 0x00, 0x00,
  0xdd, 0x08, 0x0c, 0xb5, 0x00, 0x00, 0xa0, 0x00, 0x01, 0xad, 0x00, 0x05,
  0xd0, 0x03, 0x01, 0xeb, 0x10, 0x04, 0xe5, 0x0a, 0x00, 0xff, 0x3f, 0x15,
  0xff, 0x3d, 0x02, 0xfd, 0x3c, 0x00, 0xfa, 0x45, 0x00, 0xfc, 0x3b, 0x00,
  0xf0, 0x0c, 0x00, 0xff, 0x1b, 0x0f, 0xe8, 0x00, 0x00, 0xed, 0x0f, 0x06,
  0xd5, 0x07, 0x00, 0xc4, 0x00, 0x00, 0xbd, 0x00, 0x00, 0xcc, 0x06, 0x05,
  0xd4, 0x01, 0x01, 0xd7, 0x01, 0x01, 0xd4, 0x05, 0x02, 0xcd, 0x03, 0x00,
  0xc9, 0x01, 0x00, 0xcd, 0x02, 0x02, 0xd4, 0x02, 0x05, 0xd5, 0x06, 0x05,
  0xce, 0x0a, 0x01, 0xbe, 0x00, 0x00, 0xbc, 0x00, 0x00, 0xf6, 0x22, 0x25,
  0xf9, 0x1e, 0x12, 0xf7, 0x16, 0x07, 0xf2, 0x08, 0x05, 0xef, 0x00, 0x04,
  0xed, 0x00, 0x06, 0xe6, 0x00, 0x03, 0xe3, 0x04, 0x04, 0xe8, 0x0f, 0x07,
  0xe1, 0x07, 0x00, 0xff, 0x3b, 0x17, 0xff, 0x3b, 0x08, 0xfc, 0x37, 0x03,
  0xff, 0x36, 0x12, 0xd1, 0x13, 0x00, 0x9a, 0x00, 0x00, 0x87, 0x04, 0x0c,
  0x6b, 0x00, 0x08, 0x4b, 0x00, 0x00, 0x6a, 0x00, 0x00, 0x73, 0x07, 0x00,
  0xa5, 0x00, 0x00, 0xb5, 0x01, 0x00, 0xd2, 0x0e, 0x00, 0xdd, 0x10, 0x00,
  0xe7, 0x0f, 0x00, 0xff, 0x32, 0x07, 0xff, 0x3b, 0x05, 0xf0, 0x27, 0x00,
  0xe0, 0x19, 0x00, 0xf7, 0x27, 0x12, 0xee, 0x0b, 0x05, 0xe6, 0x06, 0x09,
  0xcc, 0x07, 0x0a, 0xb0, 0x00, 0x00, 0xa6, 0x00, 0x00, 0xb9, 0x02, 0x05,
  0xdb, 0x0b, 0x04, 0xe2, 0x03, 0x00, 0xe5, 0x05, 0x00, 0xff, 0x34, 0x11,
  0xed, 0x1d, 0x00, 0xff, 0x45, 0x03, 0xff, 0x59, 0x08, 0xff, 0x50, 0x06,
  0xff, 0x2f, 0x06, 0xff, 0x1c, 0x02, 0xff, 0x2d, 0x18, 0xe9, 0x0d, 0x00,
  0xce, 0x00, 0x00, 0xc6, 0x00, 0x00, 0xc5, 0x05, 0x00, 0xdc, 0x13, 0x13,
  0xdd, 0x05, 0x05, 0xde, 0x03, 0x04, 0xce, 0x04, 0x00, 0xbb, 0x00, 0x00,
  0xc0, 0x00, 0x00, 0xc7, 0x02, 0x00, 0xd8, 0x04, 0x07, 0xde, 0x08, 0x0a,
  0xff, 0x37, 0x2e, 0xc6, 0x00, 0x00, 0xc3, 0x00, 0x00, 0xe2, 0x09, 0x0c,
  0xdc, 0x00, 0x00, 0xe5, 0x00, 0x00, 0xeb, 0x02, 0x06, 0xf2, 0x04, 0x0b,
  0xed, 0x00, 0x05, 0xeb, 0x00, 0x04, 0xe3, 0x00, 0x06, 0xe3, 0x05, 0x02,
  0xdf, 0x00, 0x00, 0xf0, 0x16, 0x00, 0xff, 0x3e, 0x0f, 0xff, 0x38, 0x08,
  0xff, 0x58, 0x34, 0xf6, 0x38, 0x22, 0xa5, 0x02, 0x00, 0x87, 0x00, 0x00,
  0x7f, 0x00, 0x02, 0x7a, 0x00, 0x02, 0x78, 0x00, 0x00, 0x78, 0x00, 0x00,
  0xbc, 0x01, 0x00, 0xc4, 0x05, 0x00, 0xd3, 0x09, 0x00, 0xdd, 0x0d, 0x00,
  0xf9, 0x26, 0x09, 0xef, 0x1a, 0x00, 0xe3, 0x0a, 0x00, 0xd4, 0x01, 0x00,
  0xcf, 0x08, 0x00, 0xc5, 0x08, 0x00, 0xbe, 0x05, 0x00, 0xb6, 0x05, 0x00,
  0xaf, 0x07, 0x03, 0xa8, 0x00, 0x00, 0xb7, 0x00, 0x00, 0xd2, 0x06, 0x02,
  0xf7, 0x1a, 0x10, 0xee, 0x0b, 0x00, 0xdd, 0x00, 0x00, 0xe1, 0x07, 0x00,
  0xff, 0x3c, 0x0e, 0xff, 0x3f, 0x04, 0xf8, 0x3d, 0x00, 0xf8, 0x3d, 0x00,
  0xff, 0x3e, 0x03, 0xff, 0x39, 0x07, 0xff, 0x37, 0x12, 0xff, 0x25, 0x0a,
  0xdf, 0x07, 0x00, 0xcd, 0x00, 0x00, 0xc0, 0x00, 0x00, 0xc5, 0x02, 0x00,
  0xd6, 0x05, 0x05, 0xe5, 0x11, 0x12, 0xdf, 0x17, 0x14, 0xcc, 0x07, 0x03,
  0xc9, 0x01, 0x00, 0xdc, 0x0b, 0x0b, 0xe6, 0x06, 0x0b, 0xff, 0x34, 0x37,
  0xfe, 0x3f, 0x34, 0xbf, 0x04, 0x00, 0xc3, 0x00, 0x00, 0xd9, 0x06, 0x04,
  0xfb, 0x1f, 0x1c, 0xec, 0x09, 0x08, 0xde, 0x00, 0x00, 0xe2, 0x00, 0x00,
  0xf2, 0x03, 0x04, 0xf2, 0x03, 0x04, 0xef, 0x02, 0x07, 0xed, 0x03, 0x00,
  0xea, 0x05, 0x00, 0xe4, 0x03, 0x00, 0xfe, 0x1f, 0x00, 0xff, 0x24, 0x06,
  0xff, 0x3a, 0x20, 0xd7, 0x0d, 0x00, 0xaf, 0x00, 0x00, 0xab, 0x00, 0x00,
  0xbc, 0x00, 0x00, 0xb7, 0x00, 0x04, 0x99, 0x00, 0x00, 0x9e, 0x08, 0x04,
  0xcc, 0x01, 0x00, 0xd0, 0x03, 0x00, 0xd4, 0x05, 0x00, 0xd5, 0x08, 0x00,
  0xef, 0x2a, 0x16, 0xea, 0x21, 0x0c, 0xea, 0x10, 0x01, 0xe0, 0x0a, 0x00,
  0xbd, 0x00, 0x00, 0xa7, 0x00, 0x00, 0x8f, 0x00, 0x00, 0x84, 0x00, 0x00,
  0x92, 0x04, 0x00, 0x92, 0x00, 0x00, 0xbc, 0x00, 0x00, 0xf3, 0x19, 0x13,
  0xfc, 0x1a, 0x0d, 0xf4, 0x0f, 0x00, 0xec, 0x0d, 0x00, 0xfa, 0x23, 0x01,
  0xff, 0x36, 0x0a, 0xff, 0x3e, 0x08, 0xf5, 0x34, 0x00, 0xfe, 0x42, 0x02,
  0xfd, 0x49, 0x02, 0xff, 0x5b, 0x1a, 0xfa, 0x33, 0x00, 0xf6, 0x26, 0x00,
  0xdc, 0x0a, 0x00, 0xc7, 0x00, 0x00, 0xc1, 0x00, 0x00, 0xcf, 0x0c, 0x05,
  0xdf, 0x10, 0x0f, 0xe5, 0x11, 0x12, 0xd7, 0x08, 0x07, 0xc6, 0x00, 0x00,
  0xc8, 0x00, 0x00, 0xcd, 0x00, 0x00, 0xd5, 0x00, 0x00, 0xef, 0x22, 0x21,
  0xb5, 0x0a, 0x00, 0x94, 0x00, 0x00, 0xb5, 0x00, 0x00, 0xd1, 0x0e, 0x0c,
  0xdc, 0x13, 0x13, 0xd2, 0x03, 0x05, 0xd5, 0x00, 0x00, 0xe1, 0x00, 0x01,
  0xe8, 0x00, 0x00, 0xe3, 0x00, 0x00, 0xf0, 0x00, 0x06, 0xff, 0x1b, 0x19,
  0xff, 0x2c, 0x16, 0xf2, 0x0d, 0x00, 0xff, 0x16, 0x01, 0xe8, 0x05, 0x00,
  0xe8, 0x0e, 0x00, 0xd8, 0x09, 0x00, 0xd4, 0x0c, 0x00, 0xcd, 0x02, 0x00,
  0xd9, 0x00, 0x00, 0xd3, 0x00, 0x02, 0xb2, 0x00, 0x00, 0xb3, 0x09, 0x05,
  0xe0, 0x02, 0x00, 0xdc, 0x00, 0x00, 0xd5, 0x00, 0x00, 0xc7, 0x02, 0x00,
  0xba, 0x0a, 0x00, 0xb9, 0x07, 0x00, 0xcb, 0x00, 0x00, 0xc8, 0x00, 0x00,
  0xb0, 0x00, 0x00, 0x90, 0x00, 0x00, 0x6b, 0x00, 0x00, 0x5b, 0x00, 0x00,
  0x75, 0x00, 0x00, 0x8c, 0x00, 0x00, 0xc5, 0x01, 0x01, 0xf7, 0x1b, 0x15,
  0xff, 0x33, 0x21, 0xea, 0x0a, 0x00, 0xf6, 0x1c, 0x00, 0xdc, 0x05, 0x00,
  0xfd, 0x2b, 0x02, 0xff, 0x3e, 0x0f, 0xf4, 0x2e, 0x00, 0xff, 0x4d, 0x10,
  0xf1, 0x43, 0x00, 0xef, 0x46, 0x00, 0xff, 0x5d, 0x1c, 0xf5, 0x41, 0x0a,
  0xe2, 0x27, 0x00, 0xc0, 0x01, 0x00, 0xba, 0x00, 0x00, 0xd4, 0x0b, 0x01,
  0xe1, 0x0b, 0x0a, 0xe1, 0x06, 0x0a, 0xd7, 0x00, 0x00, 0xd4, 0x00, 0x00,
  0xce, 0x00, 0x00, 0xbe, 0x00, 0x00, 0xbd, 0x00, 0x00, 0xb7, 0x0e, 0x02,
  0x8e, 0x05, 0x00, 0x83, 0x00, 0x00, 0xa1, 0x02, 0x00, 0xa0, 0x00, 0x00,
  0xa8, 0x07, 0x04, 0xaa, 0x00, 0x00, 0xc5, 0x00, 0x04, 0xe0, 0x01, 0x0c,
  0xff, 0x1d, 0x1f, 0xef, 0x09, 0x09, 0xec, 0x05, 0x0a, 0xfa, 0x14, 0x12,
  0xff, 0x34, 0x20, 0xff, 0x30, 0x18, 0xff, 0x2c, 0x19, 0xe3, 0x02, 0x00,
  0xf2, 0x1e, 0x0f, 0xdb, 0x0c, 0x00, 0xd7, 0x03, 0x00, 0xe0, 0x08, 0x04,
  0xd9, 0x01, 0x01, 0xd1, 0x02, 0x01, 0xbc, 0x00, 0x00, 0xc5, 0x0b, 0x08,
  0xe9, 0x04, 0x02, 0xe0, 0x01, 0x01, 0xcf, 0x00, 0x02, 0xbc, 0x00, 0x01,
  0xa1, 0x00, 0x00, 0xa6, 0x00, 0x00, 0xbf, 0x00, 0x00, 0xc4, 0x00, 0x00,
  0xbe, 0x03, 0x00, 0x9a, 0x00, 0x00, 0x69, 0x00, 0x00, 0x53, 0x00, 0x00,
  0x6e, 0x00, 0x00, 0x9f, 0x06, 0x0a, 0xd1, 0x0b, 0x09, 0xe1, 0x06, 0x00,
  0xff, 0x2c, 0x11, 0xff, 0x31, 0x0f, 0xf1, 0x1a, 0x00, 0xfc, 0x28, 0x02,
  0xf6, 0x24, 0x00, 0xff, 0x38, 0x0f, 0xfe, 0x2f, 0x03, 0xff, 0x47, 0x11,
  0xff, 0x50, 0x06, 0xff, 0x58, 0x09, 0xfa, 0x4a, 0x06, 0xf7, 0x43, 0x0b,
  0xf8, 0x41, 0x18, 0xc4, 0x0f, 0x00, 0xad, 0x00, 0x00, 0xc1, 0x06, 0x00,
  0xd1, 0x00, 0x00, 0xd5, 0x00, 0x00, 0xdd, 0x00, 0x00, 0xe9, 0x06, 0x0c,
  0xe4, 0x09, 0x0c, 0xcb, 0x00, 0x00, 0xb3, 0x00, 0x00, 0xa7, 0x05, 0x00,
  0x7f, 0x00, 0x00, 0x87, 0x02, 0x00, 0xa9, 0x07, 0x09, 0x96, 0x00, 0x00,
  0x8d, 0x00, 0x00, 0x92, 0x00, 0x00, 0xb6, 0x00, 0x05, 0xda, 0x06, 0x13,
  0xe8, 0x0d, 0x11, 0xe4, 0x07, 0x09, 0xda, 0x00, 0x05, 0xd8, 0x00, 0x00,
  0xf0, 0x08, 0x00, 0xff, 0x1a, 0x08, 0xf5, 0x0b, 0x00, 0xfa, 0x1a, 0x0f,
  0xda, 0x0a, 0x00, 0xdd, 0x0f, 0x07, 0xea, 0x0c, 0x09, 0xea, 0x08, 0x09,
  0xd7, 0x00, 0x00, 0xd0, 0x01, 0x00, 0xc4, 0x00, 0x00, 0xd4, 0x0a, 0x07,
  0xe3, 0x00, 0x00, 0xe7, 0x0c, 0x0d, 0xcd, 0x06, 0x0e, 0xa5, 0x00, 0x00,
  0x9c, 0x00, 0x00, 0x9b, 0x00, 0x00, 0xd5, 0x15, 0x06, 0xf7, 0x26, 0x16,
  0xd8, 0x00, 0x00, 0xd8, 0x17, 0x0b, 0x85, 0x00, 0x00, 0x75, 0x00, 0x00,
  0x8d, 0x00, 0x08, 0xb4, 0x0b, 0x0f, 0xdb, 0x12, 0x08, 0xe6, 0x0f, 0x00,
  0xff, 0x3a, 0x12, 0xff, 0x3c, 0x10, 0xff, 0x3d, 0x14, 0xff, 0x41, 0x19,
  0xf1, 0x1c, 0x00, 0xf6, 0x1e, 0x00, 0xe9, 0x12, 0x00, 0xff, 0x37, 0x0b,
  0xff, 0x46, 0x07, 0xff, 0x52, 0x11, 0xff, 0x4a, 0x15, 0xff, 0x3c, 0x14,
  0xff, 0x47, 0x26, 0xb9, 0x0c, 0x00, 0x8c, 0x00, 0x00, 0x99, 0x00, 0x00,
  0xc6, 0x01, 0x00, 0xd5, 0x00, 0x00, 0xed, 0x06, 0x0d, 0xfe, 0x14, 0x1c,
  0xef, 0x08, 0x0f, 0xde, 0x01, 0x05, 0xd7, 0x08, 0x07, 0xc4, 0x0a, 0x07,
  0x99, 0x00, 0x00, 0xa7, 0x03, 0x06, 0xc0, 0x01, 0x0d, 0xc2, 0x05, 0x10,
  0x8c, 0x00, 0x00, 0x84, 0x00, 0x00, 0xa2, 0x00, 0x00, 0xca, 0x0e, 0x15,
  0xde, 0x10, 0x14, 0xde, 0x0a, 0x0d, 0xc2, 0x00, 0x00, 0xd7, 0x03, 0x06,
  0xed, 0x03, 0x00, 0xff, 0x10, 0x05, 0xeb, 0x00, 0x00, 0xe1, 0x03, 0x00,
  0xd2, 0x06, 0x00, 0xcd, 0x00, 0x00, 0xe7, 0x00, 0x05, 0xe2, 0x00, 0x00,
  0xe4, 0x09, 0x08, 0xd8, 0x05, 0x00, 0xda, 0x02, 0x00, 0xde, 0x04, 0x00,
  0xe3, 0x0d, 0x0a, 0xcd, 0x00, 0x01, 0xb1, 0x00, 0x00, 0xa9, 0x00, 0x03,
  0xab, 0x00, 0x00, 0xc7, 0x18, 0x08, 0xe1, 0x28, 0x02, 0xff, 0x48, 0x1e,
  0xff, 0x39, 0x19, 0xff, 0x3c, 0x26, 0x9d, 0x08, 0x00, 0x7c, 0x00, 0x00,
  0xa9, 0x06, 0x12, 0xcf, 0x13, 0x17, 0xee, 0x20, 0x0a, 0xf2, 0x20, 0x00,
  0xff, 0x3d, 0x0a, 0xff, 0x3e, 0x08, 0xff, 0x43, 0x13, 0xf2, 0x21, 0x00,
  0xff, 0x3a, 0x18, 0xff, 0x29, 0x0a, 0xe2, 0x02, 0x00, 0xff, 0x36, 0x16,
  0xff, 0x42, 0x13, 0xff, 0x42, 0x10, 0xff, 0x35, 0x10, 0xf5, 0x1f, 0x03,
  0xec, 0x25, 0x12, 0xa3, 0x00, 0x00, 0x7f, 0x00, 0x00, 0x97, 0x01, 0x00,
  0xc6, 0x02, 0x00, 0xea, 0x0e, 0x12, 0xf6, 0x18, 0x1c, 0xea, 0x0e, 0x12,
  0xd5, 0x00, 0x00, 0xcd, 0x00, 0x00, 0xc5, 0x00, 0x00, 0xb9, 0x02, 0x00,
  0xa4, 0x00, 0x00, 0xa9, 0x00, 0x00, 0xbf, 0x00, 0x02, 0xca, 0x02, 0x0c,
  0xae, 0x00, 0x02, 0x8e, 0x00, 0x00, 0x90, 0x00, 0x00, 0xb2, 0x07, 0x06,
  0xcc, 0x0b, 0x0c, 0xcf, 0x04, 0x09, 0xc7, 0x04, 0x0c, 0xc6, 0x00, 0x00,
  0xef, 0x05, 0x02, 0xf1, 0x00, 0x00, 0xe0, 0x00, 0x00, 0xe0, 0x01, 0x00,
  0xc8, 0x00, 0x00, 0xc8, 0x00, 0x00, 0xec, 0x05, 0x0c, 0xef, 0x01, 0x09,
  0xe6, 0x05, 0x04, 0xe1, 0x05, 0x00, 0xe3, 0x02, 0x00, 0xe2, 0x00, 0x00,
  0xc8, 0x07, 0x01, 0xc0, 0x0a, 0x08, 0xa5, 0x03, 0x05, 0x97, 0x00, 0x00,
  0xbd, 0x00, 0x00, 0xeb, 0x25, 0x08, 0xfb, 0x44, 0x00, 0xff, 0x63, 0x11,
  0xff, 0x36, 0x00, 0xfb, 0x3c, 0x0f, 0x9e, 0x0b, 0x00, 0x8b, 0x00, 0x00,
  0xbf, 0x05, 0x0d, 0xe4, 0x13, 0x11, 0xfb, 0x25, 0x00, 0xfa, 0x29, 0x00,
  0xff, 0x3e, 0x01, 0xf1, 0x30, 0x00, 0xed, 0x27, 0x00, 0xf6, 0x27, 0x00,
  0xfa, 0x23, 0x01, 0xff, 0x22, 0x09, 0xee, 0x09, 0x00, 0xf1, 0x0c, 0x00,
  0xff, 0x3c, 0x1d, 0xff, 0x31, 0x14, 0xff, 0x30, 0x1d, 0xe7, 0x0e, 0x03,
  0xcd, 0x00, 0x00, 0xa8, 0x00, 0x00, 0x98, 0x00, 0x00, 0xaf, 0x00, 0x06,
  0xdd, 0x0d, 0x13, 0xdd, 0x05, 0x07, 0xd6, 0x0e, 0x0b, 0xc9, 0x0f, 0x07,
  0xa7, 0x00, 0x00, 0xa1, 0x00, 0x00, 0x9b, 0x00, 0x00, 0x9b, 0x05, 0x00,
  0x95, 0x0c, 0x00, 0x9a, 0x04, 0x00, 0xba, 0x00, 0x00, 0xd2, 0x07, 0x07,
  0xd1, 0x10, 0x0d, 0xa6, 0x00, 0x00, 0x89, 0x00, 0x00, 0xa0, 0x08, 0x00,
  0xc0, 0x08, 0x06, 0xc4, 0x02, 0x08, 0xa2, 0x00, 0x00, 0xcc, 0x05, 0x0b,
  0xfd, 0x12, 0x12, 0xf6, 0x00, 0x00, 0xf1, 0x04, 0x04, 0xe8, 0x09, 0x0b,
  0xc8, 0x00, 0x00, 0xc8, 0x00, 0x00, 0xe9, 0x06, 0x0e, 0xee, 0x02, 0x09,
  0xe9, 0x00, 0x01, 0xea, 0x02, 0x00, 0xeb, 0x04, 0x00, 0xe4, 0x00, 0x00,
  0xc9, 0x13, 0x11, 0xa5, 0x00, 0x00, 0x86, 0x00, 0x00, 0x96, 0x00, 0x00,
  0xbe, 0x00, 0x00, 0xe7, 0x1a, 0x00, 0xff, 0x5d, 0x0b, 0xff, 0x66, 0x07,
  0xff, 0x46, 0x00, 0xff, 0x46, 0x12, 0xb2, 0x0c, 0x00, 0xa4, 0x00, 0x00,
  0xcb, 0x00, 0x00, 0xeb, 0x08, 0x07, 0xfa, 0x1c, 0x00, 0xf9, 0x1f, 0x00,
  0xe7, 0x15, 0x00, 0xff, 0x37, 0x09, 0xe6, 0x19, 0x00, 0xfc, 0x29, 0x05,
  0xfd, 0x20, 0x07, 0xf6, 0x13, 0x00, 0xff, 0x1f, 0x11, 0xff, 0x1c, 0x0f,
  0xef, 0x0c, 0x00, 0xe6, 0x07, 0x00, 0xe9, 0x0c, 0x02, 0xd0, 0x00, 0x00,
  0xc3, 0x00, 0x00, 0xc7, 0x00, 0x05, 0xbf, 0x00, 0x0b, 0xc8, 0x04, 0x12,
  0xd0, 0x00, 0x08, 0xd2, 0x0a, 0x0b, 0xba, 0x0c, 0x02, 0x91, 0x00, 0x00,
  0x92, 0x00, 0x00, 0x91, 0x00, 0x00, 0x93, 0x00, 0x00, 0x9c, 0x00, 0x00,
  0x9d, 0x09, 0x00, 0xa8, 0x08, 0x00, 0xc5, 0x0a, 0x00, 0xdb, 0x11, 0x03,
  0xea, 0x1b, 0x0f, 0xba, 0x00, 0x00, 0x9b, 0x00, 0x00, 0xab, 0x0a, 0x00,
  0xbf, 0x03, 0x00, 0xbc, 0x00, 0x00, 0xa4, 0x00, 0x00, 0xb2, 0x00, 0x00,
  0xe9, 0x07, 0x08, 0xec, 0x00, 0x00, 0xe8, 0x0e, 0x0f, 0xcb, 0x00, 0x00,
  0xcd, 0x06, 0x0c, 0xc6, 0x00, 0x07, 0xda, 0x05, 0x0d, 0xda, 0x00, 0x00,
  0xeb, 0x03, 0x04, 0xef, 0x03, 0x01, 0xea, 0x01, 0x00, 0xe6, 0x00, 0x00,
  0xb9, 0x05, 0x09, 0xa2, 0x02, 0x04, 0x6e, 0x00, 0x00, 0x77, 0x00, 0x00,
  0xb9, 0x01, 0x00, 0xf0, 0x2a, 0x0f, 0xff, 0x60, 0x18, 0xff, 0x5b, 0x03,
  0xff, 0x49, 0x06, 0xff, 0x37, 0x0c, 0xdd, 0x0c, 0x00, 0xd4, 0x00, 0x00,
  0xe6, 0x00, 0x03, 0xf0, 0x00, 0x06, 0xfb, 0x12, 0x07, 0xec, 0x02, 0x00,
  0xf8, 0x04, 0x00, 0xf5, 0x06, 0x00, 0xe8, 0x0c, 0x00, 0xe7, 0x0c, 0x00,
  0xdf, 0x00, 0x00, 0xea, 0x01, 0x00, 0xf2, 0x10, 0x06, 0xe7, 0x07, 0x00,
  0xea, 0x0d, 0x03, 0xe3, 0x05, 0x00, 0xde, 0x02, 0x00, 0xde, 0x02, 0x00,
  0xdd, 0x02, 0x03, 0xda, 0x03, 0x05, 0xd8, 0x04, 0x07, 0xd3, 0x06, 0x09,
  0xb9, 0x00, 0x00, 0xa6, 0x00, 0x00, 0x8b, 0x00, 0x00, 0x84, 0x00, 0x00,
  0x9a, 0x00, 0x00, 0xa5, 0x00, 0x00, 0xc9, 0x02, 0x00, 0xce, 0x00, 0x00,
  0xca, 0x03, 0x00, 0xd2, 0x0c, 0x01, 0xcf, 0x08, 0x00, 0xdf, 0x11, 0x00,
  0xff, 0x40, 0x2c, 0xe6, 0x10, 0x00, 0xc1, 0x00, 0x00, 0xcb, 0x07, 0x00,
  0xd9, 0x0c, 0x00, 0xc1, 0x00, 0x00, 0x9e, 0x00, 0x00, 0xa4, 0x00, 0x00,
  0xc8, 0x00, 0x00, 0xcc, 0x00, 0x00, 0xba, 0x03, 0x00, 0xb2, 0x03, 0x00,
  0xb2, 0x00, 0x02, 0xc0, 0x09, 0x0e, 0xb0, 0x00, 0x00, 0xc4, 0x00, 0x00,
  0xe2, 0x03, 0x03, 0xed, 0x02, 0x02, 0xe9, 0x01, 0x00, 0xe5, 0x00, 0x00,
  0xc3, 0x0e, 0x12, 0x91, 0x00, 0x00, 0x6b, 0x00, 0x00, 0x6c, 0x00, 0x00,
  0xbf, 0x02, 0x02, 0xf0, 0x22, 0x0e, 0xfe, 0x4a, 0x0e, 0xf8, 0x4a, 0x00,
  0xff, 0x44, 0x07, 0xf0, 0x21, 0x00, 0xf3, 0x10, 0x00, 0xeb, 0x00, 0x00,
  0xf2, 0x00, 0x04, 0xf4, 0x00, 0x09, 0xf5, 0x08, 0x0b, 0xef, 0x00, 0x00,
  0xf7, 0x00, 0x00, 0xf5, 0x00, 0x00, 0xe7, 0x04, 0x00, 0xe3, 0x05, 0x00,
  0xf0, 0x08, 0x04, 0xff, 0x18, 0x15, 0xe0, 0x04, 0x00, 0xd8, 0x01, 0x00,
  0xd3, 0x00, 0x00, 0xd5, 0x00, 0x00, 0xd7, 0x00, 0x00, 0xde, 0x02, 0x00,
  0xf6, 0x19, 0x16, 0xed, 0x11, 0x0e, 0xe3, 0x07, 0x04, 0xd4, 0x03, 0x01,
  0xb6, 0x00, 0x00, 0x91, 0x00, 0x00, 0x81, 0x00, 0x00, 0x97, 0x03, 0x00,
  0xc3, 0x0f, 0x01, 0xd0, 0x03, 0x00, 0xdf, 0x01, 0x00, 0xe3, 0x01, 0x00,
  0xf3, 0x1a, 0x0f, 0xe7, 0x16, 0x06, 0xf5, 0x2a, 0x11, 0xff, 0x35, 0x16,
  0xff, 0x35, 0x0f, 0xe2, 0x0f, 0x00, 0xe5, 0x14, 0x02, 0xd8, 0x06, 0x00,
  0xf4, 0x1b, 0x12, 0xd7, 0x0c, 0x00, 0xaa, 0x00, 0x00, 0x99, 0x00, 0x00,
  0xc2, 0x08, 0x04, 0xb1, 0x00, 0x00, 0x90, 0x00, 0x00, 0x88, 0x00, 0x00,
  0x97, 0x00, 0x00, 0xa5, 0x00, 0x00, 0xa0, 0x00, 0x00, 0xb2, 0x00, 0x00,
  0xdd, 0x05, 0x05, 0xeb, 0x03, 0x02, 0xe9, 0x01, 0x00, 0xe7, 0x00, 0x00,
  0xc8, 0x12, 0x10, 0x94, 0x00, 0x00, 0x7c, 0x00, 0x00, 0x8b, 0x00, 0x00,
  0xd8, 0x08, 0x0d, 0xfc, 0x1d, 0x12, 0xff, 0x43, 0x19, 0xff, 0x41, 0x05,
  0xff, 0x43, 0x04, 0xff, 0x45, 0x0e, 0xff, 0x38, 0x17, 0xee, 0x09, 0x00,
  0xf2, 0x05, 0x03, 0xf0, 0x00, 0x06, 0xed, 0x01, 0x06, 0xed, 0x01, 0x06,
  0xed, 0x00, 0x02, 0xeb, 0x01, 0x02, 0xe5, 0x04, 0x02, 0xe3, 0x05, 0x02,
  0xe9, 0x05, 0x05, 0xd9, 0x00, 0x00, 0xd2, 0x01, 0x00, 0xb2, 0x00, 0x00,
  0xcb, 0x00, 0x00, 0xd5, 0x00, 0x00, 0xe0, 0x03, 0x00, 0xe3, 0x07, 0x04,
  0xe5, 0x09, 0x06, 0xde, 0x02, 0x00, 0xd4, 0x00, 0x00, 0xc4, 0x00, 0x00,
  0xb9, 0x02, 0x00, 0xa0, 0x00, 0x00, 0xa2, 0x00, 0x00, 0xc0, 0x0b, 0x00,
  0xe8, 0x17, 0x07, 0xe6, 0x07, 0x00, 0xf0, 0x0a, 0x00, 0xff, 0x3c, 0x23,
  0xff, 0x4f, 0x2a, 0xff, 0x3d, 0x15, 0xf2, 0x28, 0x0a, 0xff, 0x3b, 0x13,
  0xf1, 0x35, 0x00, 0xf8, 0x3e, 0x02, 0xd9, 0x12, 0x00, 0xda, 0x0a, 0x02,
  0xe3, 0x08, 0x09, 0xd7, 0x08, 0x07, 0xbb, 0x0f, 0x07, 0x9f, 0x03, 0x00,
  0xac, 0x0a, 0x0a, 0x89, 0x00, 0x00, 0x65, 0x00, 0x00, 0x6c, 0x02, 0x00,
  0x84, 0x00, 0x00, 0x90, 0x00, 0x00, 0xa3, 0x07, 0x00, 0xb0, 0x02, 0x00,
  0xd9, 0x08, 0x05, 0xe9, 0x04, 0x02, 0xea, 0x00, 0x00, 0xe8, 0x00, 0x00,
  0xc6, 0x0d, 0x05, 0xa9, 0x00, 0x00, 0x92, 0x00, 0x00, 0xbe, 0x0f, 0x0f,
  0xda, 0x00, 0x05, 0xe7, 0x00, 0x00, 0xfa, 0x1f, 0x04, 0xf2, 0x21, 0x00,
  0xe8, 0x20, 0x00, 0xff, 0x3d, 0x03, 0xff, 0x38, 0x0d, 0xff, 0x36, 0x1a,
  0xed, 0x09, 0x00, 0xe4, 0x00, 0x00, 0xed, 0x05, 0x08, 0xe6, 0x00, 0x04,
  0xe5, 0x01, 0x05, 0xe2, 0x03, 0x05, 0xe1, 0x04, 0x05, 0xdd, 0x05, 0x05,
  0xd8, 0x00, 0x00, 0xdd, 0x0c, 0x0a, 0xc9, 0x02, 0x00, 0xbf, 0x00, 0x00,
  0xd1, 0x00, 0x00, 0xda, 0x00, 0x00, 0xe0, 0x03, 0x00, 0xe3, 0x07, 0x04,
  0xe0, 0x03, 0x00, 0xe0, 0x03, 0x00, 0xe0, 0x03, 0x00, 0xd9, 0x06, 0x00,
  0xc0, 0x03, 0x00, 0xc2, 0x0a, 0x00, 0xd2, 0x0c, 0x00, 0xe2, 0x0e, 0x01,
  0xfc, 0x1a, 0x0b, 0xff, 0x34, 0x1f, 0xff, 0x27, 0x0c, 0xff, 0x35, 0x0f,
  0xff, 0x3d, 0x09, 0xff, 0x3e, 0x0b, 0xda, 0x09, 0x00, 0xff, 0x40, 0x18,
  0xff, 0x55, 0x0d, 0xf6, 0x3f, 0x00, 0xe6, 0x1d, 0x03, 0xd5, 0x00, 0x00,
  0xe8, 0x0a, 0x10, 0xd8, 0x08, 0x0f, 0xb2, 0x03, 0x00, 0x8a, 0x00, 0x00,
  0x93, 0x00, 0x00, 0x6e, 0x00, 0x00, 0x57, 0x00, 0x00, 0x6f, 0x0e, 0x06,
  0x88, 0x05, 0x00, 0x93, 0x00, 0x00, 0xb2, 0x19, 0x0f, 0xbd, 0x0f, 0x08,
  0xd9, 0x08, 0x05, 0xe9, 0x04, 0x02, 0xea, 0x00, 0x00, 0xe8, 0x00, 0x00,
  0xc9, 0x09, 0x00, 0xc7, 0x0a, 0x00, 0xc4, 0x0b, 0x03, 0xcc, 0x06, 0x05,
  0xe7, 0x05, 0x0b, 0xe9, 0x00, 0x00, 0xe3, 0x03, 0x00, 0xe5, 0x0e, 0x00,
  0xfb, 0x2f, 0x00, 0xff, 0x3e, 0x06, 0xff, 0x3e, 0x0c, 0xff, 0x39, 0x0f,
  0xff, 0x36, 0x17, 0xe9, 0x0a, 0x00, 0xec, 0x07, 0x00, 0xda, 0x00, 0x00,
  0xe3, 0x05, 0x0a, 0xdb, 0x04, 0x0a, 0xd1, 0x00, 0x03, 0xc8, 0x00, 0x00,
  0xc4, 0x03, 0x02, 0xbe, 0x01, 0x00, 0xbe, 0x00, 0x00, 0xca, 0x04, 0x02,
  0xde, 0x09, 0x06, 0xe2, 0x05, 0x02, 0xe1, 0x04, 0x01, 0xe0, 0x03, 0x00,
  0xeb, 0x0f, 0x0c, 0xe8, 0x0b, 0x08, 0xe3, 0x07, 0x04, 0xda, 0x04, 0x00,
  0xc9, 0x00, 0x00, 0xc9, 0x00, 0x00, 0xea, 0x09, 0x05, 0xed, 0x03, 0x00,
  0xff, 0x35, 0x27, 0xff, 0x37, 0x20, 0xff, 0x38, 0x18, 0xff, 0x3a, 0x0f,
  0xff, 0x38, 0x02, 0xe7, 0x17, 0x00, 0xe9, 0x0a, 0x00, 0xff, 0x34, 0x0e,
  0xff, 0x3c, 0x00, 0xff, 0x3e, 0x06, 0xdf, 0x07, 0x00, 0xe7, 0x07, 0x0e,
  0xdb, 0x00, 0x06, 0xcb, 0x00, 0x02, 0xb6, 0x00, 0x00, 0xa3, 0x00, 0x00,
  0x8e, 0x00, 0x00, 0x78, 0x00, 0x00, 0x68, 0x00, 0x00, 0x73, 0x01, 0x00,
  0xa3, 0x0f, 0x0f, 0x98, 0x00, 0x00, 0x9a, 0x00, 0x00, 0xbd, 0x05, 0x01,
  0xda, 0x04, 0x03, 0xe7, 0x00, 0x00, 0xff, 0x18, 0x15, 0xff, 0x16, 0x10,
  0xce, 0x08, 0x00, 0xcf, 0x07, 0x00, 0xd2, 0x05, 0x00, 0xd9, 0x01, 0x00,
  0xde, 0x00, 0x00, 0xde, 0x00, 0x00, 0xd6, 0x00, 0x00, 0xd7, 0x05, 0x00,
  0xd8, 0x0c, 0x00, 0xfb, 0x36, 0x06, 0xfd, 0x3b, 0x06, 0xff, 0x53, 0x1f,
  0xff, 0x3b, 0x0d, 0xff, 0x34, 0x11, 0xeb, 0x08, 0x00, 0xed, 0x08, 0x01,
  0xe1, 0x06, 0x0c, 0xd6, 0x03, 0x0d, 0xc9, 0x02, 0x07, 0xbc, 0x03, 0x04,
  0xa8, 0x00, 0x00, 0xa5, 0x00, 0x00, 0xbb, 0x00, 0x01, 0xce, 0x05, 0x07,
  0xdd, 0x07, 0x06, 0xe4, 0x08, 0x05, 0xe7, 0x0a, 0x07, 0xe8, 0x0b, 0x08,
  0xe8, 0x0b, 0x08, 0xe4, 0x08, 0x05, 0xde, 0x02, 0x00, 0xd6, 0x01, 0x00,
  0xc3, 0x00, 0x00, 0xc2, 0x00, 0x00, 0xe6, 0x05, 0x06, 0xe9, 0x00, 0x00,
  0xe8, 0x04, 0x00, 0xef, 0x13, 0x02, 0xff, 0x27, 0x11, 0xff, 0x35, 0x12,
  0xff, 0x31, 0x00, 0xff, 0x30, 0x00, 0xeb, 0x10, 0x00, 0xff, 0x39, 0x13,
  0xff, 0x42, 0x0f, 0xf1, 0x21, 0x00, 0xdd, 0x00, 0x00, 0xd5, 0x00, 0x04,
  0xd5, 0x00, 0x02, 0xcc, 0x00, 0x00, 0xc2, 0x00, 0x00, 0xb8, 0x01, 0x01,
  0xb0, 0x04, 0x07, 0x9e, 0x00, 0x04, 0x95, 0x02, 0x08, 0xa3, 0x09, 0x10,
  0xbb, 0x08, 0x10, 0xb4, 0x00, 0x00, 0xb3, 0x00, 0x00, 0xca, 0x04, 0x04,
  0xe1, 0x02, 0x04, 0xe8, 0x00, 0x00, 0xfa, 0x13, 0x0f, 0xf3, 0x0e, 0x07,
  0xd2, 0x07, 0x00, 0xd7, 0x04, 0x00, 0xde, 0x00, 0x00, 0xdf, 0x00, 0x00,
  0xdc, 0x00, 0x00, 0xd1, 0x00, 0x00, 0xc3, 0x00, 0x00, 0xbc, 0x00, 0x00,
  0xd7, 0x0c, 0x00, 0xf2, 0x2d, 0x0b, 0xf7, 0x3b, 0x09, 0xff, 0x45, 0x09,
  0xfc, 0x3b, 0x00, 0xff, 0x3d, 0x06, 0xff, 0x34, 0x0d, 0xe0, 0x00, 0x00,
  0xe3, 0x03, 0x08, 0xd5, 0x03, 0x11, 0xbf, 0x06, 0x0b, 0xa5, 0x03, 0x01,
  0x88, 0x00, 0x00, 0x95, 0x02, 0x00, 0xbb, 0x00, 0x05, 0xd4, 0x01, 0x0b,
  0xdd, 0x05, 0x05, 0xe7, 0x0a, 0x07, 0xef, 0x12, 0x0f, 0xf4, 0x18, 0x15,
  0xe3, 0x07, 0x04, 0xde, 0x02, 0x00, 0xda, 0x00, 0x00, 0xcb, 0x00, 0x00,
  0xae, 0x00, 0x00, 0xa9, 0x00, 0x00, 0xd2, 0x06, 0x0b, 0xd9, 0x00, 0x04,
  0xdc, 0x01, 0x00, 0xe3, 0x02, 0x00, 0xf1, 0x01, 0x00, 0xf3, 0x07, 0x00,
  0xff, 0x34, 0x10, 0xff, 0x37, 0x08, 0xff, 0x3c, 0x0f, 0xff, 0x39, 0x11,
  0xff, 0x3c, 0x1b, 0xdf, 0x0c, 0x00, 0xca, 0x00, 0x02, 0xc9, 0x00, 0x09,
  0xcb, 0x01, 0x00, 0xcd, 0x05, 0x00, 0xd2, 0x07, 0x00, 0xd3, 0x07, 0x03,
  0xd6, 0x0b, 0x0e, 0xcd, 0x01, 0x0a, 0xcf, 0x00, 0x0e, 0xdd, 0x06, 0x18,
  0xe0, 0x00, 0x14, 0xdb, 0x00, 0x0e, 0xd6, 0x00, 0x0a, 0xdc, 0x03, 0x0a,
  0xeb, 0x00, 0x06, 0xe9, 0x00, 0x00, 0xf0, 0x0b, 0x07, 0xe3, 0x03, 0x00,
  0xd6, 0x05, 0x00, 0xda, 0x02, 0x00, 0xe2, 0x00, 0x00, 0xe2, 0x00, 0x00,
  0xe9, 0x0a, 0x08, 0xd3, 0x00, 0x04, 0xb7, 0x00, 0x00, 0xa6, 0x00, 0x00,
  0xca, 0x05, 0x00, 0xd5, 0x13, 0x00, 0xff, 0x46, 0x15, 0xf7, 0x3c, 0x03,
  0xff, 0x3f, 0x05, 0xf6, 0x28, 0x00, 0xff, 0x34, 0x0d, 0xe9, 0x09, 0x00,
  0xdd, 0x06, 0x0d, 0xcb, 0x07, 0x17, 0xab, 0x04, 0x0c, 0x8e, 0x00, 0x00,
  0x7a, 0x03, 0x00, 0x8d, 0x08, 0x00, 0xba, 0x01, 0x07, 0xd5, 0x00, 0x06,
  0xe1, 0x02, 0x04, 0xee, 0x08, 0x08, 0xfb, 0x15, 0x15, 0xff, 0x1f, 0x1e,
  0xe0, 0x01, 0x00, 0xd9, 0x00, 0x00, 0xd1, 0x00, 0x00, 0xbe, 0x00, 0x00,
  0x9e, 0x00, 0x00, 0x9b, 0x00, 0x00, 0xc5, 0x05, 0x08, 0xd0, 0x00, 0x00,
  0xd9, 0x00, 0x00, 0xe3, 0x00, 0x00, 0xf0, 0x00, 0x00, 0xf1, 0x00, 0x00,
  0xff, 0x2f, 0x0f, 0xff, 0x53, 0x27, 0xff, 0x42, 0x13, 0xff, 0x3e, 0x18,
  0xf1, 0x1c, 0x09, 0xdd, 0x06, 0x01, 0xb5, 0x00, 0x00, 0xd1, 0x0c, 0x14,
  0xc8, 0x02, 0x00, 0xd2, 0x07, 0x00, 0xe0, 0x09, 0x00, 0xe9, 0x0b, 0x04,
  0xe9, 0x07, 0x08, 0xe1, 0x00, 0x00, 0xe3, 0x00, 0x01, 0xef, 0x03, 0x0e,
  0xee, 0x00, 0x0e, 0xf0, 0x03, 0x11, 0xeb, 0x06, 0x0f, 0xe8, 0x03, 0x08,
  0xee, 0x01, 0x04, 0xe5, 0x00, 0x00, 0xe9, 0x07, 0x00, 0xd9, 0x00, 0x00,
  0xc8, 0x00, 0x00, 0xd4, 0x00, 0x00, 0xda, 0x00, 0x00, 0xe7, 0x05, 0x00,
  0xff, 0x17, 0x17, 0xe8, 0x03, 0x0c, 0xc6, 0x00, 0x02, 0xbe, 0x00, 0x02,
  0xbf, 0x01, 0x00, 0xc7, 0x0c, 0x00, 0xe0, 0x26, 0x00, 0xff, 0x3f, 0x0c,
  0xed, 0x1d, 0x00, 0xf1, 0x13, 0x00, 0xf1, 0x0a, 0x00, 0xe6, 0x08, 0x01,
  0xca, 0x09, 0x0f, 0xa5, 0x00, 0x0c, 0x8a, 0x00, 0x07, 0x7d, 0x00, 0x07,
  0x6a, 0x00, 0x00, 0x80, 0x00, 0x00, 0xb2, 0x00, 0x00, 0xd5, 0x00, 0x00,
  0xf3, 0x05, 0x0c, 0xf5, 0x00, 0x06, 0xf5, 0x00, 0x06, 0xf6, 0x04, 0x08,
  0xec, 0x06, 0x06, 0xdb, 0x04, 0x00, 0xc4, 0x00, 0x00, 0xad, 0x00, 0x00,
  0x91, 0x00, 0x00, 0x9c, 0x00, 0x00, 0xc0, 0x00, 0x00, 0xdb, 0x00, 0x00,
  0xf1, 0x05, 0x00, 0xfb, 0x09, 0x02, 0xfb, 0x08, 0x06, 0xef, 0x06, 0x00,
  0xe6, 0x16, 0x00, 0xff, 0x4d, 0x1e, 0xff, 0x44, 0x19, 0xd7, 0x08, 0x00,
  0xe7, 0x04, 0x00, 0xde, 0x00, 0x00, 0xc3, 0x01, 0x00, 0xbc, 0x00, 0x00,
  0xd7, 0x0d, 0x00, 0xe4, 0x0c, 0x00, 0xf1, 0x0a, 0x00, 0xf8, 0x0a, 0x04,
  0xf7, 0x06, 0x03, 0xe1, 0x00, 0x00, 0xd9, 0x00, 0x00, 0xe5, 0x05, 0x00,
  0xea, 0x08, 0x00, 0xdb, 0x00, 0x00, 0xe9, 0x07, 0x00, 0xe4, 0x00, 0x00,
  0xff, 0x32, 0x29, 0xff, 0x31, 0x26, 0xe7, 0x09, 0x00, 0xdb, 0x00, 0x00,
  0xd4, 0x00, 0x00, 0xdc, 0x06, 0x00, 0xe3, 0x0b, 0x00, 0xee, 0x10, 0x00,
  0xff, 0x1b, 0x15, 0xef, 0x04, 0x06, 0xdc, 0x04, 0x0d, 0xc0, 0x00, 0x00,
  0xbc, 0x00, 0x00, 0xcb, 0x0e, 0x00, 0xe9, 0x29, 0x06, 0xff, 0x3a, 0x18,
  0xf9, 0x21, 0x11, 0xf7, 0x14, 0x0f, 0xf3, 0x06, 0x04, 0xde, 0x02, 0x08,
  0xb0, 0x03, 0x10, 0x83, 0x00, 0x09, 0x6a, 0x00, 0x04, 0x6a, 0x00, 0x09,
  0x6e, 0x00, 0x01, 0x8a, 0x00, 0x00, 0xbc, 0x00, 0x00, 0xdf, 0x00, 0x00,
  0xea, 0x00, 0x00, 0xf0, 0x00, 0x00, 0xfc, 0x00, 0x0a, 0xff, 0x12, 0x17,
  0xf8, 0x0f, 0x10, 0xe4, 0x0d, 0x08, 0xcc, 0x0a, 0x00, 0xb5, 0x0a, 0x00,
  0x95, 0x00, 0x00, 0xa1, 0x02, 0x00, 0xc6, 0x04, 0x00, 0xe2, 0x02, 0x00,
  0xef, 0x00, 0x00, 0xff, 0x15, 0x0e, 0xec, 0x00, 0x00, 0xf0, 0x0e, 0x02,
  0xd9, 0x05, 0x00, 0xfd, 0x36, 0x13, 0xf9, 0x39, 0x18, 0xca, 0x06, 0x00,
  0xd4, 0x00, 0x00, 0xce, 0x00, 0x00, 0xbe, 0x02, 0x00, 0xba, 0x01, 0x00,
  0xcc, 0x03, 0x00, 0xdc, 0x02, 0x00, 0xee, 0x05, 0x00, 0xf8, 0x09, 0x00,
  0xf4, 0x04, 0x00, 0xe3, 0x00, 0x00, 0xeb, 0x12, 0x00, 0xff, 0x3a, 0x1f,
  0xff, 0x3b, 0x16, 0xee, 0x21, 0x00, 0xf4, 0x21, 0x00, 0xef, 0x1a, 0x00,
  0xe2, 0x09, 0x00, 0xff, 0x24, 0x0c, 0xf8, 0x1a, 0x05, 0xe6, 0x08, 0x00,
  0xe6, 0x0f, 0x00, 0xe3, 0x0d, 0x00, 0xff, 0x3a, 0x16, 0xff, 0x34, 0x12,
  0xfe, 0x17, 0x01, 0xfa, 0x14, 0x07, 0xd4, 0x00, 0x00, 0xcf, 0x05, 0x05,
  0xca, 0x08, 0x0a, 0xc3, 0x00, 0x00, 0xd9, 0x0c, 0x00, 0xff, 0x2d, 0x20,
  0xe8, 0x10, 0x0e, 0xe8, 0x0a, 0x0e, 0xea, 0x00, 0x07, 0xd6, 0x00, 0x11,
  0x95, 0x00, 0x14, 0x61, 0x00, 0x09, 0x46, 0x00, 0x00, 0x59, 0x00, 0x07,
  0x7a, 0x01, 0x03, 0xa0, 0x00, 0x00, 0xd2, 0x00, 0x00, 0xed, 0x03, 0x00,
  0xfd, 0x18, 0x13, 0xe5, 0x00, 0x00, 0xf4, 0x05, 0x06, 0xff, 0x2e, 0x31,
  0xf6, 0x10, 0x12, 0xe6, 0x0c, 0x0a, 0xd0, 0x07, 0x02, 0xbb, 0x06, 0x00,
  0x9f, 0x01, 0x00, 0xaa, 0x06, 0x02, 0xce, 0x07, 0x00, 0xe7, 0x07, 0x00,
  0xef, 0x00, 0x00, 0xff, 0x30, 0x27, 0xff, 0x19, 0x14, 0xef, 0x0c, 0x07,
  0xff, 0x24, 0x1c, 0xdb, 0x0c, 0x00, 0xb7, 0x07, 0x00, 0x9d, 0x00, 0x00,
  0xa9, 0x00, 0x00, 0xad, 0x01, 0x00, 0xb2, 0x03, 0x00, 0xb9, 0x02, 0x00,
  0xc8, 0x02, 0x00, 0xd9, 0x09, 0x00, 0xed, 0x14, 0x00, 0xfa, 0x1c, 0x07,
  0xff, 0x2b, 0x16, 0xe7, 0x0d, 0x00, 0xe4, 0x13, 0x00, 0xff, 0x3d, 0x1c,
  0xff, 0x61, 0x20, 0xf8, 0x4a, 0x00, 0xfc, 0x4b, 0x03, 0xfa, 0x41, 0x02,
  0xf0, 0x2b, 0x00, 0xe9, 0x19, 0x00, 0xed, 0x12, 0x00, 0xe7, 0x06, 0x00,
  0xef, 0x15, 0x00, 0xfa, 0x23, 0x00, 0xe8, 0x19, 0x00, 0xf8, 0x24, 0x00,
  0xff, 0x35, 0x14, 0xef, 0x0d, 0x00, 0xd6, 0x00, 0x00, 0xbf, 0x00, 0x00,
  0xb8, 0x00, 0x00, 0xbe, 0x05, 0x06, 0xc3, 0x07, 0x04, 0xc7, 0x05, 0x04,
  0xc0, 0x00, 0x00, 0xc9, 0x00, 0x01, 0xd2, 0x00, 0x07, 0xc4, 0x07, 0x17,
  0x77, 0x00, 0x0b, 0x4c, 0x00, 0x00, 0x3f, 0x00, 0x00, 0x62, 0x00, 0x00,
  0x8f, 0x00, 0x00, 0xb5, 0x00, 0x00, 0xde, 0x00, 0x00, 0xf2, 0x07, 0x00,
  0xe4, 0x00, 0x00, 0xe8, 0x06, 0x00, 0xed, 0x03, 0x00, 0xe5, 0x00, 0x00,
  0xe9, 0x07, 0x08, 0xd8, 0x04, 0x05, 0xc1, 0x00, 0x00, 0xad, 0x00, 0x00,
  0xa5, 0x03, 0x01, 0xb2, 0x07, 0x06, 0xd6, 0x0a, 0x03, 0xec, 0x0a, 0x02,
  0xf4, 0x04, 0x00, 0xee, 0x00, 0x00, 0xe4, 0x02, 0x00, 0xe4, 0x0a, 0x06,
  0xe8, 0x0f, 0x12, 0xbf, 0x00, 0x00, 0xa1, 0x00, 0x00, 0x90, 0x00, 0x00,
  0x94, 0x00, 0x00, 0x9a, 0x00, 0x00, 0xa9, 0x03, 0x00, 0xb9, 0x03, 0x01,
  0xce, 0x0a, 0x00, 0xe3, 0x15, 0x02, 0xf6, 0x27, 0x0d, 0xff, 0x33, 0x16,
  0xff, 0x33, 0x16, 0xda, 0x0b, 0x00, 0xdb, 0x0d, 0x00, 0xff, 0x40, 0x1d,
  0xff, 0x7a, 0x2c, 0xff, 0x65, 0x03, 0xff, 0x67, 0x05, 0xff, 0x5d, 0x04,
  0xe7, 0x33, 0x00, 0xef, 0x2a, 0x00, 0xff, 0x2c, 0x11, 0xec, 0x08, 0x00,
  0xe4, 0x07, 0x00, 0xfc, 0x23, 0x00, 0xf7, 0x2c, 0x00, 0xf2, 0x26, 0x00,
  0xfd, 0x23, 0x00, 0xff, 0x2d, 0x0f, 0xe2, 0x08, 0x00, 0xbd, 0x00, 0x00,
  0xa0, 0x00, 0x00, 0x92, 0x00, 0x00, 0x88, 0x00, 0x00, 0x8d, 0x00, 0x00,
  0xb2, 0x02, 0x04, 0xae, 0x00, 0x00, 0xa1, 0x00, 0x00, 0x91, 0x01, 0x04,
  0x5c, 0x00, 0x00, 0x4c, 0x00, 0x00, 0x63, 0x00, 0x00, 0x89, 0x00, 0x00,
  0xbd, 0x06, 0x00, 0xd0, 0x00, 0x00, 0xe4, 0x0b, 0x00, 0xfe, 0x1c, 0x06,
  0xf5, 0x0b, 0x00, 0xfe, 0x11, 0x03, 0xef, 0x01, 0x00, 0xe8, 0x03, 0x00,
  0xd0, 0x00, 0x00, 0xca, 0x07, 0x07, 0xb1, 0x05, 0x01, 0x93, 0x00, 0x00,
  0x97, 0x00, 0x00, 0xb6, 0x04, 0x05, 0xd9, 0x08, 0x03, 0xeb, 0x06, 0x00,
  0xf7, 0x09, 0x00, 0xf7, 0x0d, 0x01, 0xe7, 0x0b, 0x01, 0xd2, 0x06, 0x00,
  0xbc, 0x00, 0x03, 0xaa, 0x00, 0x00, 0xa8, 0x00, 0x00, 0xae, 0x05, 0x07,
  0xa3, 0x04, 0x01, 0x98, 0x00, 0x00, 0x9a, 0x00, 0x00, 0xae, 0x00, 0x00,
  0xc7, 0x00, 0x00, 0xe0, 0x0f, 0x01, 0xff, 0x36, 0x17, 0xff, 0x39, 0x12,
  0xff, 0x39, 0x12, 0xf7, 0x2b, 0x0b, 0xd9, 0x08, 0x00, 0xd9, 0x13, 0x00,
  0xff, 0x65, 0x1a, 0xff, 0x79, 0x14, 0xff, 0x79, 0x0a, 0xfd, 0x68, 0x00,
  0xf3, 0x50, 0x00, 0xf9, 0x3f, 0x01, 0xff, 0x32, 0x14, 0xff, 0x33, 0x25,
  0xff, 0x1c, 0x00, 0xf8, 0x1d, 0x00, 0xfc, 0x32, 0x00, 0xff, 0x53, 0x1f,
  0xff, 0x36, 0x0c, 0xff, 0x26, 0x07, 0xe6, 0x09, 0x00, 0xd5, 0x08, 0x00,
  0xbb, 0x0c, 0x00, 0x93, 0x00, 0x00, 0x7a, 0x00, 0x00, 0x8a, 0x01, 0x02,
  0xaa, 0x00, 0x02, 0xb6, 0x04, 0x03, 0xa2, 0x09, 0x00, 0x86, 0x01, 0x00,
  0x64, 0x00, 0x00, 0x82, 0x0b, 0x0c, 0xa2, 0x11, 0x09, 0xb4, 0x07, 0x00,
  0xdc, 0x10, 0x00, 0xe8, 0x0f, 0x00, 0xf6, 0x20, 0x04, 0xff, 0x35, 0x18,
  0xe6, 0x02, 0x00, 0xff, 0x24, 0x0f, 0xfe, 0x16, 0x09, 0xe2, 0x01, 0x00,
  0xcf, 0x00, 0x00, 0xc1, 0x04, 0x04, 0xa0, 0x00, 0x00, 0x82, 0x00, 0x00,
  0x94, 0x00, 0x00, 0xbc, 0x03, 0x06, 0xdb, 0x08, 0x04, 0xe8, 0x03, 0x00,
  0xfd, 0x0f, 0x04, 0xe7, 0x01, 0x00, 0xd7, 0x00, 0x00, 0xd0, 0x10, 0x08,
  0xa9, 0x00, 0x03, 0xa2, 0x00, 0x07, 0xb7, 0x07, 0x10, 0xcb, 0x18, 0x1e,
  0xae, 0x06, 0x03, 0xa2, 0x00, 0x00, 0xa5, 0x00, 0x00, 0xb9, 0x02, 0x00,
  0xcb, 0x00, 0x00, 0xdd, 0x02, 0x00, 0xd9, 0x0b, 0x00, 0xfd, 0x32, 0x07,
  0xff, 0x4f, 0x24, 0xff, 0x38, 0x17, 0xe3, 0x07, 0x00, 0xdd, 0x0a, 0x00,
  0xff, 0x4b, 0x11, 0xff, 0x72, 0x19, 0xff, 0x7e, 0x12, 0xf8, 0x69, 0x00,
  0xff, 0x6d, 0x0b, 0xff, 0x58, 0x10, 0xff, 0x30, 0x0e, 0xff, 0x25, 0x14,
  0xff, 0x1e, 0x04, 0xec, 0x0e, 0x00, 0xff, 0x40, 0x12, 0xff, 0x4d, 0x1e,
  0xff, 0x37, 0x13, 0xf3, 0x17, 0x00, 0xeb, 0x0b, 0x02, 0xe3, 0x0c, 0x05,
  0xd1, 0x10, 0x02, 0xad, 0x00, 0x00, 0x98, 0x00, 0x00, 0xa3, 0x00, 0x0a,
  0xc4, 0x09, 0x0d, 0xb8, 0x00, 0x00, 0xa7, 0x00, 0x00, 0xa6, 0x09, 0x00,
  0x8f, 0x00, 0x00, 0xa1, 0x00, 0x00, 0xcc, 0x13, 0x00, 0xf8, 0x31, 0x0e,
  0xff, 0x37, 0x0d, 0xff, 0x31, 0x07, 0xff, 0x34, 0x12, 0xff, 0x41, 0x20,
  0xff, 0x3d, 0x1a, 0xff, 0x31, 0x11, 0xe6, 0x0a, 0x00, 0xdd, 0x04, 0x00,
  0xdb, 0x0c, 0x0b, 0xce, 0x0e, 0x14, 0xb1, 0x05, 0x0d, 0x98, 0x00, 0x00,
  0x9d, 0x00, 0x00, 0xbe, 0x00, 0x05, 0xe2, 0x0a, 0x08, 0xee, 0x07, 0x01,
  0xe8, 0x00, 0x00, 0xed, 0x09, 0x00, 0xda, 0x0b, 0x00, 0xb8, 0x00, 0x00,
  0x93, 0x00, 0x00, 0x8f, 0x00, 0x00, 0xa9, 0x00, 0x00, 0xc1, 0x08, 0x0c,
  0xb9, 0x08, 0x02, 0xb3, 0x00, 0x00, 0xbc, 0x00, 0x00, 0xd1, 0x00, 0x00,
  0xe7, 0x00, 0x07, 0xf1, 0x07, 0x06, 0xe3, 0x0b, 0x00, 0xff, 0x30, 0x02,
  0xff, 0x30, 0x02, 0xf9, 0x21, 0x02, 0xe7, 0x00, 0x00, 0xee, 0x06, 0x05,
  0xff, 0x2e, 0x12, 0xff, 0x53, 0x18, 0xff, 0x6e, 0x16, 0xff, 0x71, 0x0c,
  0xfe, 0x63, 0x01, 0xff, 0x53, 0x08, 0xe7, 0x1a, 0x00, 0xe6, 0x08, 0x00,
  0xea, 0x00, 0x00, 0xff, 0x26, 0x09, 0xee, 0x26, 0x00, 0xee, 0x2a, 0x00,
  0xf9, 0x29, 0x06, 0xea, 0x0f, 0x00, 0xee, 0x0e, 0x08, 0xdb, 0x00, 0x00,
  0xcb, 0x01, 0x00, 0xc0, 0x05, 0x00, 0xb5, 0x06, 0x0f, 0xb6, 0x05, 0x13,
  0xc6, 0x01, 0x06, 0xc7, 0x04, 0x00, 0xb8, 0x07, 0x00, 0xaa, 0x02, 0x00,
  0xb6, 0x0b, 0x00, 0xca, 0x12, 0x00, 0xe0, 0x12, 0x00, 0xe5, 0x10, 0x00,
  0xff, 0x3b, 0x05, 0xf3, 0x27, 0x00, 0xe6, 0x16, 0x00, 0xe6, 0x16, 0x00,
  0xff, 0x38, 0x10, 0xff, 0x3b, 0x16, 0xf1, 0x1d, 0x05, 0xf2, 0x1e, 0x11,
  0xca, 0x00, 0x00, 0xc2, 0x00, 0x06, 0xaf, 0x00, 0x0a, 0x9f, 0x00, 0x00,
  0xae, 0x00, 0x07, 0xc1, 0x01, 0x07, 0xdd, 0x06, 0x03, 0xee, 0x07, 0x01,
  0xed, 0x04, 0x00, 0xde, 0x00, 0x00, 0xcb, 0x00, 0x00, 0xbb, 0x07, 0x00,
  0xa4, 0x11, 0x0a, 0x99, 0x08, 0x07, 0xae, 0x00, 0x01, 0xbf, 0x05, 0x04,
  0xc1, 0x0c, 0x03, 0xbb, 0x01, 0x00, 0xc8, 0x00, 0x00, 0xdf, 0x00, 0x00,
  0xe8, 0x00, 0x00, 0xe7, 0x00, 0x00, 0xec, 0x10, 0x00, 0xdc, 0x09, 0x00,
  0xff, 0x44, 0x15, 0xff, 0x2e, 0x0f, 0xf0, 0x00, 0x00, 0xf1, 0x00, 0x08,
  0xe4, 0x00, 0x00, 0xda, 0x0f, 0x00, 0xe1, 0x35, 0x00, 0xf5, 0x5b, 0x00,
  0xf7, 0x5c, 0x00, 0xff, 0x61, 0x13, 0xf7, 0x2d, 0x01, 0xe8, 0x0d, 0x00,
  0xea, 0x26, 0x00, 0xff, 0x3a, 0x0e, 0xf3, 0x22, 0x04, 0xf0, 0x1d, 0x0b,
  0xe0, 0x0d, 0x09, 0xd0, 0x02, 0x08, 0xcb, 0x07, 0x15, 0xb8, 0x00, 0x0a,
  0xb1, 0x00, 0x02, 0xa9, 0x00, 0x00, 0xb2, 0x00, 0x00, 0xc6, 0x02, 0x02,
  0xd3, 0x00, 0x00, 0xdb, 0x00, 0x00, 0xd9, 0x01, 0x00, 0xd2, 0x04, 0x00,
  0xd2, 0x0c, 0x0d, 0xd3, 0x06, 0x09, 0xea, 0x08, 0x09, 0xf5, 0x11, 0x05,
  0xfe, 0x25, 0x01, 0xf5, 0x1c, 0x00, 0xff, 0x1d, 0x06, 0xff, 0x24, 0x06,
  0xfe, 0x3e, 0x00, 0xff, 0x41, 0x05, 0xff, 0x34, 0x22, 0xec, 0x05, 0x0a,
  0xd2, 0x08, 0x15, 0xaf, 0x00, 0x09, 0x9e, 0x00, 0x00, 0xa8, 0x00, 0x00,
  0xc8, 0x00, 0x00, 0xdc, 0x00, 0x00, 0xeb, 0x00, 0x00, 0xf7, 0x05, 0x09,
  0xef, 0x04, 0x06, 0xe8, 0x00, 0x00, 0xec, 0x00, 0x00, 0xec, 0x00, 0x03,
  0xda, 0x00, 0x00, 0xcc, 0x05, 0x01, 0xb0, 0x0d, 0x00, 0xb3, 0x0d, 0x00,
  0xd6, 0x08, 0x02, 0xe3, 0x01, 0x04, 0xdf, 0x00, 0x03, 0xe3, 0x01, 0x04,
  0xe8, 0x04, 0x06, 0xe8, 0x02, 0x02, 0xe4, 0x00, 0x00, 0xee, 0x04, 0x01,
  0xff, 0x1f, 0x11, 0xe7, 0x08, 0x00, 0xd8, 0x03, 0x00, 0xd2, 0x05, 0x06,
  0xc3, 0x02, 0x01, 0xcc, 0x05, 0x01, 0xec, 0x0e, 0x07, 0xff, 0x1e, 0x0d,
  0xff, 0x36, 0x0f, 0xff, 0x42, 0x09, 0xec, 0x31, 0x00, 0xff, 0x59, 0x0c,
  0xf6, 0x2a, 0x00, 0xff, 0x35, 0x0e, 0xf6, 0x1d, 0x02, 0xe9, 0x0e, 0x00,
  0xd7, 0x02, 0x00, 0xc8, 0x00, 0x02, 0xbb, 0x00, 0x07, 0xae, 0x00, 0x00,
  0xae, 0x00, 0x00, 0xb5, 0x00, 0x00, 0xc4, 0x03, 0x00, 0xd5, 0x0b, 0x08,
  0xd8, 0x02, 0x02, 0xda, 0x04, 0x01, 0xd6, 0x0a, 0x03, 0xcd, 0x0f, 0x08,
  0xa9, 0x00, 0x00, 0xb8, 0x06, 0x07, 0xe0, 0x0e, 0x0e, 0xeb, 0x09, 0x00,
  0xfa, 0x1b, 0x00, 0xfe, 0x1d, 0x00, 0xf4, 0x12, 0x00, 0xfb, 0x25, 0x00,
  0xff, 0x46, 0x04, 0xff, 0x40, 0x04, 0xe7, 0x04, 0x00, 0xea, 0x08, 0x0b,
  0xc6, 0x07, 0x11, 0xa9, 0x00, 0x07, 0xa5, 0x00, 0x01, 0xba, 0x03, 0x06,
  0xd4, 0x03, 0x00, 0xec, 0x0c, 0x05, 0xe7, 0x00, 0x00, 0xf2, 0x05, 0x03,
  0xee, 0x04, 0x01, 0xec, 0x00, 0x00, 0xf2, 0x00, 0x00, 0xef, 0x02, 0x05,
  0xd9, 0x00, 0x00, 0xcb, 0x05, 0x01, 0x99, 0x00, 0x00, 0x9f, 0x00, 0x00,
  0xd4, 0x03, 0x00, 0xe5, 0x02, 0x01, 0xe5, 0x02, 0x01, 0xe7, 0x01, 0x01,
  0xf2, 0x0a, 0x0b, 0xf0, 0x05, 0x07, 0xe6, 0x00, 0x00, 0xed, 0x01, 0x00,
  0xe9, 0x06, 0x00, 0xe9, 0x0d, 0x00, 0xdd, 0x0a, 0x04, 0xb8, 0x00, 0x00,
  0xab, 0x00, 0x00, 0xb3, 0x00, 0x00, 0xd8, 0x01, 0x00, 0xed, 0x0f, 0x00,
  0xf8, 0x29, 0x00, 0xff, 0x50, 0x18, 0xff, 0x55, 0x14, 0xf0, 0x30, 0x00,
  0xf8, 0x20, 0x00, 0xff, 0x33, 0x13, 0xf6, 0x0d, 0x00, 0xf1, 0x08, 0x00,
  0xd9, 0x00, 0x00, 0xc8, 0x00, 0x01, 0xa7, 0x00, 0x00, 0xa5, 0x00, 0x00,
  0xb7, 0x00, 0x00, 0xce, 0x00, 0x00, 0xe0, 0x07, 0x00, 0xe7, 0x0a, 0x07,
  0xe0, 0x0f, 0x0a, 0xd0, 0x0a, 0x04, 0xbc, 0x03, 0x00, 0xa0, 0x05, 0x00,
  0x6e, 0x00, 0x00, 0x7a, 0x00, 0x00, 0xc3, 0x0d, 0x0b, 0xe7, 0x0a, 0x07,
  0xf0, 0x02, 0x00, 0xf0, 0x01, 0x00, 0xff, 0x23, 0x05, 0xff, 0x35, 0x07,
  0xff, 0x4b, 0x07, 0xff, 0x41, 0x06, 0xec, 0x10, 0x00, 0xd3, 0x00, 0x00,
  0xb7, 0x0e, 0x11, 0xa0, 0x03, 0x06, 0xac, 0x00, 0x00, 0xc3, 0x00, 0x00,
  0xe5, 0x07, 0x00, 0xfc, 0x16, 0x0b, 0xff, 0x1f, 0x12, 0xff, 0x20, 0x13,
  0xef, 0x06, 0x00, 0xef, 0x00, 0x00, 0xf6, 0x00, 0x00, 0xf8, 0x09, 0x06,
  0xd8, 0x00, 0x00, 0xc3, 0x00, 0x00, 0xb0, 0x05, 0x00, 0xaf, 0x00, 0x00,
  0xdd, 0x08, 0x02, 0xea, 0x03, 0x00, 0xff, 0x18, 0x0d, 0xf2, 0x06, 0x00,
  0xf6, 0x07, 0x03, 0xf6, 0x04, 0x06, 0xee, 0x00, 0x00, 0xf4, 0x08, 0x01,
  0xff, 0x1f, 0x0b, 0xf2, 0x1e, 0x08, 0xff, 0x3b, 0x2f, 0xad, 0x00, 0x00,
  0x7b, 0x00, 0x00, 0x90, 0x00, 0x00, 0xcf, 0x09, 0x00, 0xf7, 0x1e, 0x05,
  0xff, 0x2e, 0x05, 0xff, 0x40, 0x0c, 0xf4, 0x29, 0x00, 0xf6, 0x28, 0x00,
  0xf4, 0x1d, 0x00, 0xf8, 0x19, 0x00, 0xff, 0x20, 0x11, 0xf5, 0x02, 0x00,
  0xe0, 0x00, 0x00, 0xd4, 0x04, 0x06, 0xac, 0x00, 0x00, 0xad, 0x00, 0x00,
  0xcc, 0x01, 0x00, 0xe3, 0x06, 0x00, 0xec, 0x07, 0x02, 0xe1, 0x03, 0x00,
  0xc9, 0x02, 0x00, 0xbb, 0x01, 0x00, 0xaf, 0x00, 0x00, 0x97, 0x01, 0x00,
  0x55, 0x00, 0x00, 0x5f, 0x00, 0x00, 0xa5, 0x00, 0x00, 0xdb, 0x04, 0x06,
  0xeb, 0x00, 0x00, 0xf8, 0x06, 0x00, 0xf9, 0x1b, 0x00, 0xff, 0x39, 0x05,
  0xff, 0x46, 0x05, 0xfd, 0x40, 0x09, 0xe6, 0x0e, 0x00, 0xd7, 0x0a, 0x08,
  0x97, 0x00, 0x00, 0x8f, 0x00, 0x00, 0xb3, 0x00, 0x00, 0xdc, 0x0d, 0x0c,
  0xf8, 0x18, 0x0b, 0xfe, 0x1c, 0x06, 0xff, 0x34, 0x1b, 0xfa, 0x1e, 0x06,
  0xee, 0x04, 0x00, 0xf3, 0x02, 0x00, 0xfb, 0x0a, 0x00, 0xff, 0x16, 0x0a,
  0xde, 0x02, 0x01, 0xd6, 0x0b, 0x0e, 0xb9, 0x01, 0x00, 0xc1, 0x05, 0x00,
  0xe3, 0x09, 0x05, 0xff, 0x1e, 0x15, 0xff, 0x1d, 0x08, 0xff, 0x1b, 0x08,
  0xf0, 0x00, 0x00, 0xf7, 0x01, 0x00, 0xf5, 0x02, 0x00, 0xff, 0x15, 0x0c,
  0xff, 0x1f, 0x07, 0xf1, 0x1f, 0x04, 0xfc, 0x38, 0x28, 0xa4, 0x00, 0x00,
  0x73, 0x00, 0x00, 0x87, 0x00, 0x00, 0xca, 0x0a, 0x00, 0xf6, 0x1c, 0x08,
  0xff, 0x39, 0x14, 0xff, 0x39, 0x0e, 0xf1, 0x1c, 0x00, 0xfa, 0x25, 0x00,
  0xff, 0x39, 0x18, 0xf4, 0x20, 0x05, 0xef, 0x07, 0x00, 0xf4, 0x01, 0x00,
  0xef, 0x00, 0x02, 0xdf, 0x00, 0x04, 0xc5, 0x01, 0x01, 0xc2, 0x00, 0x00,
  0xe9, 0x05, 0x05, 0xf0, 0x01, 0x02, 0xf9, 0x16, 0x15, 0xd2, 0x00, 0x00,
  0xbf, 0x06, 0x00, 0xa3, 0x00, 0x00, 0xba, 0x04, 0x02, 0xa9, 0x02, 0x06,
  0x81, 0x00, 0x04, 0x75, 0x00, 0x00, 0xa4, 0x00, 0x00, 0xd2, 0x05, 0x08,
  0xef, 0x08, 0x0d, 0xf1, 0x03, 0x00, 0xff, 0x21, 0x00, 0xff, 0x38, 0x06,
  0xff, 0x43, 0x09, 0xff, 0x42, 0x14, 0xff, 0x2c, 0x1c, 0xcd, 0x01, 0x00,
  0x94, 0x00, 0x00, 0x8f, 0x00, 0x00, 0xbb, 0x00, 0x00, 0xdb, 0x06, 0x00,
  0xf2, 0x1f, 0x02, 0xff, 0x35, 0x0f, 0xff, 0x3e, 0x18, 0xfd, 0x22, 0x00,
  0xff, 0x17, 0x00, 0xf3, 0x06, 0x00, 0xff, 0x1c, 0x00, 0xff, 0x37, 0x1e,
  0xe5, 0x03, 0x00, 0xdf, 0x04, 0x05, 0xcb, 0x00, 0x00, 0xd3, 0x08, 0x06,
  0xcf, 0x00, 0x00, 0xe6, 0x07, 0x00, 0xff, 0x4d, 0x2f, 0xf8, 0x1e, 0x00,
  0xf1, 0x04, 0x00, 0xf2, 0x00, 0x00, 0xf4, 0x02, 0x00, 0xff, 0x14, 0x07,
  0xff, 0x22, 0x07, 0xf7, 0x25, 0x08, 0xe8, 0x25, 0x10, 0xad, 0x01, 0x00,
  0x77, 0x00, 0x00, 0x8b, 0x00, 0x02, 0xc9, 0x05, 0x06, 0xf8, 0x1b, 0x0f,
  0xff, 0x24, 0x0a, 0xf9, 0x1d, 0x00, 0xfc, 0x21, 0x05, 0xfd, 0x25, 0x07,
  0xff, 0x3b, 0x1d, 0xf0, 0x20, 0x09, 0xeb, 0x07, 0x00, 0xef, 0x00, 0x00,
  0xf3, 0x01, 0x03, 0xe7, 0x00, 0x02, 0xd2, 0x00, 0x00, 0xcc, 0x00, 0x00,
  0xe9, 0x09, 0x10, 0xe1, 0x01, 0x08, 0xdd, 0x0d, 0x0f, 0xbf, 0x02, 0x00,
  0xab, 0x01, 0x00, 0xa7, 0x01, 0x00, 0xa9, 0x00, 0x00, 0xac, 0x01, 0x04,
  0x9c, 0x03, 0x07, 0x90, 0x00, 0x00, 0xab, 0x00, 0x01, 0xbd, 0x00, 0x00,
  0xe1, 0x07, 0x06, 0xff, 0x1d, 0x0f, 0xfc, 0x21, 0x00, 0xf9, 0x29, 0x00,
  0xff, 0x40, 0x0c, 0xee, 0x28, 0x00, 0xea, 0x0f, 0x05, 0xd9, 0x07, 0x09,
  0xae, 0x04, 0x02, 0xa0, 0x00, 0x00, 0xd1, 0x04, 0x05, 0xfb, 0x22, 0x17,
  0xff, 0x40, 0x19, 0xff, 0x41, 0x0b, 0xff, 0x3b, 0x07, 0xf9, 0x26, 0x00,
  0xff, 0x23, 0x00, 0xfc, 0x1f, 0x00, 0xfb, 0x27, 0x00, 0xf6, 0x1f, 0x00,
  0xe5, 0x05, 0x00, 0xdb, 0x00, 0x00, 0xd8, 0x02, 0x02, 0xd7, 0x01, 0x03,
  0xd2, 0x00, 0x00, 0xe6, 0x09, 0x00, 0xff, 0x4e, 0x2b, 0xfa, 0x25, 0x02,
  0xee, 0x06, 0x00, 0xff, 0x12, 0x08, 0xf1, 0x02, 0x00, 0xf6, 0x0c, 0x00,
  0xff, 0x20, 0x03, 0xf9, 0x26, 0x07, 0xee, 0x26, 0x11, 0xaf, 0x00, 0x00,
  0x87, 0x00, 0x01, 0x82, 0x00, 0x00, 0xbd, 0x03, 0x09, 0xe5, 0x10, 0x0d,
  0xff, 0x21, 0x11, 0xff, 0x1f, 0x0a, 0xfa, 0x1e, 0x06, 0xf8, 0x1f, 0x06,
  0xf1, 0x25, 0x0f, 0xe4, 0x11, 0x00, 0xe2, 0x00, 0x00, 0xe9, 0x00, 0x00,
  0xf3, 0x06, 0x06, 0xeb, 0x03, 0x04, 0xde, 0x00, 0x00, 0xcf, 0x00, 0x02,
  0xd3, 0x10, 0x1b, 0xb6, 0x02, 0x0d, 0xa3, 0x00, 0x03, 0x92, 0x00, 0x00,
  0x98, 0x00, 0x00, 0xa5, 0x08, 0x04, 0x98, 0x00, 0x00, 0x9f, 0x01, 0x00,
  0x9f, 0x00, 0x00, 0xb3, 0x0f, 0x04, 0xa7, 0x00, 0x00, 0xb0, 0x00, 0x00,
  0xd9, 0x0f, 0x00, 0xf8, 0x21, 0x08, 0xf6, 0x22, 0x00, 0xfb, 0x2a, 0x00,
  0xf4, 0x2d, 0x00, 0xf4, 0x26, 0x03, 0xea, 0x09, 0x03, 0xd9, 0x00, 0x04,
  0xc0, 0x00, 0x03, 0xb3, 0x00, 0x00, 0xe3, 0x0b, 0x0d, 0xff, 0x30, 0x21,
  0xff, 0x50, 0x20, 0xff, 0x5b, 0x1a, 0xff, 0x42, 0x02, 0xff, 0x42, 0x03,
  0xff, 0x3f, 0x00, 0xff, 0x3e, 0x01, 0xff, 0x41, 0x06, 0xfb, 0x29, 0x00,
  0xfa, 0x20, 0x00, 0xe7, 0x0b, 0x00, 0xda, 0x01, 0x00, 0xd0, 0x00, 0x00,
  0xd6, 0x00, 0x00, 0xe5, 0x03, 0x00, 0xff, 0x4b, 0x2f, 0xe8, 0x10, 0x00,
  0xec, 0x0c, 0x00, 0xeb, 0x03, 0x00, 0xef, 0x05, 0x00, 0xf2, 0x08, 0x00,
  0xff, 0x1f, 0x00, 0xff, 0x25, 0x06, 0xf5, 0x25, 0x10, 0xb1, 0x00, 0x00,
  0x87, 0x00, 0x01, 0x7d, 0x00, 0x04, 0x8e, 0x00, 0x00, 0xc8, 0x0b, 0x0b,
  0xf7, 0x20, 0x1b, 0xf9, 0x18, 0x0b, 0xfe, 0x23, 0x0b, 0xff, 0x34, 0x18,
  0xd4, 0x07, 0x00, 0xcb, 0x00, 0x00, 0xcb, 0x00, 0x00, 0xdc, 0x07, 0x01,
  0xed, 0x0c, 0x09, 0xe9, 0x07, 0x06, 0xd6, 0x05, 0x03, 0xc3, 0x06, 0x06,
  0x9c, 0x00, 0x00, 0x87, 0x00, 0x00, 0x83, 0x00, 0x00, 0x8e, 0x00, 0x00,
  0x94, 0x00, 0x00, 0x9f, 0x04, 0x02, 0x96, 0x05, 0x00, 0x92, 0x00, 0x00,
  0xa2, 0x00, 0x00, 0xae, 0x06, 0x00, 0xa9, 0x02, 0x00, 0xa8, 0x00, 0x00,
  0xc3, 0x02, 0x00, 0xf0, 0x22, 0x0a, 0xff, 0x37, 0x16, 0xf8, 0x21, 0x00,
  0xfb, 0x26, 0x03, 0xfb, 0x22, 0x0c, 0xe9, 0x05, 0x05, 0xe1, 0x05, 0x0e,
  0xd1, 0x07, 0x10, 0xc4, 0x00, 0x01, 0xd7, 0x00, 0x00, 0xe1, 0x06, 0x00,
  0xec, 0x2a, 0x00, 0xe9, 0x30, 0x00, 0xfc, 0x3e, 0x00, 0xee, 0x2d, 0x00,
  0xfd, 0x42, 0x00, 0xfc, 0x3f, 0x00, 0xff, 0x45, 0x04, 0xff, 0x3a, 0x00,
  0xfe, 0x27, 0x00, 0xf6, 0x1d, 0x04, 0xde, 0x05, 0x00, 0xe0, 0x03, 0x02,
  0xde, 0x00, 0x00, 0xe4, 0x01, 0x00, 0xf8, 0x1c, 0x0b, 0xe7, 0x0b, 0x00,
  0xe9, 0x06, 0x00, 0xff, 0x1c, 0x0c, 0xf9, 0x1a, 0x01, 0xfa, 0x1e, 0x00,
  0xff, 0x36, 0x0e, 0xec, 0x12, 0x00, 0xe5, 0x0e, 0x00, 0xcc, 0x0e, 0x05,
  0x83, 0x00, 0x00, 0x6b, 0x00, 0x00, 0x7c, 0x00, 0x00, 0xa5, 0x00, 0x00,
  0xde, 0x0f, 0x0c, 0xe9, 0x09, 0x00, 0xe5, 0x09, 0x00, 0xe4, 0x0b, 0x00,
  0xd0, 0x09, 0x01, 0xba, 0x00, 0x00, 0x9f, 0x00, 0x00, 0xb7, 0x07, 0x00,
  0xed, 0x1f, 0x19, 0xdc, 0x0d, 0x08, 0xad, 0x01, 0x00, 0x8d, 0x00, 0x00,
  0x87, 0x00, 0x02, 0x7e, 0x00, 0x00, 0x8f, 0x00, 0x00, 0xa2, 0x01, 0x00,
  0xa1, 0x00, 0x00, 0xa5, 0x07, 0x01, 0x8c, 0x00, 0x00, 0x89, 0x00, 0x00,
  0x95, 0x00, 0x00, 0x97, 0x00, 0x00, 0xaf, 0x03, 0x00, 0xaf, 0x00, 0x00,
  0xbe, 0x00, 0x00, 0xd7, 0x0c, 0x00, 0xf3, 0x19, 0x08, 0xff, 0x1a, 0x07,
  0xe4, 0x00, 0x00, 0xf2, 0x09, 0x03, 0xe9, 0x06, 0x0c, 0xda, 0x07, 0x11,
  0xc7, 0x07, 0x0f, 0xbd, 0x00, 0x02, 0xcd, 0x00, 0x00, 0xdd, 0x04, 0x00,
  0xf1, 0x29, 0x00, 0xff, 0x3d, 0x04, 0xff, 0x3e, 0x0a, 0xff, 0x3c, 0x08,
  0xff, 0x37, 0x02, 0xff, 0x3e, 0x02, 0xff, 0x3c, 0x00, 0xff, 0x44, 0x06,
  0xf4, 0x20, 0x00, 0xe0, 0x09, 0x00, 0xe5, 0x11, 0x07, 0xd5, 0x00, 0x00,
  0xe0, 0x00, 0x00, 0xe7, 0x07, 0x03, 0xe4, 0x0a, 0x06, 0xdf, 0x00, 0x00,
  0xee, 0x01, 0x06, 0xeb, 0x05, 0x00, 0xff, 0x3c, 0x12, 0xff, 0x3e, 0x05,
  0xff, 0x3c, 0x08, 0xfb, 0x25, 0x00, 0xe5, 0x06, 0x00, 0xd7, 0x10, 0x06,
  0x8d, 0x00, 0x02, 0x60, 0x00, 0x00, 0x67, 0x00, 0x00, 0x9b, 0x05, 0x08,
  0xc5, 0x00, 0x00, 0xe7, 0x09, 0x00, 0xe7, 0x08, 0x00, 0xe0, 0x00, 0x00,
  0xc6, 0x03, 0x00, 0xb3, 0x00, 0x00, 0x96, 0x00, 0x00, 0xa9, 0x02, 0x00,
  0xca, 0x03, 0x00, 0xc5, 0x00, 0x00, 0xa1, 0x01, 0x00, 0x87, 0x00, 0x00,
  0x7e, 0x00, 0x00, 0x8b, 0x00, 0x00, 0xa5, 0x01, 0x00, 0xba, 0x0b, 0x08,
  0xb0, 0x02, 0x00, 0xac, 0x07, 0x03, 0x8e, 0x00, 0x00, 0x8d, 0x00, 0x00,
  0xa7, 0x00, 0x00, 0xbd, 0x08, 0x03, 0xc0, 0x05, 0x00, 0xb5, 0x00, 0x00,
  0xb5, 0x00, 0x00, 0xc5, 0x00, 0x00, 0xe5, 0x09, 0x04, 0xff, 0x19, 0x14,
  0xe9, 0x00, 0x00, 0xee, 0x08, 0x08, 0xd2, 0x00, 0x04, 0xb8, 0x00, 0x00,
  0x99, 0x00, 0x00, 0xa6, 0x00, 0x00, 0xc8, 0x00, 0x00, 0xe1, 0x05, 0x00,
  0xff, 0x39, 0x11, 0xff, 0x3e, 0x0d, 0xfc, 0x29, 0x00, 0xf5, 0x1c, 0x00,
  0xfc, 0x23, 0x00, 0xf8, 0x25, 0x00, 0xff, 0x3a, 0x01, 0xff, 0x3a, 0x06,
  0xff, 0x33, 0x16, 0xe1, 0x0d, 0x00, 0xd6, 0x06, 0x00, 0xd4, 0x01, 0x00,
  0xdb, 0x00, 0x00, 0xdd, 0x01, 0x00, 0xd6, 0x00, 0x04, 0xd0, 0x00, 0x00,
  0xe7, 0x00, 0x08, 0xe9, 0x09, 0x00, 0xfe, 0x41, 0x08, 0xff, 0x5a, 0x0d,
  0xff, 0x58, 0x15, 0xda, 0x11, 0x00, 0xe3, 0x06, 0x00, 0xea, 0x21, 0x15,
  0x94, 0x07, 0x07, 0x6a, 0x00, 0x00, 0x6f, 0x00, 0x00, 0x9b, 0x03, 0x00,
  0xd0, 0x09, 0x00, 0xde, 0x00, 0x00, 0xdb, 0x00, 0x00, 0xde, 0x00, 0x00,
  0xc9, 0x03, 0x00, 0xbf, 0x00, 0x00, 0xa8, 0x00, 0x00, 0xb5, 0x00, 0x00,
  0xca, 0x00, 0x00, 0xd0, 0x07, 0x02, 0xba, 0x0c, 0x04, 0xa6, 0x03, 0x00,
  0xa4, 0x00, 0x00, 0xb4, 0x07, 0x06, 0xc4, 0x11, 0x0d, 0xc7, 0x11, 0x0d,
  0xbb, 0x07, 0x04, 0xb3, 0x09, 0x05, 0x9e, 0x00, 0x00, 0xa9, 0x01, 0x00,
  0xcb, 0x04, 0x00, 0xdb, 0x05, 0x00, 0xf6, 0x23, 0x0d, 0xda, 0x11, 0x00,
  0xb8, 0x00, 0x00, 0xbd, 0x00, 0x00, 0xd4, 0x00, 0x01, 0xe7, 0x05, 0x09,
  0xde, 0x02, 0x00, 0xdc, 0x0d, 0x08, 0xb5, 0x00, 0x00, 0x9f, 0x00, 0x00,
  0x81, 0x00, 0x00, 0x9f, 0x00, 0x00, 0xd0, 0x00, 0x00, 0xe4, 0x05, 0x00,
  0xf5, 0x23, 0x00, 0xff, 0x3e, 0x10, 0xf6, 0x1e, 0x00, 0xfc, 0x1f, 0x06,
  0xea, 0x0c, 0x00, 0xe5, 0x0d, 0x00, 0xf8, 0x27, 0x05, 0xff, 0x35, 0x14,
  0xff, 0x36, 0x23, 0xdc, 0x0c, 0x03, 0xc6, 0x00, 0x00, 0xcd, 0x01, 0x00,
  0xd6, 0x01, 0x00, 0xd6, 0x01, 0x00, 0xcb, 0x00, 0x00, 0xc5, 0x00, 0x00,
  0xcc, 0x00, 0x00, 0xe6, 0x16, 0x01, 0xff, 0x5b, 0x11, 0xff, 0x61, 0x01,
  0xff, 0x63, 0x0d, 0xf7, 0x41, 0x00, 0xf3, 0x28, 0x02, 0xd6, 0x17, 0x05,
  0x94, 0x06, 0x01, 0x79, 0x00, 0x00, 0x8a, 0x00, 0x00, 0xb3, 0x03, 0x00,
  0xf6, 0x22, 0x11, 0xe6, 0x02, 0x00, 0xe8, 0x0a, 0x03, 0xdd, 0x01, 0x00,
  0xcd, 0x0a, 0x05, 0xce, 0x0a, 0x0a, 0xbc, 0x00, 0x01, 0xc3, 0x00, 0x04,
  0xce, 0x00, 0x00, 0xd6, 0x09, 0x05, 0xc6, 0x09, 0x07, 0xaf, 0x00, 0x00,
  0xb3, 0x00, 0x00, 0xc1, 0x03, 0x00, 0xc1, 0x03, 0x00, 0xb4, 0x00, 0x00,
  0xb5, 0x00, 0x00, 0xb5, 0x00, 0x00, 0xb5, 0x01, 0x00, 0xc8, 0x0b, 0x02,
  0xf4, 0x1e, 0x0b, 0xf8, 0x1b, 0x00, 0xfa, 0x23, 0x00, 0xf1, 0x25, 0x04,
  0xca, 0x0d, 0x00, 0xbe, 0x01, 0x00, 0xbe, 0x00, 0x00, 0xbe, 0x00, 0x00,
  0xc9, 0x00, 0x00, 0xd0, 0x0b, 0x02, 0xba, 0x03, 0x00, 0xab, 0x00, 0x00,
  0xac, 0x0b, 0x00, 0xc7, 0x1b, 0x03, 0xe9, 0x21, 0x07, 0xf5, 0x20, 0x01,
  0xff, 0x39, 0x10, 0xff, 0x3a, 0x15, 0xff, 0x32, 0x1b, 0xff, 0x22, 0x13,
  0xef, 0x0d, 0x03, 0xe6, 0x07, 0x00, 0xdf, 0x07, 0x00, 0xf8, 0x25, 0x11,
  0xf7, 0x22, 0x18, 0xda, 0x07, 0x03, 0xc3, 0x00, 0x00, 0xc8, 0x00, 0x00,
  0xdb, 0x05, 0x02, 0xdd, 0x06, 0x01, 0xd2, 0x00, 0x00, 0xc6, 0x00, 0x00,
  0xc6, 0x00, 0x00, 0xda, 0x13, 0x00, 0xff, 0x60, 0x0f, 0xff, 0x69, 0x00,
  0xff, 0x69, 0x08, 0xff, 0x62, 0x15, 0xec, 0x29, 0x00, 0xc2, 0x03, 0x00,
  0x94, 0x00, 0x00, 0x88, 0x00, 0x00, 0xa6, 0x00, 0x00, 0xcd, 0x0a, 0x00,
  0xfa, 0x20, 0x0f, 0xfa, 0x1b, 0x0d, 0xd8, 0x03, 0x00, 0xd5, 0x04, 0x04,
  0xb9, 0x00, 0x00, 0xbb, 0x00, 0x00, 0xb9, 0x00, 0x00, 0xcf, 0x03, 0x0b,
  0xd6, 0x02, 0x01, 0xd9, 0x08, 0x05, 0xcc, 0x06, 0x07, 0xc0, 0x00, 0x00,
  0xb7, 0x00, 0x00, 0xca, 0x0a, 0x00, 0xc5, 0x05, 0x00, 0xbb, 0x00, 0x00,
  0xc0, 0x00, 0x00, 0xc7, 0x00, 0x00, 0xcf, 0x03, 0x00, 0xf1, 0x23, 0x0e,
  0xf7, 0x27, 0x00, 0xf3, 0x27, 0x00, 0xff, 0x45, 0x07, 0xeb, 0x2b, 0x00,
  0xe8, 0x25, 0x09, 0xc6, 0x08, 0x00, 0xa7, 0x00, 0x00, 0x8e, 0x00, 0x00,
  0xa7, 0x00, 0x00, 0xd1, 0x0a, 0x04, 0xdb, 0x05, 0x04, 0xdc, 0x07, 0x00,
  0xd4, 0x0e, 0x00, 0xe5, 0x29, 0x00, 0xfc, 0x45, 0x05, 0xfd, 0x3f, 0x00,
  0xf3, 0x26, 0x00, 0xff, 0x31, 0x17, 0xff, 0x1d, 0x0f, 0xec, 0x05, 0x00,
  0xf0, 0x08, 0x06, 0xe2, 0x00, 0x00, 0xd7, 0x00, 0x00, 0xe5, 0x0a, 0x00,
  0xe0, 0x02, 0x00, 0xe0, 0x03, 0x02, 0xc7, 0x00, 0x00, 0xe1, 0x0a, 0x0c,
  0xe7, 0x09, 0x04, 0xea, 0x0a, 0x01, 0xdf, 0x05, 0x01, 0xcf, 0x00, 0x00,
  0xc8, 0x00, 0x00, 0xdc, 0x16, 0x00, 0xf7, 0x4b, 0x00, 0xff, 0x79, 0x11,
  0xff, 0x77, 0x15, 0xef, 0x48, 0x00, 0xff, 0x3d, 0x11, 0xd2, 0x0d, 0x00,
  0x9a, 0x00, 0x00, 0xa9, 0x02, 0x00, 0xce, 0x07, 0x00, 0xf6, 0x20, 0x10,
  0xfc, 0x24, 0x16, 0xda, 0x0a, 0x00, 0xbe, 0x00, 0x00, 0xb7, 0x00, 0x00,
  0xb5, 0x00, 0x00, 0xb8, 0x00, 0x00, 0xb6, 0x00, 0x00, 0xcf, 0x03, 0x0b,
  0xd6, 0x02, 0x01, 0xda, 0x07, 0x05, 0xcf, 0x04, 0x07, 0xc3, 0x00, 0x00,
  0xc3, 0x00, 0x00, 0xd0, 0x09, 0x01, 0xbc, 0x00, 0x00, 0xce, 0x05, 0x00,
  0xd4, 0x06, 0x00, 0xda, 0x0b, 0x00, 0xf4, 0x23, 0x08, 0xff, 0x32, 0x0c,
  0xff, 0x3e, 0x09, 0xff, 0x46, 0x03, 0xf6, 0x43, 0x00, 0xff, 0x5c, 0x18,
  0xff, 0x3a, 0x16, 0xcc, 0x0f, 0x00, 0xa1, 0x00, 0x00, 0x8c, 0x00, 0x00,
  0xad, 0x00, 0x00, 0xd1, 0x0c, 0x05, 0xe7, 0x07, 0x0a, 0xec, 0x07, 0x02,
  0xfd, 0x27, 0x0f, 0xff, 0x3c, 0x12, 0xff, 0x5b, 0x1b, 0xff, 0x43, 0x03,
  0xff, 0x36, 0x11, 0xeb, 0x0c, 0x00, 0xe9, 0x01, 0x00, 0xf2, 0x05, 0x05,
  0xef, 0x02, 0x05, 0xf2, 0x0a, 0x09, 0xe5, 0x05, 0x00, 0xd8, 0x00, 0x00,
  0xe3, 0x05, 0x00, 0xdd, 0x01, 0x00, 0xcd, 0x00, 0x00, 0xe0, 0x08, 0x04,
  0xe6, 0x07, 0x00, 0xff, 0x32, 0x1f, 0xff, 0x32, 0x22, 0xdd, 0x07, 0x00,
  0xd9, 0x00, 0x00, 0xdc, 0x0e, 0x00, 0xfa, 0x44, 0x00, 0xff, 0x5f, 0x01,
  0xec, 0x4b, 0x00, 0xf3, 0x47, 0x00, 0xf3, 0x25, 0x00, 0xe1, 0x10, 0x00,
  0xb8, 0x00, 0x00, 0xb9, 0x00, 0x00, 0xe7, 0x0b, 0x03, 0xf9, 0x19, 0x10,
  0xd5, 0x06, 0x01, 0xb4, 0x00, 0x00, 0xa1, 0x00, 0x00, 0xa3, 0x00, 0x00,
  0xb1, 0x00, 0x00, 0xb3, 0x00, 0x00, 0xae, 0x00, 0x00, 0xc9, 0x07, 0x0b,
  0xd6, 0x02, 0x01, 0xdc, 0x06, 0x05, 0xce, 0x05, 0x07, 0xc1, 0x00, 0x00,
  0xd2, 0x07, 0x07, 0xc9, 0x00, 0x00, 0xcd, 0x00, 0x00, 0xd7, 0x04, 0x00,
  0xe0, 0x0f, 0x00, 0xff, 0x35, 0x16, 0xff, 0x3f, 0x0e, 0xff, 0x55, 0x17,
  0xff, 0x4f, 0x0e, 0xff, 0x5b, 0x10, 0xff, 0x60, 0x08, 0xff, 0x61, 0x10,
  0xff, 0x51, 0x20, 0xcf, 0x14, 0x00, 0xae, 0x00, 0x00, 0xa7, 0x00, 0x00,
  0xb1, 0x01, 0x00, 0xbe, 0x00, 0x00, 0xd6, 0x02, 0x03, 0xd8, 0x00, 0x00,
  0xe2, 0x0d, 0x05, 0xec, 0x1b, 0x09, 0xe3, 0x12, 0x00, 0xf9, 0x23, 0x05,
  0xff, 0x28, 0x13, 0xec, 0x0a, 0x00, 0xee, 0x04, 0x01, 0xf3, 0x04, 0x05,
  0xf7, 0x08, 0x09, 0xff, 0x18, 0x10, 0xff, 0x21, 0x0d, 0xec, 0x10, 0x00,
  0xf9, 0x21, 0x11, 0xdc, 0x08, 0x00, 0xc7, 0x00, 0x00, 0xd4, 0x05, 0x00,
  0xf4, 0x1e, 0x02, 0xff, 0x3b, 0x1a, 0xff, 0x35, 0x15, 0xe1, 0x0c, 0x00,
  0xe4, 0x03, 0x01, 0xe5, 0x07, 0x00, 0xfa, 0x32, 0x00, 0xfe, 0x44, 0x00,
  0xf8, 0x46, 0x00, 0xff, 0x43, 0x0d, 0xfb, 0x1e, 0x02, 0xfb, 0x17, 0x0b,
  0xd6, 0x05, 0x03, 0xd0, 0x00, 0x00, 0xe7, 0x00, 0x00, 0xe7, 0x05, 0x09,
  0xc6, 0x08, 0x0d, 0xa3, 0x00, 0x03, 0x8d, 0x00, 0x00, 0x8c, 0x00, 0x00,
  0xa2, 0x03, 0x00, 0xa5, 0x04, 0x00, 0xa3, 0x00, 0x00, 0xc1, 0x0b, 0x0b,
  0xd4, 0x03, 0x01, 0xdf, 0x05, 0x01, 0xd2, 0x04, 0x00, 0xc8, 0x00, 0x00,
  0xd2, 0x01, 0x00, 0xda, 0x06, 0x07, 0xd1, 0x00, 0x00, 0xdc, 0x05, 0x00,
  0xe1, 0x12, 0x00, 0xff, 0x3c, 0x0c, 0xff, 0x5d, 0x14, 0xff, 0x5e, 0x0c,
  0xff, 0x5f, 0x0d, 0xff, 0x69, 0x11, 0xff, 0x65, 0x01, 0xff, 0x64, 0x09,
  0xff, 0x56, 0x1d, 0xd3, 0x12, 0x00, 0xc2, 0x01, 0x00, 0xcb, 0x0b, 0x01,
  0xc4, 0x0d, 0x00, 0xbf, 0x03, 0x00, 0xd6, 0x0a, 0x03, 0xd4, 0x05, 0x04,
  0xc0, 0x00, 0x00, 0xd0, 0x04, 0x00, 0xdd, 0x04, 0x00, 0xe9, 0x0d, 0x00,
  0xe2, 0x07, 0x00, 0xe7, 0x06, 0x00, 0xe4, 0x00, 0x00, 0xee, 0x01, 0x02,
  0xea, 0x00, 0x00, 0xfe, 0x17, 0x0e, 0xff, 0x22, 0x0e, 0xf4, 0x1c, 0x01,
  0xff, 0x34, 0x1a, 0xde, 0x0d, 0x00, 0xc8, 0x00, 0x00, 0xd0, 0x06, 0x00,
  0xf4, 0x20, 0x03, 0xff, 0x39, 0x16, 0xff, 0x3a, 0x14, 0xed, 0x1e, 0x00,
  0xdc, 0x00, 0x00, 0xe8, 0x0c, 0x00, 0xf1, 0x23, 0x00, 0xff, 0x3e, 0x00,
  0xff, 0x59, 0x18, 0xf3, 0x31, 0x00, 0xf9, 0x1b, 0x04, 0xef, 0x0c, 0x05,
  0xc6, 0x00, 0x00, 0xcd, 0x00, 0x00, 0xdd, 0x00, 0x00, 0xe5, 0x0f, 0x13,
  0xa1, 0x00, 0x05, 0x7d, 0x00, 0x00, 0x71, 0x00, 0x00, 0x75, 0x06, 0x00,
  0x81, 0x04, 0x00, 0x7d, 0x00, 0x00, 0x94, 0x03, 0x00, 0xa9, 0x02, 0x00,
  0xcc, 0x00, 0x00, 0xe6, 0x08, 0x01, 0xf6, 0x18, 0x06, 0xe5, 0x07, 0x00,
  0xe4, 0x0b, 0x02, 0xda, 0x00, 0x00, 0xde, 0x00, 0x00, 0xe5, 0x0b, 0x00,
  0xf0, 0x28, 0x00, 0xff, 0x5c, 0x14, 0xfe, 0x61, 0x09, 0xfd, 0x69, 0x07,
  0xff, 0x68, 0x05, 0xff, 0x65, 0x00, 0xff, 0x6f, 0x00, 0xff, 0x61, 0x00,
  0xff, 0x47, 0x0b, 0xdd, 0x0f, 0x00, 0xec, 0x10, 0x00, 0xe5, 0x0c, 0x00,
  0xe8, 0x22, 0x00, 0xe7, 0x27, 0x01, 0xe0, 0x18, 0x07, 0xcb, 0x06, 0x00,
  0xa8, 0x00, 0x00, 0xbe, 0x02, 0x00, 0xc1, 0x00, 0x00, 0xd6, 0x00, 0x00,
  0xe0, 0x0c, 0x00, 0xe2, 0x09, 0x00, 0xeb, 0x0a, 0x00, 0xd0, 0x00, 0x00,
  0xeb, 0x04, 0x07, 0xdc, 0x00, 0x00, 0xe3, 0x07, 0x00, 0xfe, 0x25, 0x0a,
  0xff, 0x39, 0x16, 0xef, 0x1d, 0x00, 0xd7, 0x0b, 0x02, 0xd3, 0x07, 0x01,
  0xf8, 0x1e, 0x0c, 0xff, 0x34, 0x19, 0xff, 0x47, 0x26, 0xf5, 0x2c, 0x09,
  0xd5, 0x08, 0x00, 0xe9, 0x1d, 0x00, 0xeb, 0x26, 0x00, 0xff, 0x50, 0x05,
  0xff, 0x46, 0x02, 0xf0, 0x2d, 0x00, 0xce, 0x00, 0x00, 0xd1, 0x05, 0x01,
  0xba, 0x00, 0x00, 0xc0, 0x02, 0x00, 0xd3, 0x00, 0x00, 0xc9, 0x08, 0x05,
  0x7a, 0x00, 0x00, 0x51, 0x00, 0x00, 0x47, 0x00, 0x00, 0x4c, 0x04, 0x00,
  0x79, 0x0a, 0x00, 0x80, 0x08, 0x00, 0x8c, 0x00, 0x00, 0x97, 0x00, 0x00,
  0xd1, 0x05, 0x00, 0xfd, 0x1e, 0x11, 0xf9, 0x15, 0x00, 0xff, 0x1d, 0x04,
  0xe4, 0x04, 0x00, 0xd5, 0x00, 0x00, 0xd8, 0x00, 0x00, 0xe4, 0x0a, 0x00,
  0xec, 0x25, 0x00, 0xff, 0x5f, 0x12, 0xff, 0x7b, 0x1b, 0xfd, 0x74, 0x07,
  0xff, 0x71, 0x00, 0xff, 0x71, 0x00, 0xff, 0x7d, 0x04, 0xff, 0x72, 0x0d,
  0xff, 0x41, 0x04, 0xe7, 0x15, 0x00, 0xee, 0x13, 0x00, 0xff, 0x48, 0x1c,
  0xff, 0x56, 0x1a, 0xf2, 0x39, 0x01, 0xd4, 0x1b, 0x00, 0xc8, 0x11, 0x00,
  0xb4, 0x01, 0x00, 0xb5, 0x00, 0x00, 0xcb, 0x00, 0x00, 0xf5, 0x20, 0x00,
  0xfa, 0x27, 0x00, 0xff, 0x30, 0x01, 0xf3, 0x1a, 0x02, 0xfa, 0x1f, 0x13,
  0xe0, 0x04, 0x00, 0xcc, 0x00, 0x00, 0xd6, 0x00, 0x00, 0xfa, 0x23, 0x0a,
  0xff, 0x36, 0x11, 0xee, 0x1b, 0x00, 0xd4, 0x09, 0x00, 0xd2, 0x04, 0x01,
  0xf6, 0x19, 0x0b, 0xff, 0x24, 0x0d, 0xff, 0x48, 0x2b, 0xeb, 0x21, 0x00,
  0xed, 0x25, 0x04, 0xef, 0x29, 0x00, 0xf5, 0x32, 0x00, 0xff, 0x60, 0x19,
  0xff, 0x59, 0x19, 0xff, 0x40, 0x13, 0xd4, 0x0a, 0x00, 0xc1, 0x00, 0x00,
  0xa3, 0x00, 0x00, 0xb1, 0x06, 0x00, 0xd6, 0x0f, 0x05, 0xcf, 0x18, 0x11,
  0x8b, 0x10, 0x0e, 0x5b, 0x05, 0x00, 0x44, 0x00, 0x00, 0x3f, 0x00, 0x00,
  0x7c, 0x02, 0x00, 0x84, 0x00, 0x00, 0x93, 0x00, 0x00, 0xb9, 0x04, 0x00,
  0xf1, 0x22, 0x14, 0xfd, 0x21, 0x0c, 0xfd, 0x21, 0x03, 0xf9, 0x1a, 0x00,
  0xff, 0x20, 0x15, 0xe1, 0x02, 0x00, 0xd3, 0x00, 0x00, 0xda, 0x03, 0x00,
  0xe0, 0x12, 0x00, 0xff, 0x59, 0x18, 0xff, 0x64, 0x02, 0xf6, 0x6c, 0x00,
  0xf4, 0x6c, 0x00, 0xf8, 0x71, 0x00, 0xff, 0x81, 0x09, 0xff, 0x77, 0x14,
  0xff, 0x3f, 0x03, 0xd3, 0x04, 0x00, 0xfb, 0x3c, 0x04, 0xff, 0x62, 0x1d,
  0xff, 0x5b, 0x0e, 0xf6, 0x4d, 0x00, 0xe9, 0x48, 0x08, 0xf2, 0x4b, 0x16,
  0xc8, 0x0d, 0x00, 0xdc, 0x10, 0x00, 0xf8, 0x1e, 0x00, 0xf9, 0x1c, 0x00,
  0xf2, 0x1e, 0x00, 0xff, 0x56, 0x23, 0xff, 0x48, 0x24, 0xfa, 0x2a, 0x11,
  0xe5, 0x14, 0x02, 0xc3, 0x00, 0x00, 0xce, 0x00, 0x00, 0xf5, 0x1f, 0x05,
  0xff, 0x31, 0x11, 0xe9, 0x16, 0x00, 0xd0, 0x05, 0x00, 0xce, 0x00, 0x00,
  0xe1, 0x05, 0x00, 0xff, 0x35, 0x1c, 0xf4, 0x23, 0x08, 0xec, 0x22, 0x04,
  0xdb, 0x0f, 0x00, 0xfd, 0x30, 0x0a, 0xff, 0x3a, 0x04, 0xfb, 0x31, 0x00,
  0xff, 0x4f, 0x1b, 0xff, 0x42, 0x1f, 0xdf, 0x0d, 0x04, 0xbb, 0x00, 0x00,
  0x91, 0x00, 0x00, 0x9c, 0x04, 0x00, 0xc3, 0x08, 0x00, 0xd0, 0x13, 0x13,
  0xa1, 0x0a, 0x0e, 0x78, 0x00, 0x00, 0x5a, 0x00, 0x00, 0x54, 0x00, 0x00,
  0x87, 0x00, 0x00, 0x9d, 0x06, 0x00, 0xac, 0x00, 0x00, 0xc8, 0x07, 0x00,
  0xf3, 0x22, 0x0e, 0xf8, 0x20, 0x02, 0xfb, 0x24, 0x02, 0xfd, 0x21, 0x05,
  0xfd, 0x1b, 0x0e, 0xdb, 0x00, 0x00, 0xc7, 0x00, 0x00, 0xd4, 0x01, 0x00,
  0xf7, 0x23, 0x0b, 0xff, 0x50, 0x1c, 0xff, 0x64, 0x09, 0xfb, 0x6b, 0x00,
  0xf2, 0x6a, 0x00, 0xf9, 0x73, 0x01, 0xff, 0x87, 0x1b, 0xff, 0x80, 0x28,
  0xec, 0x2a, 0x00, 0xe0, 0x18, 0x00, 0xe8, 0x38, 0x00, 0xfd, 0x58, 0x07,
  0xff, 0x5e, 0x07, 0xff, 0x6a, 0x11, 0xff, 0x6b, 0x17, 0xfa, 0x5b, 0x13,
  0xff, 0x42, 0x0d, 0xe8, 0x15, 0x00, 0xff, 0x20, 0x00, 0xfc, 0x1d, 0x00,
  0xf8, 0x21, 0x00, 0xff, 0x3d, 0x08, 0xff, 0x55, 0x26, 0xf5, 0x34, 0x0a,
  0xe8, 0x26, 0x03, 0xcf, 0x06, 0x00, 0xcf, 0x00, 0x00, 0xf2, 0x1b, 0x04,
  0xff, 0x2c, 0x11, 0xe6, 0x11, 0x00, 0xcc, 0x01, 0x00, 0xca, 0x00, 0x00,
  0xdc, 0x02, 0x00, 0xff, 0x25, 0x09, 0xf4, 0x22, 0x0c, 0xe2, 0x14, 0x00,
  0xfb, 0x2a, 0x0f, 0xff, 0x38, 0x18, 0xff, 0x33, 0x07, 0xff, 0x30, 0x03,
  0xff, 0x2e, 0x08, 0xff, 0x33, 0x19, 0xe3, 0x09, 0x05, 0xbb, 0x00, 0x00,
  0x87, 0x00, 0x00, 0x8b, 0x03, 0x00, 0xb0, 0x05, 0x01, 0xc2, 0x0d, 0x0f,
  0xa5, 0x00, 0x03, 0x8b, 0x00, 0x00, 0x77, 0x00, 0x00, 0x76, 0x09, 0x00,
  0xac, 0x04, 0x00, 0xad, 0x00, 0x00, 0xbc, 0x00, 0x00, 0xd7, 0x0b, 0x02,
  0xf1, 0x25, 0x06, 0xf2, 0x23, 0x00, 0xfa, 0x25, 0x02, 0xff, 0x3a, 0x20,
  0xff, 0x19, 0x0b, 0xea, 0x07, 0x02, 0xc8, 0x00, 0x00, 0xce, 0x00, 0x00,
  0xe7, 0x0c, 0x00, 0xfa, 0x2a, 0x07, 0xff, 0x58, 0x10, 0xfc, 0x61, 0x04,
  0xfd, 0x6b, 0x0b, 0xff, 0x7e, 0x21, 0xff, 0x77, 0x25, 0xf6, 0x4c, 0x0f,
  0xce, 0x10, 0x00, 0xc7, 0x09, 0x00, 0xde, 0x34, 0x00, 0xfc, 0x5c, 0x09,
  0xf3, 0x4d, 0x00, 0xfd, 0x5d, 0x01, 0xfb, 0x68, 0x0a, 0xfa, 0x5d, 0x07,
  0xff, 0x54, 0x10, 0xff, 0x38, 0x02, 0xfe, 0x1f, 0x00, 0xf4, 0x15, 0x00,
  0xfd, 0x26, 0x00, 0xff, 0x3b, 0x02, 0xff, 0x54, 0x18, 0xec, 0x3b, 0x00,
  0xf6, 0x44, 0x0e, 0xcd, 0x10, 0x00, 0xe8, 0x19, 0x00, 0xfb, 0x24, 0x0f,
  0xff, 0x35, 0x1f, 0xdb, 0x06, 0x00, 0xc9, 0x00, 0x00, 0xd9, 0x0d, 0x00,
  0xe7, 0x0d, 0x00, 0xdb, 0x00, 0x00, 0xe2, 0x0f, 0x00, 0xcc, 0x00, 0x00,
  0xec, 0x13, 0x00, 0xff, 0x37, 0x1b, 0xff, 0x37, 0x19, 0xf0, 0x13, 0x00,
  0xeb, 0x0d, 0x00, 0xe5, 0x05, 0x00, 0xde, 0x00, 0x00, 0xc5, 0x00, 0x02,
  0x82, 0x00, 0x00, 0x76, 0x00, 0x00, 0x85, 0x00, 0x00, 0x90, 0x00, 0x00,
  0xb5, 0x0d, 0x0a, 0xa7, 0x04, 0x00, 0x89, 0x00, 0x00, 0x78, 0x00, 0x00,
  0xc3, 0x01, 0x03, 0xce, 0x08, 0x09, 0xcd, 0x00, 0x01, 0xee, 0x1e, 0x12,
  0xff, 0x3e, 0x14, 0xff, 0x3e, 0x0c, 0xf6, 0x22, 0x00, 0xff, 0x31, 0x18,
  0xfe, 0x18, 0x08, 0xff, 0x1d, 0x11, 0xda, 0x04, 0x00, 0xd7, 0x05, 0x00,
  0xd8, 0x01, 0x00, 0xe1, 0x11, 0x00, 0xfe, 0x41, 0x0c, 0xff, 0x5c, 0x17,
  0xfc, 0x58, 0x12, 0xfe, 0x5a, 0x19, 0xf7, 0x47, 0x15, 0xe7, 0x30, 0x0e,
  0xbb, 0x03, 0x00, 0xb2, 0x00, 0x00, 0xd2, 0x25, 0x00, 0xf7, 0x4a, 0x01,
  0xfd, 0x4f, 0x01, 0xf4, 0x4c, 0x00, 0xf2, 0x56, 0x00, 0xff, 0x64, 0x08,
  0xff, 0x60, 0x12, 0xff, 0x3b, 0x00, 0xf7, 0x1f, 0x00, 0xff, 0x21, 0x00,
  0xfd, 0x28, 0x00, 0xff, 0x4d, 0x10, 0xff, 0x52, 0x09, 0xfc, 0x59, 0x0c,
  0xea, 0x46, 0x00, 0xe9, 0x37, 0x02, 0xdd, 0x13, 0x00, 0xf2, 0x1a, 0x06,
  0xe7, 0x0c, 0x00, 0xdd, 0x08, 0x00, 0xcb, 0x01, 0x00, 0xcf, 0x04, 0x00,
  0xf4, 0x1b, 0x00, 0xfd, 0x22, 0x00, 0xd3, 0x00, 0x00, 0xc5, 0x00, 0x00,
  0xec, 0x0e, 0x00, 0xff, 0x29, 0x13, 0xff, 0x28, 0x15, 0xef, 0x0c, 0x00,
  0xe8, 0x03, 0x00, 0xe6, 0x00, 0x00, 0xe4, 0x00, 0x04, 0xd3, 0x00, 0x0a,
  0x9e, 0x00, 0x00, 0x8c, 0x00, 0x00, 0x88, 0x00, 0x02, 0x8f, 0x00, 0x00,
  0xc1, 0x0b, 0x09, 0xbd, 0x04, 0x00, 0xa7, 0x02, 0x00, 0x98, 0x00, 0x00,
  0xde, 0x02, 0x0a, 0xdd, 0x04, 0x0b, 0xca, 0x00, 0x00, 0xdc, 0x0d, 0x00,
  0xff, 0x50, 0x1c, 0xff, 0x40, 0x03, 0xfa, 0x23, 0x00, 0xf9, 0x16, 0x00,
  0xff, 0x21, 0x0a, 0xff, 0x2f, 0x1b, 0xeb, 0x01, 0x00, 0xe2, 0x01, 0x00,
  0xc8, 0x02, 0x00, 0xc2, 0x03, 0x00, 0xdc, 0x11, 0x00, 0xeb, 0x21, 0x00,
  0xed, 0x2d, 0x07, 0xea, 0x29, 0x0b, 0xe9, 0x19, 0x0e, 0xdd, 0x12, 0x15,
  0xab, 0x00, 0x01, 0xa2, 0x00, 0x00, 0xd7, 0x16, 0x00, 0xff, 0x39, 0x04,
  0xff, 0x42, 0x05, 0xf6, 0x40, 0x00, 0xfb, 0x48, 0x00, 0xff, 0x5a, 0x04,
  0xff, 0x61, 0x12, 0xff, 0x4c, 0x0d, 0xf7, 0x2b, 0x07, 0xff, 0x29, 0x0b,
  0xfa, 0x27, 0x00, 0xff, 0x45, 0x05, 0xf8, 0x52, 0x00, 0xff, 0x6c, 0x12,
  0xf3, 0x5b, 0x08, 0xee, 0x45, 0x03, 0xf1, 0x2a, 0x07, 0xda, 0x03, 0x00,
  0xff, 0x26, 0x17, 0xe7, 0x11, 0x03, 0xb6, 0x00, 0x00, 0xcb, 0x01, 0x00,
  0xff, 0x2b, 0x00, 0xff, 0x37, 0x12, 0xdc, 0x08, 0x00, 0xc3, 0x00, 0x00,
  0xe8, 0x07, 0x00, 0xfc, 0x14, 0x03, 0xfc, 0x13, 0x09, 0xed, 0x03, 0x00,
  0xe3, 0x00, 0x00, 0xe6, 0x00, 0x03, 0xe9, 0x00, 0x08, 0xe7, 0x00, 0x11,
  0xd2, 0x00, 0x11, 0xbb, 0x00, 0x14, 0x9d, 0x00, 0x10, 0x9c, 0x00, 0x02,
  0xd4, 0x09, 0x09, 0xdb, 0x04, 0x00, 0xcf, 0x05, 0x03, 0xc8, 0x04, 0x04,
  0xe5, 0x00, 0x0b, 0xdb, 0x00, 0x02, 0xd1, 0x00, 0x00, 0xda, 0x11, 0x03,
  0xff, 0x41, 0x12, 0xfe, 0x3a, 0x06, 0xec, 0x0e, 0x00, 0xeb, 0x04, 0x00,
  0xfd, 0x1c, 0x0a, 0xee, 0x0b, 0x00, 0xff, 0x1a, 0x08, 0xeb, 0x0a, 0x00,
  0xb5, 0x00, 0x00, 0xb4, 0x00, 0x00, 0xd1, 0x07, 0x00, 0xdb, 0x07, 0x00,
  0xdf, 0x13, 0x03, 0xd4, 0x09, 0x00, 0xcc, 0x00, 0x05, 0xc1, 0x00, 0x0f,
  0x9a, 0x00, 0x00, 0xa0, 0x00, 0x00, 0xd1, 0x05, 0x00, 0xfc, 0x28, 0x02,
  0xf8, 0x30, 0x02, 0xff, 0x41, 0x0a, 0xff, 0x47, 0x06, 0xff, 0x43, 0x00,
  0xfb, 0x51, 0x06, 0xff, 0x59, 0x18, 0xff, 0x4a, 0x1d, 0xf7, 0x2e, 0x04,
  0xf7, 0x29, 0x00, 0xee, 0x2f, 0x00, 0xfe, 0x5e, 0x00, 0xff, 0x6e, 0x09,
  0xfc, 0x68, 0x0a, 0xff, 0x61, 0x18, 0xef, 0x24, 0x00, 0xe5, 0x07, 0x00,
  0xee, 0x09, 0x02, 0xff, 0x1f, 0x19, 0xcf, 0x00, 0x00, 0xd3, 0x04, 0x00,
  0xff, 0x36, 0x0f, 0xfa, 0x23, 0x00, 0xf4, 0x21, 0x10, 0xdc, 0x06, 0x00,
  0xe4, 0x03, 0x00, 0xee, 0x09, 0x00, 0xed, 0x08, 0x00, 0xe3, 0x02, 0x00,
  0xd7, 0x00, 0x00, 0xdb, 0x00, 0x06, 0xe3, 0x02, 0x0f, 0xeb, 0x07, 0x18,
  0xed, 0x03, 0x19, 0xd8, 0x00, 0x16, 0xb4, 0x00, 0x0e, 0xac, 0x00, 0x00,
  0xe1, 0x07, 0x08, 0xeb, 0x05, 0x01, 0xe8, 0x09, 0x09, 0xe6, 0x0b, 0x0c,
  0xe5, 0x02, 0x0b, 0xd5, 0x00, 0x02, 0xbb, 0x00, 0x00, 0xc8, 0x08, 0x00,
  0xf2, 0x27, 0x0e, 0xf7, 0x1c, 0x02, 0xec, 0x01, 0x00, 0xf3, 0x02, 0x00,
  0xf2, 0x06, 0x01, 0xff, 0x19, 0x13, 0xf0, 0x0e, 0x04, 0xd3, 0x01, 0x00,
  0xb2, 0x00, 0x00, 0xac, 0x00, 0x00, 0xb6, 0x00, 0x00, 0xc7, 0x00, 0x00,
  0xda, 0x09, 0x06, 0xd4, 0x10, 0x10, 0xad, 0x09, 0x0a, 0x8e, 0x00, 0x00,
  0x98, 0x00, 0x00, 0xd1, 0x10, 0x16, 0xd8, 0x04, 0x00, 0xf2, 0x1b, 0x04,
  0xf8, 0x2e, 0x0e, 0xff, 0x35, 0x0f, 0xf9, 0x1e, 0x00, 0xff, 0x3e, 0x0d,
  0xff, 0x50, 0x11, 0xff, 0x56, 0x11, 0xf8, 0x49, 0x05, 0xe9, 0x33, 0x00,
  0xe9, 0x28, 0x00, 0xfd, 0x44, 0x00, 0xff, 0x63, 0x00, 0xfa, 0x69, 0x00,
  0xff, 0x67, 0x06, 0xff, 0x5d, 0x0f, 0xff, 0x33, 0x03, 0xf4, 0x09, 0x00,
  0xea, 0x00, 0x00, 0xee, 0x00, 0x00, 0xea, 0x02, 0x00, 0xe8, 0x0d, 0x00,
  0xff, 0x3c, 0x21, 0xff, 0x31, 0x12, 0xff, 0x4e, 0x31, 0xf9, 0x22, 0x09,
  0xe6, 0x08, 0x00, 0xed, 0x0e, 0x00, 0xdf, 0x0b, 0x00, 0xc8, 0x00, 0x00,
  0xc0, 0x00, 0x00, 0xb6, 0x00, 0x00, 0xd2, 0x0a, 0x15, 0xd0, 0x00, 0x0a,
  0xe7, 0x09, 0x0d, 0xec, 0x0c, 0x0d, 0xd4, 0x01, 0x00, 0xbe, 0x00, 0x00,
  0xdf, 0x00, 0x00, 0xe3, 0x01, 0x00, 0xde, 0x00, 0x00, 0xe9, 0x08, 0x02,
  0xe2, 0x08, 0x12, 0xd3, 0x07, 0x0c, 0xa1, 0x00, 0x00, 0xb2, 0x00, 0x00,
  0xf5, 0x23, 0x18, 0xf0, 0x07, 0x00, 0xfd, 0x0b, 0x06, 0xff, 0x13, 0x15,
  0xee, 0x01, 0x04, 0xef, 0x0b, 0x0d, 0xdd, 0x06, 0x00, 0xc8, 0x00, 0x00,
  0xb5, 0x00, 0x00, 0xb4, 0x01, 0x00, 0xcb, 0x0c, 0x00, 0xca, 0x00, 0x00,
  0xd9, 0x00, 0x03, 0xc1, 0x00, 0x05, 0x85, 0x00, 0x00, 0x6c, 0x00, 0x00,
  0xa8, 0x00, 0x00, 0xe6, 0x17, 0x16, 0xe0, 0x09, 0x00, 0xf4, 0x1e, 0x0b,
  0xff, 0x3e, 0x20, 0xf0, 0x22, 0x01, 0xf0, 0x0c, 0x00, 0xe7, 0x09, 0x00,
  0xff, 0x40, 0x06, 0xf2, 0x40, 0x00, 0xf6, 0x4a, 0x00, 0xff, 0x5a, 0x0a,
  0xec, 0x35, 0x00, 0xfe, 0x4d, 0x00, 0xfd, 0x66, 0x00, 0xf8, 0x68, 0x00,
  0xff, 0x67, 0x06, 0xff, 0x5d, 0x0f, 0xff, 0x33, 0x01, 0xf6, 0x08, 0x00,
  0xf3, 0x00, 0x00, 0xf4, 0x00, 0x05, 0xeb, 0x00, 0x04, 0xe3, 0x05, 0x00,
  0xf4, 0x21, 0x10, 0xee, 0x1e, 0x07, 0xff, 0x30, 0x14, 0xe5, 0x0c, 0x00,
  0xe0, 0x04, 0x00, 0xe4, 0x0b, 0x00, 0xd3, 0x0a, 0x00, 0xba, 0x00, 0x00,
  0xb4, 0x01, 0x00, 0xb2, 0x00, 0x00, 0xc5, 0x09, 0x10, 0xce, 0x04, 0x0b,
  0xe3, 0x09, 0x05, 0xea, 0x08, 0x00, 0xe4, 0x02, 0x00, 0xda, 0x00, 0x00,
  0xe2, 0x00, 0x00, 0xe1, 0x00, 0x00, 0xe1, 0x00, 0x00, 0xe8, 0x06, 0x00,
  0xd0, 0x03, 0x14, 0xb6, 0x00, 0x05, 0x98, 0x00, 0x00, 0xa4, 0x01, 0x00,
  0xde, 0x0b, 0x05, 0xff, 0x18, 0x12, 0xfe, 0x06, 0x06, 0xff, 0x11, 0x16,
  0xe9, 0x04, 0x0d, 0xd8, 0x00, 0x04, 0xcd, 0x00, 0x00, 0xbf, 0x00, 0x00,
  0xbe, 0x00, 0x00, 0xd1, 0x0c, 0x03, 0xd6, 0x0a, 0x00, 0xe2, 0x0d, 0x00,
  0xe9, 0x05, 0x05, 0xba, 0x00, 0x00, 0x69, 0x00, 0x00, 0x5b, 0x00, 0x00,
  0xc2, 0x09, 0x00, 0xff, 0x25, 0x15, 0xe8, 0x13, 0x00, 0xf2, 0x25, 0x0b,
  0xff, 0x3a, 0x16, 0xff, 0x43, 0x1b, 0xf3, 0x1a, 0x00, 0xff, 0x3a, 0x0f,
  0xff, 0x42, 0x0c, 0xf8, 0x3e, 0x00, 0xf8, 0x46, 0x02, 0xff, 0x55, 0x0c,
  0xf4, 0x46, 0x00, 0xff, 0x5a, 0x02, 0xfd, 0x6a, 0x05, 0xf4, 0x68, 0x01,
  0xfc, 0x68, 0x0a, 0xff, 0x5e, 0x13, 0xfe, 0x36, 0x05, 0xec, 0x0c, 0x00,
  0xf2, 0x00, 0x02, 0xef, 0x00, 0x08, 0xe1, 0x00, 0x01, 0xd8, 0x00, 0x00,
  0xeb, 0x17, 0x0c, 0xf1, 0x1d, 0x0e, 0xfb, 0x1e, 0x10, 0xe5, 0x06, 0x00,
  0xda, 0x00, 0x00, 0xd9, 0x07, 0x00, 0xc7, 0x07, 0x00, 0xb1, 0x00, 0x00,
  0xb3, 0x00, 0x00, 0xbf, 0x05, 0x02, 0xc0, 0x01, 0x04, 0xd3, 0x08, 0x0a,
  0xdf, 0x06, 0x00, 0xe4, 0x02, 0x00, 0xea, 0x08, 0x00, 0xf5, 0x13, 0x08,
  0xec, 0x0a, 0x00, 0xe3, 0x01, 0x00, 0xe3, 0x01, 0x00, 0xe5, 0x03, 0x00,
  0xd1, 0x07, 0x1b, 0xba, 0x01, 0x10, 0x84, 0x00, 0x00, 0x97, 0x00, 0x00,
  0xd7, 0x03, 0x02, 0xf2, 0x03, 0x02, 0xf4, 0x02, 0x04, 0xec, 0x03, 0x07,
  0xd4, 0x00, 0x08, 0xc9, 0x00, 0x00, 0xd8, 0x08, 0x00, 0xd4, 0x05, 0x00,
  0xd3, 0x03, 0x00, 0xd3, 0x02, 0x00, 0xe4, 0x10, 0x00, 0xf4, 0x17, 0x07,
  0xf9, 0x16, 0x13, 0xbd, 0x00, 0x01, 0x6d, 0x00, 0x00, 0x65, 0x00, 0x00,
  0xd3, 0x17, 0x02, 0xff, 0x31, 0x12, 0xec, 0x1b, 0x00, 0xf3, 0x2c, 0x06,
  0xff, 0x47, 0x17, 0xff, 0x3e, 0x0d, 0xff, 0x30, 0x02, 0xff, 0x3c, 0x0f,
  0xe8, 0x1d, 0x00, 0xff, 0x3b, 0x05, 0xff, 0x58, 0x1b, 0xff, 0x61, 0x1f,
  0xfc, 0x4f, 0x07, 0xff, 0x60, 0x0f, 0xff, 0x69, 0x0b, 0xf6, 0x62, 0x02,
  0xff, 0x64, 0x0e, 0xff, 0x5c, 0x17, 0xfc, 0x36, 0x0b, 0xe6, 0x0f, 0x00,
  0xec, 0x09, 0x08, 0xe5, 0x03, 0x08, 0xd2, 0x00, 0x00, 0xc5, 0x00, 0x00,
  0xc4, 0x04, 0x00, 0xd3, 0x10, 0x07, 0xd2, 0x07, 0x00, 0xc8, 0x00, 0x00,
  0xd0, 0x00, 0x00, 0xd1, 0x05, 0x00, 0xbd, 0x06, 0x00, 0xa9, 0x00, 0x00,
  0xb5, 0x00, 0x00, 0xc9, 0x08, 0x05, 0xc0, 0x00, 0x00, 0xd6, 0x09, 0x07,
  0xde, 0x03, 0x00, 0xe0, 0x00, 0x00, 0xef, 0x0d, 0x03, 0xff, 0x26, 0x1c,
  0xff, 0x23, 0x19, 0xe2, 0x00, 0x00, 0xdd, 0x00, 0x00, 0xe3, 0x01, 0x00,
  0xd0, 0x05, 0x15, 0xb5, 0x00, 0x06, 0x88, 0x00, 0x00, 0xb0, 0x04, 0x07,
  0xe1, 0x07, 0x08, 0xef, 0x03, 0x03, 0xee, 0x08, 0x08, 0xd8, 0x02, 0x04,
  0xb9, 0x00, 0x00, 0xb6, 0x00, 0x00, 0xe4, 0x09, 0x00, 0xeb, 0x05, 0x00,
  0xe9, 0x0c, 0x00, 0xe2, 0x07, 0x00, 0xf8, 0x1a, 0x05, 0xf7, 0x1d, 0x0b,
  0xe8, 0x18, 0x10, 0xac, 0x00, 0x00, 0x7c, 0x00, 0x00, 0x9b, 0x04, 0x0a,
  0xdd, 0x23, 0x07, 0xff, 0x42, 0x12, 0xff, 0x3b, 0x0b, 0xf1, 0x2f, 0x00,
  0xf6, 0x3e, 0x04, 0xf7, 0x40, 0x03, 0xff, 0x3e, 0x07, 0xff, 0x3c, 0x0a,
  0xff, 0x36, 0x09, 0xed, 0x1f, 0x00, 0xf5, 0x32, 0x02, 0xff, 0x65, 0x2e,
  0xfd, 0x4f, 0x0e, 0xff, 0x5a, 0x11, 0xff, 0x69, 0x14, 0xff, 0x67, 0x13,
  0xff, 0x53, 0x09, 0xfe, 0x46, 0x0c, 0xf4, 0x2b, 0x08, 0xe1, 0x11, 0x00,
  0xd4, 0x06, 0x00, 0xda, 0x17, 0x12, 0xc1, 0x11, 0x06, 0x99, 0x00, 0x00,
  0x9a, 0x00, 0x00, 0xa2, 0x09, 0x00, 0xa7, 0x07, 0x00, 0xac, 0x00, 0x00,
  0xd0, 0x07, 0x09, 0xb5, 0x00, 0x00, 0x9d, 0x00, 0x00, 0xaf, 0x04, 0x00,
  0xcf, 0x0e, 0x06, 0xca, 0x00, 0x00, 0xc5, 0x00, 0x00, 0xce, 0x00, 0x00,
  0xcb, 0x00, 0x00, 0xe5, 0x03, 0x00, 0xee, 0x0c, 0x01, 0xff, 0x37, 0x2c,
  0xff, 0x26, 0x1c, 0xff, 0x1d, 0x13, 0xff, 0x2d, 0x23, 0xdc, 0x00, 0x00,
  0xd9, 0x04, 0x0c, 0xc6, 0x00, 0x03, 0xa6, 0x00, 0x00, 0xc3, 0x03, 0x06,
  0xe0, 0x00, 0x00, 0xfb, 0x13, 0x14, 0xda, 0x07, 0x05, 0xb8, 0x00, 0x00,
  0x9d, 0x00, 0x00, 0xbe, 0x00, 0x00, 0xe7, 0x0b, 0x00, 0xff, 0x1a, 0x04,
  0xe5, 0x05, 0x00, 0xe9, 0x0a, 0x00, 0xff, 0x1b, 0x0c, 0xf7, 0x1c, 0x0f,
  0xd7, 0x17, 0x0f, 0x97, 0x00, 0x00, 0x8f, 0x00, 0x00, 0xc7, 0x14, 0x1c,
  0xff, 0x40, 0x22, 0xff, 0x3d, 0x07, 0xfb, 0x3d, 0x00, 0xfd, 0x44, 0x00,
  0xeb, 0x3a, 0x00, 0xf1, 0x3f, 0x00, 0xff, 0x45, 0x07, 0xff, 0x47, 0x12,
  0xfc, 0x24, 0x00, 0xe5, 0x0c, 0x00, 0xe0, 0x18, 0x00, 0xf9, 0x3b, 0x0e,
  0xff, 0x58, 0x21, 0xff, 0x52, 0x11, 0xff, 0x4e, 0x06, 0xff, 0x5f, 0x18,
  0xff, 0x44, 0x07, 0xf6, 0x2c, 0x00, 0xef, 0x1b, 0x01, 0xe3, 0x0d, 0x01,
  0xc8, 0x00, 0x00, 0xc9, 0x0e, 0x04, 0xae, 0x09, 0x00, 0x84, 0x00, 0x00,
  0x80, 0x00, 0x00, 0x7c, 0x00, 0x00, 0x7c, 0x00, 0x00, 0x8e, 0x00, 0x00,
  0xc8, 0x0a, 0x11, 0xb2, 0x00, 0x00, 0x99, 0x00, 0x00, 0xaa, 0x06, 0x00,
  0xcf, 0x07, 0x02, 0xd5, 0x00, 0x00, 0xd2, 0x00, 0x00, 0xd5, 0x01, 0x00,
  0xd9, 0x00, 0x00, 0xe4, 0x02, 0x00, 0xef, 0x0d, 0x03, 0xff, 0x2a, 0x20,
  0xff, 0x2f, 0x24, 0xf7, 0x15, 0x0b, 0xfe, 0x1c, 0x12, 0xe4, 0x02, 0x00,
  0xe5, 0x03, 0x00, 0xde, 0x00, 0x00, 0xd3, 0x00, 0x00, 0xdc, 0x00, 0x03,
  0xef, 0x04, 0x04, 0xe9, 0x07, 0x06, 0xba, 0x00, 0x00, 0xad, 0x00, 0x00,
  0xb5, 0x00, 0x00, 0xdd, 0x15, 0x07, 0xf8, 0x25, 0x06, 0xfc, 0x22, 0x01,
  0xfb, 0x1f, 0x08, 0xfa, 0x19, 0x0a, 0xed, 0x01, 0x00, 0xe4, 0x08, 0x05,
  0xae, 0x00, 0x00, 0x9d, 0x00, 0x00, 0xb7, 0x00, 0x07, 0xd7, 0x0c, 0x11,
  0xfc, 0x27, 0x11, 0xff, 0x37, 0x06, 0xff, 0x52, 0x01, 0xea, 0x46, 0x00,
  0xed, 0x44, 0x00, 0xf1, 0x45, 0x00, 0xf7, 0x45, 0x00, 0xff, 0x41, 0x08,
  0xf7, 0x1a, 0x00, 0xe6, 0x03, 0x00, 0xd1, 0x03, 0x00, 0xd6, 0x12, 0x00,
  0xff, 0x47, 0x1a, 0xff, 0x56, 0x20, 0xff, 0x53, 0x17, 0xff, 0x52, 0x18,
  0xff, 0x38, 0x08, 0xfd, 0x1f, 0x00, 0xf2, 0x0c, 0x00, 0xe9, 0x04, 0x00,
  0xd4, 0x00, 0x00, 0xd4, 0x08, 0x04, 0xb6, 0x05, 0x00, 0x85, 0x00, 0x00,
  0x7b, 0x00, 0x00, 0x65, 0x00, 0x00, 0x61, 0x00, 0x00, 0x83, 0x01, 0x01,
  0xc2, 0x0c, 0x17, 0xae, 0x00, 0x00, 0x94, 0x00, 0x00, 0xa8, 0x07, 0x00,
  0xff, 0x38, 0x32, 0xf7, 0x19, 0x12, 0xe8, 0x12, 0x04, 0xf4, 0x1e, 0x0d,
  0xed, 0x10, 0x04, 0xe3, 0x01, 0x00, 0xf0, 0x0e, 0x04, 0xf9, 0x17, 0x0d,
  0xec, 0x0a, 0x00, 0xfe, 0x1c, 0x12, 0xff, 0x22, 0x17, 0xe7, 0x05, 0x00,
  0xe9, 0x01, 0x00, 0xe9, 0x04, 0x02, 0xeb, 0x05, 0x05, 0xe3, 0x01, 0x02,
  0xe3, 0x06, 0x06, 0xcb, 0x00, 0x00, 0xb8, 0x01, 0x00, 0xab, 0x00, 0x00,
  0xc5, 0x0a, 0x00, 0xff, 0x40, 0x1e, 0xff, 0x3b, 0x0d, 0xff, 0x36, 0x0b,
  0xff, 0x3b, 0x1d, 0xea, 0x09, 0x00, 0xee, 0x04, 0x00, 0xd8, 0x00, 0x00,
  0xaf, 0x02, 0x00, 0xa8, 0x01, 0x00, 0xd1, 0x09, 0x08, 0xe1, 0x07, 0x04,
  0xed, 0x0a, 0x00, 0xee, 0x15, 0x00, 0xf7, 0x3c, 0x00, 0xff, 0x50, 0x00,
  0xff, 0x53, 0x0e, 0xff, 0x48, 0x09, 0xf5, 0x38, 0x00, 0xf5, 0x29, 0x00,
  0xff, 0x1b, 0x00, 0xed, 0x09, 0x00, 0xc9, 0x03, 0x00, 0xbb, 0x05, 0x00,
  0xc0, 0x0d, 0x00, 0xe9, 0x31, 0x0d, 0xff, 0x41, 0x19, 0xff, 0x2f, 0x06,
  0xff, 0x39, 0x17, 0xff, 0x19, 0x00, 0xeb, 0x03, 0x00, 0xeb, 0x02, 0x00,
  0xe4, 0x00, 0x00, 0xea, 0x0e, 0x12, 0xcc, 0x0b, 0x0a, 0x9e, 0x00, 0x00,
  0x96, 0x01, 0x00, 0x79, 0x00, 0x00, 0x73, 0x00, 0x00, 0x98, 0x07, 0x06,
  0xc5, 0x0b, 0x13, 0xb0, 0x00, 0x00, 0x95, 0x00, 0x00, 0xaa, 0x05, 0x00,
  0xcf, 0x01, 0x00, 0xff, 0x27, 0x1e, 0xff, 0x39, 0x28, 0xff, 0x26, 0x16,
  0xfb, 0x1c, 0x0e, 0xe2, 0x00, 0x00, 0xf4, 0x0e, 0x03, 0xee, 0x0a, 0x00,
  0xff, 0x24, 0x19, 0xfa, 0x1c, 0x13, 0xe5, 0x05, 0x00, 0xdd, 0x00, 0x00,
  0xe5, 0x01, 0x11, 0xf3, 0x10, 0x1b, 0xf5, 0x16, 0x16, 0xdd, 0x0d, 0x08,
  0xc2, 0x0d, 0x08, 0x9f, 0x00, 0x00, 0xb7, 0x00, 0x00, 0xc7, 0x0d, 0x00,
  0xf1, 0x44, 0x08, 0xf4, 0x45, 0x00, 0xff, 0x3f, 0x00, 0xff, 0x39, 0x06,
  0xf4, 0x1d, 0x00, 0xfa, 0x1e, 0x08, 0xdc, 0x00, 0x00, 0xcf, 0x00, 0x00,
  0xb7, 0x00, 0x00, 0xc5, 0x09, 0x00, 0xdf, 0x0c, 0x00, 0xe5, 0x01, 0x00,
  0xf3, 0x06, 0x00, 0xf6, 0x0d, 0x00, 0xdc, 0x00, 0x00, 0xf8, 0x22, 0x02,
  0xff, 0x38, 0x1a, 0xff, 0x3d, 0x1e, 0xff, 0x35, 0x13, 0xff, 0x22, 0x03,
  0xff, 0x19, 0x06, 0xe9, 0x09, 0x00, 0xb7, 0x06, 0x00, 0x83, 0x00, 0x00,
  0x8a, 0x01, 0x00, 0x99, 0x07, 0x00, 0xb6, 0x0b, 0x00, 0xd0, 0x0c, 0x00,
  0xe7, 0x12, 0x00, 0xf5, 0x15, 0x00, 0xfc, 0x1c, 0x03, 0xff, 0x21, 0x0d,
  0xec, 0x09, 0x06, 0xe0, 0x00, 0x06, 0xf9, 0x1f, 0x2b, 0xce, 0x00, 0x01,
  0xc1, 0x00, 0x00, 0xd3, 0x10, 0x00, 0xd5, 0x13, 0x07, 0xd1, 0x0c, 0x05,
  0xc4, 0x00, 0x00, 0xbf, 0x00, 0x00, 0xae, 0x00, 0x08, 0xaf, 0x00, 0x04,
  0xd9, 0x0b, 0x08, 0xf8, 0x18, 0x0d, 0xeb, 0x05, 0x00, 0xe7, 0x02, 0x00,
  0xff, 0x27, 0x18, 0xfb, 0x17, 0x09, 0xf4, 0x07, 0x00, 0xee, 0x03, 0x00,
  0xe1, 0x06, 0x00, 0xdd, 0x07, 0x00, 0xdf, 0x05, 0x01, 0xe1, 0x04, 0x03,
  0xec, 0x09, 0x1d, 0xf4, 0x15, 0x23, 0xf3, 0x16, 0x1a, 0xd8, 0x0b, 0x0a,
  0xa6, 0x00, 0x00, 0x9d, 0x00, 0x00, 0xce, 0x0e, 0x00, 0xea, 0x28, 0x00,
  0xf1, 0x47, 0x00, 0xf2, 0x47, 0x00, 0xff, 0x3f, 0x00, 0xff, 0x39, 0x06,
  0xf6, 0x1e, 0x00, 0xf6, 0x1c, 0x06, 0xeb, 0x17, 0x08, 0xb6, 0x00, 0x00,
  0xb1, 0x00, 0x00, 0xd6, 0x12, 0x00, 0xf3, 0x24, 0x06, 0xf8, 0x20, 0x02,
  0xf6, 0x16, 0x00, 0xec, 0x07, 0x00, 0xe9, 0x06, 0x00, 0xe8, 0x04, 0x00,
  0xec, 0x0b, 0x00, 0xf7, 0x14, 0x03, 0xf7, 0x10, 0x00, 0xed, 0x02, 0x00,
  0xff, 0x1c, 0x0f, 0xe3, 0x07, 0x00, 0xc1, 0x18, 0x0f, 0x7b, 0x00, 0x00,
  0x66, 0x00, 0x00, 0x73, 0x00, 0x00, 0x99, 0x00, 0x00, 0xb4, 0x00, 0x00,
  0xd4, 0x04, 0x00, 0xdd, 0x05, 0x00, 0xdd, 0x0c, 0x00, 0xde, 0x0f, 0x00,
  0xe2, 0x0d, 0x05, 0xdc, 0x03, 0x0a, 0xf6, 0x19, 0x29, 0xe4, 0x06, 0x0d,
  0xff, 0x30, 0x1f, 0xff, 0x29, 0x13, 0xf4, 0x10, 0x02, 0xdf, 0x00, 0x00,
  0xe5, 0x0b, 0x05, 0xc7, 0x00, 0x00, 0xbd, 0x00, 0x01, 0xd3, 0x12, 0x13,
  0xee, 0x1f, 0x0e, 0xde, 0x00, 0x00, 0xed, 0x01, 0x00, 0xea, 0x00, 0x00,
  0xea, 0x05, 0x00, 0xfc, 0x14, 0x03, 0xff, 0x13, 0x0a, 0xf4, 0x08, 0x01,
  0xda, 0x03, 0x00, 0xd4, 0x05, 0x00, 0xd8, 0x02, 0x04, 0xda, 0x01, 0x06,
  0xe5, 0x07, 0x0e, 0xec, 0x0e, 0x17, 0xe4, 0x05, 0x13, 0xc9, 0x00, 0x00,
  0xa7, 0x00, 0x00, 0xb8, 0x00, 0x00, 0xe9, 0x22, 0x00, 0xff, 0x43, 0x0a,
  0xf5, 0x45, 0x00, 0xf5, 0x45, 0x00, 0xff, 0x3e, 0x00, 0xff, 0x38, 0x0a,
  0xff, 0x34, 0x16, 0xea, 0x12, 0x00, 0xd8, 0x08, 0x00, 0xb9, 0x00, 0x00,
  0xb2, 0x00, 0x00, 0xe5, 0x27, 0x10, 0xfc, 0x44, 0x17, 0xfd, 0x45, 0x0d,
  0xef, 0x32, 0x00, 0xff, 0x3e, 0x12, 0xd7, 0x05, 0x00, 0xe1, 0x06, 0x00,
  0xd5, 0x00, 0x00, 0xe5, 0x05, 0x00, 0xec, 0x08, 0x00, 0xe4, 0x00, 0x00,
  0xeb, 0x00, 0x00, 0xff, 0x38, 0x2e, 0xc4, 0x11, 0x0b, 0x82, 0x00, 0x00,
  0x67, 0x00, 0x00, 0x74, 0x00, 0x00, 0x9c, 0x00, 0x00, 0xb7, 0x00, 0x00,
  0xcf, 0x01, 0x00, 0xce, 0x00, 0x00, 0xc0, 0x03, 0x00, 0xb8, 0x03, 0x00,
  0xbe, 0x06, 0x00, 0xbd, 0x00, 0x00, 0xd2, 0x0a, 0x13, 0xdf, 0x12, 0x13,
  0xfb, 0x25, 0x12, 0xf4, 0x17, 0x00, 0xeb, 0x05, 0x00, 0xeb, 0x06, 0x00,
  0xfa, 0x1c, 0x13, 0xe3, 0x07, 0x00, 0xe3, 0x07, 0x00, 0xf8, 0x1e, 0x0a,
  0xff, 0x35, 0x08, 0xee, 0x15, 0x00, 0xfa, 0x0b, 0x00, 0xf3, 0x00, 0x00,
  0xf1, 0x04, 0x00, 0xe8, 0x00, 0x00, 0xf3, 0x02, 0x00, 0xff, 0x19, 0x18,
  0xce, 0x00, 0x00, 0xc7, 0x01, 0x02, 0xce, 0x00, 0x04, 0xd1, 0x00, 0x06,
  0xd1, 0x00, 0x00, 0xd1, 0x04, 0x05, 0xc1, 0x00, 0x02, 0xa7, 0x00, 0x00,
  0xb5, 0x00, 0x00, 0xd4, 0x11, 0x01, 0xff, 0x3f, 0x0b, 0xfb, 0x40, 0x00,
  0xf7, 0x44, 0x00, 0xfa, 0x41, 0x00, 0xff, 0x3b, 0x06, 0xff, 0x37, 0x10,
  0xff, 0x29, 0x12, 0xff, 0x2d, 0x20, 0xcc, 0x02, 0x00, 0xad, 0x00, 0x00,
  0xc5, 0x00, 0x00, 0xf5, 0x39, 0x24, 0xff, 0x53, 0x1e, 0xff, 0x5a, 0x13,
  0xff, 0x5a, 0x0d, 0xff, 0x55, 0x13, 0xed, 0x2b, 0x06, 0xd8, 0x0a, 0x00,
  0xd1, 0x00, 0x00, 0xe6, 0x0a, 0x00, 0xf2, 0x0f, 0x00, 0xee, 0x0a, 0x00,
  0xee, 0x0d, 0x00, 0xf1, 0x1d, 0x12, 0xc2, 0x06, 0x03, 0xa8, 0x04, 0x05,
  0x8c, 0x00, 0x00, 0x97, 0x06, 0x00, 0xbc, 0x06, 0x06, 0xd3, 0x08, 0x08,
  0xdc, 0x07, 0x01, 0xd3, 0x04, 0x00, 0xbe, 0x05, 0x00, 0xb0, 0x03, 0x00,
  0xa0, 0x00, 0x00, 0x9f, 0x00, 0x00, 0xaf, 0x00, 0x00, 0xd2, 0x0c, 0x0b,
  0xff, 0x32, 0x1d, 0xf3, 0x17, 0x00, 0xe7, 0x01, 0x00, 0xed, 0x07, 0x00,
  0xfa, 0x20, 0x11, 0xfa, 0x20, 0x0f, 0xff, 0x1e, 0x0b, 0xff, 0x21, 0x00,
  0xff, 0x41, 0x02, 0xff, 0x48, 0x07, 0xff, 0x1d, 0x00, 0xf4, 0x0c, 0x00,
  0xe7, 0x01, 0x00, 0xec, 0x0a, 0x00, 0xe8, 0x0b, 0x01, 0xd8, 0x09, 0x08,
  0xb6, 0x02, 0x03, 0xb1, 0x03, 0x09, 0xb9, 0x00, 0x07, 0xbe, 0x00, 0x07,
  0xba, 0x05, 0x00, 0xb4, 0x06, 0x00, 0x97, 0x00, 0x00, 0x94, 0x00, 0x00,
  0xcd, 0x08, 0x02, 0xf8, 0x32, 0x13, 0xff, 0x59, 0x0f, 0xff, 0x61, 0x0a,
  0xff, 0x4d, 0x05, 0xff, 0x49, 0x10, 0xff, 0x38, 0x0c, 0xf8, 0x22, 0x04,
  0xf1, 0x1c, 0x0b, 0xe9, 0x19, 0x12, 0xc2, 0x00, 0x00, 0xb6, 0x00, 0x00,
  0xb8, 0x00, 0x00, 0xc9, 0x0a, 0x00, 0xfe, 0x53, 0x1b, 0xff, 0x6c, 0x1e,
  0xff, 0x66, 0x0d, 0xff, 0x67, 0x15, 0xf8, 0x49, 0x0e, 0xd0, 0x13, 0x00,
  0xdf, 0x11, 0x00, 0xe1, 0x0a, 0x00, 0xff, 0x22, 0x09, 0xff, 0x28, 0x0f,
  0xf6, 0x1f, 0x0a, 0xe6, 0x16, 0x0a, 0xd5, 0x0c, 0x0e, 0xba, 0x00, 0x02,
  0xae, 0x00, 0x00, 0xba, 0x00, 0x00, 0xd1, 0x00, 0x02, 0xde, 0x00, 0x03,
  0xea, 0x08, 0x09, 0xdf, 0x06, 0x00, 0xcb, 0x05, 0x00, 0xbc, 0x04, 0x00,
  0xb2, 0x03, 0x00, 0x9b, 0x00, 0x00, 0xa9, 0x00, 0x00, 0xd3, 0x0d, 0x0c,
  0xff, 0x39, 0x24, 0xf0, 0x15, 0x00, 0xe6, 0x00, 0x00, 0xec, 0x0b, 0x00,
  0xeb, 0x1b, 0x03, 0xf5, 0x28, 0x0b, 0xf4, 0x19, 0x00, 0xfe, 0x28, 0x00,
  0xff, 0x5e, 0x13, 0xff, 0x55, 0x07, 0xff, 0x52, 0x19, 0xef, 0x25, 0x00,
  0xf4, 0x28, 0x00, 0xec, 0x25, 0x00, 0xc9, 0x0f, 0x00, 0x99, 0x00, 0x00,
  0x83, 0x00, 0x00, 0x79, 0x00, 0x00, 0x87, 0x00, 0x00, 0x93, 0x00, 0x00,
  0xa6, 0x05, 0x00, 0x95, 0x00, 0x00, 0x8e, 0x00, 0x00, 0xa9, 0x0a, 0x05,
  0xf2, 0x30, 0x19, 0xff, 0x4c, 0x19, 0xfd, 0x5e, 0x09, 0xf7, 0x5b, 0x00,
  0xff, 0x52, 0x0e, 0xff, 0x38, 0x06, 0xfc, 0x28, 0x02, 0xff, 0x27, 0x0f,
  0xed, 0x16, 0x0a, 0xd6, 0x09, 0x05, 0xb9, 0x00, 0x00, 0xb1, 0x00, 0x00,
  0xb6, 0x00, 0x00, 0xc9, 0x09, 0x00, 0xee, 0x3c, 0x08, 0xfd, 0x55, 0x0c,
  0xff, 0x63, 0x0c, 0xf1, 0x53, 0x00, 0xe7, 0x44, 0x00, 0xdd, 0x2f, 0x00,
  0xd2, 0x0c, 0x00, 0xe7, 0x12, 0x00, 0xe2, 0x04, 0x00, 0xf0, 0x12, 0x00,
  0xf1, 0x24, 0x0c, 0xda, 0x0f, 0x02, 0xca, 0x00, 0x00, 0xc0, 0x00, 0x00,
  0xcf, 0x00, 0x02, 0xd7, 0x01, 0x03, 0xe0, 0x02, 0x06, 0xdc, 0x00, 0x00,
  0xdd, 0x00, 0x02, 0xd4, 0x01, 0x00, 0xca, 0x03, 0x00, 0xc3, 0x03, 0x00,
  0xc2, 0x07, 0x00, 0xb6, 0x00, 0x00, 0xbe, 0x00, 0x00, 0xd6, 0x08, 0x09,
  0xf9, 0x24, 0x11, 0xea, 0x0c, 0x00, 0xed, 0x07, 0x00, 0xff, 0x1e, 0x0f,
  0xf2, 0x22, 0x06, 0xf3, 0x24, 0x06, 0xe0, 0x07, 0x00, 0xea, 0x14, 0x00,
  0xff, 0x3b, 0x00, 0xff, 0x54, 0x07, 0xff, 0x62, 0x21, 0xf9, 0x41, 0x06,
  0xf1, 0x30, 0x00, 0xf3, 0x37, 0x09, 0xb8, 0x10, 0x00, 0x7f, 0x00, 0x00,
  0x59, 0x00, 0x00, 0x55, 0x00, 0x00, 0x6d, 0x00, 0x00, 0x84, 0x00, 0x07,
  0x96, 0x04, 0x00, 0x94, 0x00, 0x00, 0xac, 0x03, 0x05, 0xcd, 0x18, 0x0c,
  0xff, 0x41, 0x12, 0xff, 0x54, 0x0d, 0xff, 0x54, 0x01, 0xfc, 0x4e, 0x00,
  0xff, 0x49, 0x0c, 0xff, 0x30, 0x04, 0xf8, 0x20, 0x00, 0xfa, 0x21, 0x0d,
  0xea, 0x15, 0x0d, 0xc5, 0x00, 0x00, 0xb0, 0x00, 0x00, 0xae, 0x00, 0x00,
  0xc2, 0x00, 0x00, 0xdc, 0x15, 0x00, 0xed, 0x26, 0x00, 0xff, 0x40, 0x08,
  0xff, 0x65, 0x1a, 0xff, 0x5b, 0x02, 0xff, 0x62, 0x03, 0xff, 0x5a, 0x0b,
  0xe8, 0x2a, 0x02, 0xef, 0x1f, 0x08, 0xde, 0x01, 0x00, 0xe2, 0x09, 0x00,
  0xd6, 0x0d, 0x00, 0xdd, 0x15, 0x07, 0xe7, 0x0b, 0x14, 0xee, 0x07, 0x18,
  0xe6, 0x00, 0x06, 0xde, 0x00, 0x00, 0xd0, 0x00, 0x00, 0xc9, 0x00, 0x00,
  0xc1, 0x00, 0x00, 0xc1, 0x03, 0x00, 0xc5, 0x05, 0x00, 0xcb, 0x05, 0x01,
  0xe8, 0x16, 0x16, 0xce, 0x00, 0x00, 0xcc, 0x00, 0x00, 0xe8, 0x0a, 0x10,
  0xff, 0x2d, 0x1d, 0xf0, 0x10, 0x00, 0xe7, 0x03, 0x00, 0xf5, 0x14, 0x02,
  0xfa, 0x1d, 0x03, 0xfd, 0x20, 0x09, 0xeb, 0x06, 0x00, 0xec, 0x08, 0x00,
  0xf2, 0x12, 0x00, 0xff, 0x42, 0x0b, 0xff, 0x52, 0x15, 0xff, 0x55, 0x15,
  0xff, 0x55, 0x15, 0xe1, 0x21, 0x00, 0xb1, 0x08, 0x00, 0x82, 0x00, 0x00,
  0x5e, 0x00, 0x07, 0x4f, 0x00, 0x02, 0x5f, 0x00, 0x00, 0x7d, 0x00, 0x0a,
  0xaa, 0x11, 0x05, 0xb2, 0x0f, 0x06, 0xca, 0x10, 0x0d, 0xde, 0x18, 0x07,
  0xf0, 0x2d, 0x00, 0xfd, 0x3d, 0x00, 0xff, 0x45, 0x00, 0xff, 0x47, 0x08,
  0xff, 0x35, 0x07, 0xff, 0x34, 0x14, 0xf7, 0x27, 0x10, 0xe2, 0x15, 0x06,
  0xd4, 0x0a, 0x05, 0xbd, 0x00, 0x00, 0xaa, 0x00, 0x00, 0xaf, 0x00, 0x00,
  0xd8, 0x12, 0x03, 0xf9, 0x27, 0x10, 0xf6, 0x23, 0x02, 0xff, 0x3e, 0x0f,
  0xfe, 0x3e, 0x00, 0xff, 0x5c, 0x05, 0xff, 0x66, 0x00, 0xf3, 0x58, 0x00,
  0xff, 0x4c, 0x15, 0xf7, 0x30, 0x0f, 0xff, 0x2f, 0x15, 0xef, 0x14, 0x00,
  0xc8, 0x00, 0x00, 0xcf, 0x03, 0x00, 0xe0, 0x00, 0x09, 0xde, 0x00, 0x01,
  0xe1, 0x00, 0x00, 0xdb, 0x00, 0x00, 0xcb, 0x00, 0x00, 0xc0, 0x04, 0x00,
  0xad, 0x00, 0x00, 0xb4, 0x04, 0x00, 0xc5, 0x07, 0x00, 0xd6, 0x07, 0x06,
  0xff, 0x2f, 0x32, 0xd0, 0x00, 0x00, 0xc5, 0x00, 0x00, 0xf8, 0x1c, 0x20,
  0xf6, 0x1b, 0x0e, 0xe5, 0x09, 0x00, 0xee, 0x0c, 0x00, 0xff, 0x23, 0x16,
  0xff, 0x17, 0x02, 0xff, 0x1b, 0x0b, 0xee, 0x03, 0x03, 0xf2, 0x09, 0x03,
  0xed, 0x07, 0x00, 0xff, 0x29, 0x00, 0xfc, 0x3a, 0x03, 0xff, 0x5c, 0x23,
  0xff, 0x4a, 0x16, 0xff, 0x51, 0x2d, 0xaa, 0x00, 0x00, 0x9d, 0x00, 0x05,
  0x8d, 0x0b, 0x19, 0x79, 0x00, 0x0e, 0x7e, 0x00, 0x01, 0x8e, 0x00, 0x09,
  0xc3, 0x11, 0x02, 0xc5, 0x0d, 0x00, 0xd3, 0x0b, 0x00, 0xdf, 0x0f, 0x00,
  0xea, 0x1a, 0x00, 0xf8, 0x29, 0x00, 0xf9, 0x28, 0x00, 0xeb, 0x19, 0x00,
  0xf4, 0x1f, 0x07, 0xd0, 0x03, 0x00, 0xd1, 0x17, 0x08, 0xcb, 0x17, 0x0d,
  0xba, 0x05, 0x00, 0xa6, 0x00, 0x00, 0xa2, 0x05, 0x00, 0xbf, 0x15, 0x01,
  0xf8, 0x24, 0x17, 0xe9, 0x06, 0x00, 0xe3, 0x09, 0x00, 0xf4, 0x26, 0x00,
  0xff, 0x59, 0x14, 0xff, 0x62, 0x0b, 0xff, 0x64, 0x00, 0xe9, 0x4e, 0x00,
  0xec, 0x49, 0x00, 0xfe, 0x46, 0x10, 0xff, 0x3d, 0x1e, 0xff, 0x22, 0x14,
  0xe2, 0x0b, 0x06, 0xd4, 0x00, 0x01, 0xd5, 0x00, 0x00, 0xe1, 0x00, 0x01,
  0xfb, 0x1c, 0x0c, 0xea, 0x16, 0x00, 0xd0, 0x0a, 0x00, 0xb6, 0x02, 0x00,
  0xa8, 0x03, 0x00, 0xb1, 0x07, 0x00, 0xda, 0x15, 0x11, 0xff, 0x2b, 0x2b,
  0xff, 0x26, 0x25, 0xca, 0x00, 0x00, 0xc2, 0x00, 0x00, 0xd7, 0x0e, 0x07,
  0xe1, 0x16, 0x0b, 0xdb, 0x06, 0x00, 0xe1, 0x00, 0x00, 0xf1, 0x02, 0x00,
  0xf9, 0x00, 0x00, 0xf8, 0x00, 0x00, 0xef, 0x00, 0x00, 0xe7, 0x03, 0x00,
  0xe7, 0x10, 0x00, 0xda, 0x0a, 0x00, 0xf7, 0x28, 0x00, 0xfe, 0x2c, 0x06,
  0xff, 0x31, 0x18, 0xe3, 0x08, 0x00, 0xcf, 0x00, 0x00, 0xd2, 0x03, 0x07,
  0xcb, 0x09, 0x0d, 0xc0, 0x09, 0x0c, 0xb4, 0x07, 0x02, 0xaa, 0x00, 0x00,
  0xd0, 0x0c, 0x00, 0xd0, 0x09, 0x00, 0xdb, 0x08, 0x00, 0xe2, 0x0d, 0x00,
  0xf3, 0x26, 0x0e, 0xf2, 0x25, 0x0d, 0xed, 0x16, 0x01, 0xdc, 0x07, 0x00,
  0xcd, 0x02, 0x00, 0xae, 0x00, 0x00, 0x97, 0x00, 0x00, 0x8c, 0x00, 0x00,
  0xab, 0x11, 0x10, 0x96, 0x00, 0x00, 0x99, 0x00, 0x00, 0xc6, 0x10, 0x00,
  0xf4, 0x1a, 0x0d, 0xf1, 0x0a, 0x00, 0xf0, 0x13, 0x00, 0xfd, 0x2e, 0x00,
  0xff, 0x41, 0x00, 0xee, 0x41, 0x00, 0xf1, 0x50, 0x00, 0xfe, 0x61, 0x00,
  0xf2, 0x54, 0x00, 0xff, 0x5f, 0x1b, 0xff, 0x37, 0x0d, 0xff, 0x25, 0x0f,
  0xef, 0x13, 0x0b, 0xde, 0x01, 0x03, 0xd5, 0x00, 0x00, 0xd9, 0x00, 0x00,
  0xfb, 0x21, 0x12, 0xfd, 0x28, 0x15, 0xdc, 0x11, 0x06, 0xae, 0x00, 0x00,
  0xb0, 0x0b, 0x03, 0xb0, 0x0b, 0x05, 0xd1, 0x0f, 0x11, 0xee, 0x21, 0x24,
  0xde, 0x16, 0x15, 0xb9, 0x00, 0x00, 0xba, 0x00, 0x00, 0xc5, 0x07, 0x00,
  0xd6, 0x1a, 0x13, 0xcf, 0x07, 0x04, 0xdb, 0x00, 0x00, 0xed, 0x00, 0x00,
  0xfc, 0x00, 0x00, 0xf0, 0x00, 0x00, 0xf6, 0x0a, 0x0a, 0xff, 0x32, 0x23,
  0xff, 0x3f, 0x15, 0xf8, 0x2a, 0x00, 0xf2, 0x1c, 0x00, 0xe7, 0x0c, 0x00,
  0xff, 0x24, 0x1b, 0xe9, 0x07, 0x06, 0xde, 0x00, 0x00, 0xe5, 0x00, 0x00,
  0xff, 0x20, 0x1e, 0xd5, 0x00, 0x00, 0xb8, 0x00, 0x00, 0xbc, 0x04, 0x00,
  0xd8, 0x08, 0x00, 0xd8, 0x04, 0x00, 0xe1, 0x03, 0x00, 0xe1, 0x0b, 0x08,
  0xcd, 0x0f, 0x06, 0xbc, 0x03, 0x00, 0xbb, 0x00, 0x00, 0xb6, 0x00, 0x00,
  0xa8, 0x00, 0x00, 0x92, 0x01, 0x00, 0x5d, 0x00, 0x00, 0x4c, 0x00, 0x00,
  0x6c, 0x00, 0x00, 0x83, 0x00, 0x00, 0xba, 0x00, 0x08, 0xf3, 0x1c, 0x21,
  0xff, 0x32, 0x28, 0xff, 0x22, 0x08, 0xed, 0x17, 0x00, 0xe0, 0x15, 0x00,
  0xf3, 0x35, 0x00, 0xff, 0x4e, 0x00, 0xf8, 0x50, 0x00, 0xed, 0x48, 0x00,
  0xee, 0x45, 0x00, 0xf7, 0x45, 0x00, 0xff, 0x5b, 0x19, 0xff, 0x41, 0x0c,
  0xff, 0x26, 0x04, 0xe8, 0x0e, 0x00, 0xcf, 0x01, 0x00, 0xd0, 0x01, 0x02,
  0xdc, 0x00, 0x04, 0xe7, 0x07, 0x0a, 0xda, 0x00, 0x00, 0xb6, 0x00, 0x00,
  0xb0, 0x02, 0x00, 0xa0, 0x00, 0x00, 0xa7, 0x00, 0x04, 0xb1, 0x02, 0x12,
  0xa5, 0x03, 0x03, 0x9e, 0x00, 0x00, 0xb5, 0x00, 0x01, 0xb0, 0x00, 0x00,
  0xb6, 0x09, 0x08, 0xb7, 0x00, 0x01, 0xd6, 0x00, 0x08, 0xf5, 0x01, 0x11,
  0xff, 0x18, 0x1e, 0xf4, 0x02, 0x02, 0xe2, 0x03, 0x03, 0xed, 0x19, 0x0f,
  0xff, 0x3a, 0x16, 0xff, 0x3a, 0x0e, 0xff, 0x29, 0x06, 0xfb, 0x22, 0x0c,
  0xf0, 0x1a, 0x0e, 0xe8, 0x0b, 0x08, 0xe6, 0x00, 0x00, 0xe6, 0x00, 0x00,
  0xfe, 0x1a, 0x1a, 0xd7, 0x00, 0x00, 0xc0, 0x00, 0x00, 0xc3, 0x04, 0x00,
  0xdc, 0x06, 0x00, 0xda, 0x03, 0x00, 0xde, 0x03, 0x06, 0xda, 0x0c, 0x12,
  0xb8, 0x07, 0x05, 0xa7, 0x00, 0x00, 0xb3, 0x00, 0x00, 0xc1, 0x04, 0x00,
  0xa7, 0x00, 0x00, 0x9c, 0x12, 0x0a, 0x58, 0x00, 0x00, 0x44, 0x00, 0x00,
  0x63, 0x00, 0x00, 0x9b, 0x00, 0x0d, 0xd4, 0x05, 0x14, 0xe8, 0x04, 0x06,
  0xff, 0x2c, 0x18, 0xff, 0x2c, 0x0a, 0xf8, 0x24, 0x00, 0xe7, 0x1e, 0x00,
  0xef, 0x2f, 0x00, 0xf8, 0x40, 0x00, 0xff, 0x51, 0x00, 0xff, 0x66, 0x10,
  0xf9, 0x50, 0x00, 0xff, 0x5c, 0x0e, 0xf9, 0x50, 0x00, 0xf9, 0x43, 0x00,
  0xff, 0x36, 0x03, 0xe5, 0x1b, 0x00, 0xc3, 0x0b, 0x00, 0xc1, 0x07, 0x01,
  0xd1, 0x00, 0x00, 0xe0, 0x00, 0x00, 0xeb, 0x05, 0x03, 0xe8, 0x0f, 0x09,
  0xcd, 0x0f, 0x06, 0xb5, 0x01, 0x00, 0xb0, 0x00, 0x08, 0xae, 0x00, 0x10,
  0x86, 0x00, 0x00, 0x94, 0x00, 0x00, 0xb6, 0x01, 0x09, 0xa4, 0x00, 0x00,
  0x91, 0x00, 0x00, 0x9e, 0x00, 0x00, 0xd0, 0x03, 0x14, 0xff, 0x1a, 0x2c,
  0xf8, 0x0d, 0x13, 0xee, 0x08, 0x0a, 0xd4, 0x04, 0x06, 0xc9, 0x00, 0x00,
  0xf2, 0x22, 0x06, 0xff, 0x31, 0x0d, 0xf2, 0x1a, 0x00, 0xed, 0x15, 0x03,
  0xe4, 0x12, 0x07, 0xe5, 0x10, 0x0b, 0xe9, 0x07, 0x06, 0xe6, 0x00, 0x00,
  0xe2, 0x00, 0x00, 0xdc, 0x00, 0x00, 0xd2, 0x05, 0x00, 0xcc, 0x06, 0x00,
  0xe4, 0x09, 0x01, 0xdb, 0x05, 0x02, 0xd2, 0x06, 0x0d, 0xbe, 0x03, 0x09,
  0x9f, 0x00, 0x00, 0xa0, 0x00, 0x00, 0xc3, 0x0a, 0x00, 0xe4, 0x27, 0x09,
  0xda, 0x25, 0x05, 0xd1, 0x2e, 0x15, 0x88, 0x05, 0x00, 0x6f, 0x00, 0x00,
  0x8a, 0x00, 0x00, 0xc4, 0x0d, 0x16, 0xe4, 0x14, 0x0b, 0xfb, 0x23, 0x08,
  0xff, 0x36, 0x10, 0xff, 0x38, 0x0a, 0xff, 0x39, 0x08, 0xff, 0x3b, 0x04,
  0xe7, 0x26, 0x00, 0xfb, 0x3e, 0x00, 0xe4, 0x2c, 0x00, 0xff, 0x65, 0x17,
  0xf0, 0x50, 0x00, 0xfc, 0x63, 0x10, 0xff, 0x69, 0x13, 0xf8, 0x5a, 0x0b,
  0xff, 0x5a, 0x1f, 0xcb, 0x1e, 0x00, 0x96, 0x00, 0x00, 0xa7, 0x08, 0x00,
  0xc2, 0x00, 0x00, 0xdf, 0x00, 0x00, 0xf5, 0x0d, 0x00, 0xf6, 0x13, 0x00,
  0xe2, 0x12, 0x00, 0xd9, 0x0c, 0x04, 0xda, 0x00, 0x0b, 0xcb, 0x00, 0x0e,
  0xa1, 0x00, 0x00, 0x9a, 0x00, 0x00, 0xc0, 0x01, 0x0d, 0xbf, 0x03, 0x0e,
  0x9e, 0x01, 0x01, 0x8a, 0x00, 0x00, 0xa0, 0x00, 0x00, 0xcd, 0x07, 0x11,
  0xe6, 0x0a, 0x12, 0xdf, 0x06, 0x0b, 0xb6, 0x00, 0x00, 0xc3, 0x07, 0x02,
  0xe8, 0x18, 0x03, 0xff, 0x2c, 0x11, 0xff, 0x25, 0x11, 0xe6, 0x10, 0x01,
  0xc9, 0x00, 0x00, 0xc6, 0x00, 0x00, 0xd9, 0x00, 0x00, 0xef, 0x0b, 0x0b,
  0xe6, 0x00, 0x00, 0xe3, 0x02, 0x00, 0xdb, 0x06, 0x00, 0xd8, 0x07, 0x00,
  0xe0, 0x04, 0x00, 0xd5, 0x06, 0x05, 0xbc, 0x07, 0x0b, 0xa3, 0x00, 0x00,
  0xaa, 0x05, 0x00, 0xbd, 0x11, 0x00, 0xe3, 0x2b, 0x00, 0xff, 0x42, 0x0c,
  0xff, 0x50, 0x1a, 0xfb, 0x4d, 0x26, 0xad, 0x14, 0x08, 0x8d, 0x00, 0x00,
  0xa7, 0x00, 0x00, 0xc7, 0x00, 0x02, 0xf7, 0x23, 0x09, 0xf2, 0x1c, 0x00,
  0xff, 0x39, 0x08, 0xff, 0x3b, 0x04, 0xff, 0x3b, 0x04, 0xff, 0x3d, 0x02,
  0xff, 0x3e, 0x03, 0xff, 0x43, 0x05, 0xf0, 0x2f, 0x00, 0xff, 0x50, 0x0c,
  0xff, 0x61, 0x14, 0xff, 0x6b, 0x1d, 0xff, 0x69, 0x1d, 0xf5, 0x50, 0x0f,
  0xd7, 0x2e, 0x00, 0xa6, 0x03, 0x00, 0x83, 0x00, 0x00, 0x96, 0x00, 0x00,
  0xc9, 0x06, 0x00, 0xe2, 0x08, 0x00, 0xec, 0x0e, 0x00, 0xe4, 0x0a, 0x00,
  0xcf, 0x07, 0x00, 0xcd, 0x04, 0x00, 0xd5, 0x00, 0x01, 0xca, 0x00, 0x03,
  0xa6, 0x00, 0x00, 0x9c, 0x00, 0x00, 0xbb, 0x00, 0x02, 0xc8, 0x08, 0x0e,
  0xb5, 0x0d, 0x0a, 0x96, 0x00, 0x00, 0x9a, 0x00, 0x00, 0xbf, 0x06, 0x07,
  0xe7, 0x17, 0x1e, 0xd8, 0x0a, 0x12, 0xa3, 0x00, 0x00, 0xaa, 0x00, 0x00,
  0xe6, 0x15, 0x05, 0xff, 0x24, 0x11, 0xfe, 0x21, 0x15, 0xe3, 0x0f, 0x04,
  0xc4, 0x00, 0x00, 0xc1, 0x00, 0x00, 0xd5, 0x00, 0x00, 0xf0, 0x0c, 0x0c,
  0xe7, 0x00, 0x00, 0xe6, 0x00, 0x00, 0xe0, 0x03, 0x00, 0xdc, 0x05, 0x00,
  0xd5, 0x00, 0x00, 0xc6, 0x07, 0x06, 0x9f, 0x09, 0x07, 0x83, 0x00, 0x00,
  0xb2, 0x0a, 0x00, 0xdd, 0x25, 0x00, 0xff, 0x47, 0x00, 0xff, 0x5a, 0x03,
  0xff, 0x5a, 0x14, 0xff, 0x57, 0x28, 0xb6, 0x1c, 0x0c, 0x98, 0x00, 0x00,
  0xbc, 0x00, 0x0d, 0xd9, 0x07, 0x09, 0xff, 0x27, 0x09, 0xf6, 0x1e, 0x00,
  0xff, 0x3b, 0x02, 0xff, 0x3e, 0x00, 0xff, 0x3e, 0x00, 0xff, 0x3d, 0x02,
  0xfe, 0x38, 0x00, 0xf1, 0x2b, 0x00, 0xec, 0x26, 0x00, 0xee, 0x2d, 0x00,
  0xff, 0x56, 0x0f, 0xff, 0x56, 0x14, 0xff, 0x40, 0x13, 0xea, 0x24, 0x07,
  0xbb, 0x03, 0x00, 0xa0, 0x00, 0x00, 0x95, 0x00, 0x00, 0xad, 0x02, 0x00,
  0xd8, 0x0e, 0x00, 0xe6, 0x10, 0x00, 0xda, 0x0f, 0x06, 0xb8, 0x00, 0x00,
  0xa0, 0x00, 0x00, 0xa3, 0x00, 0x00, 0xb8, 0x00, 0x00, 0xb8, 0x00, 0x00,
  0x9f, 0x05, 0x00, 0x96, 0x00, 0x00, 0xb1, 0x00, 0x00, 0xd2, 0x14, 0x0d,
  0xe0, 0x22, 0x1b, 0xb5, 0x00, 0x00, 0xa9, 0x00, 0x00, 0xc1, 0x03, 0x00,
  0xcd, 0x00, 0x05, 0xc3, 0x00, 0x08, 0x9d, 0x00, 0x00, 0xb2, 0x07, 0x06,
  0xe5, 0x13, 0x08, 0xff, 0x1b, 0x10, 0xfc, 0x1e, 0x17, 0xdf, 0x0d, 0x04,
  0xad, 0x00, 0x00, 0xb6, 0x00, 0x00, 0xdc, 0x07, 0x01, 0xff, 0x20, 0x1e,
  0xe7, 0x00, 0x00, 0xe7, 0x00, 0x00, 0xe3, 0x02, 0x00, 0xe1, 0x02, 0x00,
  0xc9, 0x02, 0x03, 0xb2, 0x05, 0x05, 0x7f, 0x05, 0x00, 0x6f, 0x00, 0x00,
  0xaa, 0x02, 0x00, 0xe6, 0x26, 0x00, 0xff, 0x51, 0x00, 0xff, 0x60, 0x00,
  0xf3, 0x3e, 0x00, 0xf3, 0x40, 0x0f, 0xb8, 0x0e, 0x00, 0xa4, 0x00, 0x00,
  0xd2, 0x04, 0x0c, 0xfd, 0x1e, 0x1c, 0xff, 0x1e, 0x00, 0xff, 0x24, 0x00,
  0xff, 0x36, 0x08, 0xff, 0x39, 0x08, 0xff, 0x3a, 0x06, 0xff, 0x3a, 0x06,
  0xff, 0x37, 0x03, 0xfb, 0x2f, 0x00, 0xff, 0x34, 0x0b, 0xfe, 0x32, 0x07,
  0xf5, 0x2f, 0x00, 0xef, 0x23, 0x00, 0xe6, 0x0b, 0x00, 0xd2, 0x00, 0x00,
  0xc4, 0x00, 0x00, 0xbc, 0x00, 0x00, 0xc2, 0x0b, 0x03, 0xd5, 0x1a, 0x0e,
  0xe0, 0x17, 0x09, 0xdc, 0x15, 0x0b, 0xbe, 0x0d, 0x09, 0x9a, 0x00, 0x00,
  0x87, 0x00, 0x00, 0x92, 0x00, 0x00, 0xad, 0x00, 0x00, 0xb3, 0x00, 0x00,
  0xa0, 0x00, 0x00, 0xa4, 0x02, 0x00, 0xba, 0x05, 0x00, 0xd5, 0x12, 0x00,
  0xff, 0x32, 0x23, 0xd0, 0x05, 0x00, 0xb8, 0x00, 0x00, 0xc3, 0x02, 0x00,
  0xd8, 0x0a, 0x06, 0xc3, 0x02, 0x01, 0x8e, 0x00, 0x00, 0x9a, 0x00, 0x00,
  0xda, 0x0f, 0x06, 0xf7, 0x1b, 0x13, 0xf3, 0x20, 0x1c, 0xd2, 0x0c, 0x08,
  0xc1, 0x0c, 0x07, 0xb8, 0x02, 0x00, 0xc5, 0x00, 0x00, 0xdd, 0x07, 0x08,
  0xe4, 0x00, 0x02, 0xe9, 0x00, 0x00, 0xe7, 0x00, 0x00, 0xe6, 0x01, 0x00,
  0xbf, 0x0d, 0x0e, 0x91, 0x00, 0x00, 0x56, 0x00, 0x00, 0x5a, 0x00, 0x00,
  0xa4, 0x00, 0x00, 0xe2, 0x25, 0x0a, 0xff, 0x64, 0x18, 0xff, 0x5d, 0x03,
  0xf6, 0x42, 0x00, 0xf2, 0x36, 0x06, 0xd2, 0x0e, 0x00, 0xcf, 0x00, 0x00,
  0xf5, 0x0e, 0x0a, 0xff, 0x19, 0x0d, 0xff, 0x1c, 0x02, 0xf4, 0x0b, 0x00,
  0xfc, 0x0d, 0x00, 0xff, 0x16, 0x06, 0xff, 0x29, 0x09, 0xff, 0x2f, 0x08,
  0xfd, 0x29, 0x01, 0xf4, 0x1f, 0x00, 0xf8, 0x1e, 0x0a, 0xf0, 0x13, 0x05,
  0xe9, 0x0d, 0x00, 0xe5, 0x07, 0x00, 0xe1, 0x00, 0x00, 0xda, 0x00, 0x00,
  0xdf, 0x00, 0x00, 0xe1, 0x07, 0x04, 0xe0, 0x08, 0x04, 0xd4, 0x05, 0x00,
  0xc4, 0x06, 0x00, 0xab, 0x01, 0x00, 0x8b, 0x00, 0x00, 0x82, 0x00, 0x00,
  0x94, 0x00, 0x00, 0xa4, 0x00, 0x00, 0xc7, 0x04, 0x00, 0xd6, 0x10, 0x03,
  0xd4, 0x17, 0x07, 0xca, 0x0e, 0x00, 0xd4, 0x0c, 0x00, 0xfa, 0x29, 0x0d,
  0xff, 0x42, 0x25, 0xe2, 0x13, 0x00, 0xc5, 0x00, 0x00, 0xce, 0x07, 0x00,
  0xf1, 0x1e, 0x0a, 0xbe, 0x00, 0x00, 0x8e, 0x00, 0x00, 0x96, 0x00, 0x00,
  0xbe, 0x02, 0x00, 0xde, 0x16, 0x11, 0xc8, 0x0b, 0x09, 0xbb, 0x09, 0x0c,
  0xa8, 0x02, 0x0f, 0xa1, 0x00, 0x0b, 0xb0, 0x04, 0x0c, 0xb7, 0x00, 0x00,
  0xd7, 0x00, 0x00, 0xf2, 0x05, 0x05, 0xfb, 0x0e, 0x05, 0xf7, 0x0a, 0x00,
  0xbd, 0x0f, 0x13, 0x90, 0x00, 0x00, 0x59, 0x00, 0x00, 0x5d, 0x00, 0x00,
  0xab, 0x00, 0x01, 0xe4, 0x25, 0x11, 0xf7, 0x49, 0x09, 0xf5, 0x49, 0x00,
  0xff, 0x4a, 0x04, 0xef, 0x2d, 0x00, 0xe0, 0x16, 0x00, 0xf4, 0x1c, 0x0a,
  0xf6, 0x0d, 0x00, 0xff, 0x18, 0x00, 0xff, 0x1e, 0x05, 0xff, 0x16, 0x04,
  0xf7, 0x01, 0x02, 0xf6, 0x03, 0x03, 0xf2, 0x0b, 0x00, 0xf4, 0x17, 0x00,
  0xf7, 0x1f, 0x01, 0xff, 0x35, 0x1d, 0xe7, 0x10, 0x07, 0xd5, 0x00, 0x00,
  0xe7, 0x03, 0x00, 0xe7, 0x00, 0x00, 0xe5, 0x00, 0x00, 0xe3, 0x00, 0x00,
  0xfe, 0x16, 0x12, 0xe7, 0x00, 0x00, 0xdc, 0x00, 0x00, 0xd8, 0x00, 0x00,
  0xb7, 0x00, 0x00, 0x96, 0x00, 0x00, 0x83, 0x00, 0x00, 0x8c, 0x00, 0x00,
  0xa3, 0x00, 0x00, 0xcc, 0x14, 0x07, 0xe4, 0x20, 0x05, 0xed, 0x25, 0x06,
  0xff, 0x44, 0x2a, 0xdd, 0x12, 0x00, 0xf5, 0x1f, 0x03, 0xff, 0x3c, 0x19,
  0xff, 0x3f, 0x12, 0xf1, 0x27, 0x00, 0xf5, 0x27, 0x0d, 0xf0, 0x1d, 0x09,
  0xff, 0x31, 0x1a, 0xdc, 0x11, 0x00, 0x9c, 0x01, 0x00, 0x8e, 0x00, 0x00,
  0xad, 0x06, 0x00, 0xb5, 0x0d, 0x0a, 0x8d, 0x00, 0x00, 0x85, 0x00, 0x00,
  0x90, 0x00, 0x07, 0xa0, 0x00, 0x14, 0x92, 0x00, 0x00, 0xad, 0x00, 0x00,
  0xdc, 0x00, 0x06, 0xfa, 0x0d, 0x0b, 0xff, 0x10, 0x05, 0xf9, 0x07, 0x00,
  0xc2, 0x09, 0x0f, 0xa0, 0x00, 0x00, 0x7d, 0x00, 0x00, 0x86, 0x00, 0x00,
  0xba, 0x03, 0x06, 0xea, 0x27, 0x17, 0xff, 0x5e, 0x2a, 0xff, 0x46, 0x03,
  0xff, 0x45, 0x00, 0xff, 0x41, 0x00, 0xf9, 0x3e, 0x07, 0xee, 0x2d, 0x00,
  0xfb, 0x27, 0x00, 0xff, 0x23, 0x00, 0xff, 0x1c, 0x00, 0xfc, 0x14, 0x01,
  0xec, 0x05, 0x01, 0xe8, 0x03, 0x00, 0xe6, 0x01, 0x00, 0xe4, 0x05, 0x00,
  0xe0, 0x09, 0x00, 0xd8, 0x07, 0x00, 0xd3, 0x0a, 0x00, 0xa7, 0x00, 0x00,
  0xdc, 0x00, 0x00, 0xe5, 0x00, 0x00, 0xe7, 0x00, 0x00, 0xea, 0x02, 0x00,
  0xf0, 0x08, 0x04, 0xf5, 0x0e, 0x0a, 0xea, 0x02, 0x00, 0xcc, 0x00, 0x00,
  0xb7, 0x00, 0x00, 0xa8, 0x00, 0x00, 0xac, 0x00, 0x00, 0xb6, 0x05, 0x00,
  0xe0, 0x23, 0x0a, 0xef, 0x2f, 0x07, 0xea, 0x30, 0x00, 0xff, 0x51, 0x13,
  0xff, 0x4b, 0x19, 0xff, 0x3d, 0x15, 0xf8, 0x20, 0x00, 0xff, 0x35, 0x0c,
  0xf8, 0x3f, 0x00, 0xf9, 0x40, 0x00, 0xe2, 0x11, 0x00, 0xff, 0x21, 0x12,
  0xff, 0x17, 0x07, 0xe7, 0x0d, 0x00, 0xb4, 0x0e, 0x00, 0x9d, 0x0e, 0x00,
  0x90, 0x04, 0x00, 0x81, 0x03, 0x04, 0x51, 0x00, 0x00, 0x5e, 0x00, 0x00,
  0x93, 0x02, 0x0e, 0x96, 0x00, 0x00, 0xa9, 0x00, 0x05, 0xaa, 0x00, 0x00,
  0xe1, 0x04, 0x05, 0xff, 0x16, 0x15, 0xff, 0x12, 0x08, 0xf5, 0x06, 0x00,
  0xc7, 0x02, 0x0b, 0xb3, 0x00, 0x00, 0xa6, 0x00, 0x00, 0xb6, 0x03, 0x09,
  0xc7, 0x03, 0x03, 0xd5, 0x0c, 0x00, 0xe7, 0x26, 0x03, 0xee, 0x2f, 0x00,
  0xf5, 0x2d, 0x00, 0xff, 0x3f, 0x00, 0xff, 0x60, 0x17, 0xff, 0x58, 0x12,
  0xee, 0x2d, 0x00, 0xf6, 0x26, 0x00, 0xff, 0x23, 0x00, 0xff, 0x23, 0x0c,
  0xe6, 0x08, 0x01, 0xe0, 0x06, 0x04, 0xdf, 0x06, 0x00, 0xda, 0x05, 0x00,
  0xd6, 0x08, 0x00, 0xd2, 0x0c, 0x00, 0xbe, 0x01, 0x00, 0xc5, 0x01, 0x00,
  0xd5, 0x00, 0x00, 0xe3, 0x00, 0x00, 0xea, 0x02, 0x00, 0xf0, 0x08, 0x04,
  0xeb, 0x03, 0x00, 0xe5, 0x00, 0x00, 0xe5, 0x00, 0x00, 0xe5, 0x06, 0x04,
  0xc5, 0x00, 0x00, 0xc6, 0x02, 0x00, 0xd5, 0x0e, 0x06, 0xe0, 0x16, 0x02,
  0xff, 0x3c, 0x18, 0xff, 0x58, 0x22, 0xfe, 0x46, 0x00, 0xff, 0x54, 0x07,
  0xff, 0x59, 0x19, 0xf2, 0x24, 0x00, 0xee, 0x15, 0x00, 0xf6, 0x27, 0x00,
  0xff, 0x62, 0x14, 0xf3, 0x42, 0x00, 0xff, 0x2c, 0x10, 0xff, 0x18, 0x0f,
  0xff, 0x1b, 0x0f, 0xe8, 0x12, 0x02, 0xb0, 0x04, 0x00, 0x87, 0x00, 0x00,
  0x79, 0x00, 0x00, 0x64, 0x00, 0x00, 0x3f, 0x00, 0x00, 0x5f, 0x04, 0x07,
  0x9b, 0x04, 0x0a, 0xb4, 0x02, 0x07, 0xac, 0x00, 0x00, 0xbd, 0x00, 0x00,
  0xe4, 0x03, 0x01, 0xff, 0x17, 0x14, 0xff, 0x15, 0x0d, 0xf4, 0x04, 0x00,
  0xd0, 0x00, 0x0a, 0xcc, 0x00, 0x06, 0xd1, 0x03, 0x09, 0xd5, 0x05, 0x09,
  0xda, 0x09, 0x06, 0xd1, 0x04, 0x00, 0xc9, 0x06, 0x00, 0xcd, 0x0d, 0x00,
  0xf2, 0x29, 0x00, 0xff, 0x47, 0x06, 0xff, 0x59, 0x04, 0xff, 0x69, 0x10,
  0xff, 0x58, 0x09, 0xe8, 0x2b, 0x00, 0xf7, 0x28, 0x00, 0xf8, 0x21, 0x06,
  0xe1, 0x0c, 0x02, 0xcf, 0x00, 0x00, 0xc8, 0x00, 0x00, 0xc1, 0x00, 0x00,
  0xb4, 0x00, 0x00, 0xae, 0x00, 0x00, 0xb3, 0x00, 0x00, 0xc0, 0x00, 0x00,
  0xd5, 0x00, 0x00, 0xe7, 0x00, 0x00, 0xf0, 0x08, 0x04, 0xf0, 0x08, 0x04,
  0xec, 0x05, 0x01, 0xf9, 0x11, 0x0e, 0xe1, 0x00, 0x00, 0xd4, 0x00, 0x00,
  0xcb, 0x02, 0x06, 0xc6, 0x00, 0x03, 0xdf, 0x0b, 0x03, 0xf8, 0x20, 0x0c,
  0xff, 0x54, 0x2b, 0xff, 0x55, 0x1c, 0xff, 0x56, 0x11, 0xff, 0x53, 0x09,
  0xfe, 0x3d, 0x00, 0xea, 0x1d, 0x00, 0xe5, 0x0c, 0x00, 0xff, 0x3b, 0x0c,
  0xf0, 0x42, 0x00, 0xf8, 0x46, 0x02, 0xff, 0x2a, 0x15, 0xe7, 0x07, 0x03,
  0xdf, 0x0f, 0x03, 0xc9, 0x0a, 0x00, 0xab, 0x01, 0x00, 0x97, 0x00, 0x00,
  0x83, 0x00, 0x00, 0x80, 0x00, 0x00, 0x52, 0x00, 0x00, 0x7a, 0x01, 0x03,
  0xb7, 0x0c, 0x0c, 0xc1, 0x00, 0x00, 0xb8, 0x00, 0x00, 0xd0, 0x07, 0x00,
  0xe1, 0x00, 0x00, 0xff, 0x15, 0x10, 0xff, 0x29, 0x20, 0xff, 0x23, 0x18,
  0xd8, 0x01, 0x0c, 0xdc, 0x00, 0x08, 0xe0, 0x00, 0x02, 0xdd, 0x00, 0x00,
  0xdc, 0x02, 0x00, 0xcd, 0x00, 0x00, 0xbd, 0x00, 0x00, 0xc3, 0x06, 0x00,
  0xdc, 0x14, 0x00, 0xff, 0x3f, 0x0b, 0xff, 0x61, 0x0a, 0xfe, 0x66, 0x01,
  0xff, 0x60, 0x06, 0xff, 0x59, 0x0f, 0xec, 0x2b, 0x00, 0xf2, 0x26, 0x05,
  0xec, 0x1a, 0x0f, 0xd9, 0x0e, 0x0e, 0xc4, 0x0b, 0x0c, 0xb9, 0x0e, 0x0f,
  0x99, 0x00, 0x00, 0x9d, 0x00, 0x00, 0xab, 0x00, 0x00, 0xc1, 0x01, 0x00,
  0xd3, 0x00, 0x00, 0xe6, 0x00, 0x00, 0xed, 0x06, 0x02, 0xee, 0x07, 0x03,
  0xfe, 0x16, 0x12, 0xfa, 0x13, 0x0f, 0xff, 0x17, 0x13, 0xd7, 0x00, 0x00,
  0xb4, 0x00, 0x00, 0xba, 0x00, 0x02, 0xe2, 0x0c, 0x09, 0xfa, 0x20, 0x0f,
  0xf3, 0x23, 0x00, 0xf3, 0x29, 0x00, 0xf5, 0x30, 0x00, 0xf8, 0x34, 0x00,
  0xff, 0x3c, 0x00, 0xed, 0x22, 0x00, 0xe8, 0x12, 0x00, 0xff, 0x3c, 0x0f,
  0xff, 0x58, 0x19, 0xe6, 0x2b, 0x00, 0xdd, 0x09, 0x00, 0xde, 0x08, 0x0a,
  0xc5, 0x02, 0x00, 0xba, 0x01, 0x00, 0xb1, 0x00, 0x00, 0xac, 0x00, 0x00,
  0xb6, 0x07, 0x07, 0x9c, 0x00, 0x00, 0x99, 0x08, 0x07, 0xa3, 0x09, 0x04,
  0xc8, 0x0b, 0x02, 0xca, 0x00, 0x00, 0xc3, 0x00, 0x00, 0xd6, 0x07, 0x00,
  0xe7, 0x00, 0x00, 0xff, 0x0c, 0x05, 0xfe, 0x10, 0x07, 0xef, 0x04, 0x00,
  0xd7, 0x00, 0x05, 0xe1, 0x01, 0x06, 0xea, 0x02, 0x00, 0xed, 0x06, 0x00,
  0xe4, 0x03, 0x00, 0xd1, 0x00, 0x00, 0xb5, 0x00, 0x00, 0xaf, 0x00, 0x00,
  0xc3, 0x00, 0x00, 0xeb, 0x2c, 0x0d, 0xff, 0x62, 0x12, 0xfe, 0x66, 0x01,
  0xff, 0x63, 0x06, 0xee, 0x40, 0x00, 0xff, 0x59, 0x19, 0xef, 0x2e, 0x04,
  0xeb, 0x17, 0x0a, 0xda, 0x0f, 0x11, 0xb2, 0x0b, 0x0f, 0xa1, 0x11, 0x14,
  0x7e, 0x00, 0x00, 0x8c, 0x00, 0x00, 0xa9, 0x00, 0x00, 0xc7, 0x00, 0x00,
  0xdd, 0x01, 0x00, 0xed, 0x06, 0x02, 0xf7, 0x0f, 0x0b, 0xff, 0x19, 0x16,
  0xff, 0x19, 0x16, 0xfb, 0x14, 0x10, 0xff, 0x1b, 0x17, 0xda, 0x01, 0x04,
  0xac, 0x00, 0x02, 0xb3, 0x00, 0x0e, 0xce, 0x05, 0x09, 0xd5, 0x06, 0x01,
  0xcc, 0x07, 0x00, 0xd2, 0x0a, 0x00, 0xdf, 0x0b, 0x03, 0xe2, 0x0f, 0x00,
  0xf9, 0x30, 0x07, 0xfe, 0x37, 0x01, 0xfa, 0x27, 0x00, 0xff, 0x32, 0x07,
  0xed, 0x20, 0x00, 0xd5, 0x08, 0x00, 0xc8, 0x00, 0x00, 0xc5, 0x00, 0x00,
  0xb8, 0x00, 0x00, 0xbe, 0x00, 0x00, 0xce, 0x00, 0x00, 0xd7, 0x01, 0x01,
  0xe2, 0x0f, 0x0b, 0xda, 0x0f, 0x04, 0xc8, 0x09, 0x00, 0xdc, 0x1c, 0x06,
  0xfa, 0x29, 0x15, 0xdc, 0x07, 0x00, 0xf7, 0x29, 0x13, 0xf0, 0x1b, 0x0a,
  0xef, 0x01, 0x00, 0xf7, 0x02, 0x00, 0xf3, 0x06, 0x00, 0xed, 0x03, 0x00,
  0xd3, 0x00, 0x00, 0xe4, 0x03, 0x01, 0xf2, 0x0a, 0x00, 0xff, 0x1d, 0x0e,
  0xf7, 0x15, 0x09, 0xd9, 0x07, 0x00, 0xb5, 0x00, 0x00, 0xa5, 0x00, 0x00,
  0xb7, 0x00, 0x00, 0xd4, 0x12, 0x00, 0xff, 0x5c, 0x18, 0xff, 0x61, 0x09,
  0xff, 0x5c, 0x0f, 0xf5, 0x3e, 0x00, 0xff, 0x54, 0x1d, 0xeb, 0x28, 0x04,
  0xd7, 0x0c, 0x00, 0xc4, 0x0b, 0x0e, 0x99, 0x0b, 0x0d, 0x80, 0x09, 0x0d,
  0x6f, 0x00, 0x00, 0x85, 0x00, 0x00, 0xb0, 0x00, 0x00, 0xcd, 0x00, 0x00,
  0xec, 0x0a, 0x02, 0xf9, 0x13, 0x07, 0xff, 0x28, 0x1d, 0xff, 0x38, 0x2e,
  0xff, 0x1b, 0x14, 0xff, 0x1a, 0x14, 0xe8, 0x03, 0x00, 0xd2, 0x03, 0x03,
  0x88, 0x00, 0x00, 0x9b, 0x00, 0x04, 0xc3, 0x02, 0x08, 0xcf, 0x02, 0x00,
  0xd9, 0x0d, 0x07, 0xda, 0x07, 0x03, 0xdf, 0x00, 0x07, 0xdd, 0x00, 0x00,
  0xed, 0x1d, 0x00, 0xff, 0x4b, 0x1c, 0xff, 0x3c, 0x10, 0xfa, 0x20, 0x00,
  0xf9, 0x20, 0x0a, 0xcf, 0x00, 0x00, 0xb8, 0x00, 0x00, 0xc0, 0x00, 0x01,
  0xbd, 0x00, 0x00, 0xce, 0x06, 0x01, 0xea, 0x10, 0x08, 0xfa, 0x18, 0x0e,
  0xff, 0x1f, 0x15, 0xe1, 0x05, 0x00, 0xf4, 0x24, 0x04, 0xed, 0x1d, 0x00,
  0xef, 0x1a, 0x00, 0xf4, 0x1e, 0x02, 0xd9, 0x0a, 0x00, 0xf7, 0x23, 0x09,
  0xf6, 0x0e, 0x00, 0xf4, 0x04, 0x00, 0xf1, 0x05, 0x00, 0xf2, 0x06, 0x01,
  0xd0, 0x00, 0x00, 0xdf, 0x02, 0x00, 0xe9, 0x08, 0x00, 0xfc, 0x1b, 0x00,
  0xff, 0x38, 0x1e, 0xf3, 0x22, 0x10, 0xc1, 0x00, 0x00, 0xb3, 0x00, 0x00,
  0xbd, 0x00, 0x00, 0xd6, 0x0c, 0x00, 0xf2, 0x32, 0x00, 0xf6, 0x38, 0x00,
  0xff, 0x43, 0x17, 0xe2, 0x0f, 0x00, 0xfa, 0x22, 0x07, 0xf0, 0x20, 0x0d,
  0xc4, 0x0c, 0x06, 0x94, 0x00, 0x00, 0x6c, 0x01, 0x00, 0x60, 0x02, 0x04,
  0x5d, 0x00, 0x00, 0x87, 0x00, 0x00, 0xbb, 0x00, 0x00, 0xd8, 0x00, 0x00,
  0xff, 0x18, 0x06, 0xff, 0x18, 0x02, 0xf6, 0x1d, 0x04, 0xf4, 0x1d, 0x06,
  0xff, 0x21, 0x12, 0xff, 0x21, 0x15, 0xff, 0x26, 0x1a, 0xb8, 0x00, 0x00,
  0x8b, 0x00, 0x00, 0x8d, 0x00, 0x00, 0xbb, 0x00, 0x00, 0xd5, 0x00, 0x00,
  0xe5, 0x06, 0x02, 0xeb, 0x03, 0x02, 0xfa, 0x05, 0x0f, 0xec, 0x00, 0x00,
  0xee, 0x0d, 0x00, 0xff, 0x45, 0x1a, 0xff, 0x3d, 0x1b, 0xe3, 0x05, 0x00,
  0xf0, 0x15, 0x08, 0xd8, 0x05, 0x01, 0xc6, 0x00, 0x00, 0xc3, 0x00, 0x00,
  0xce, 0x06, 0x00, 0xe3, 0x18, 0x00, 0xfc, 0x29, 0x05, 0xfa, 0x23, 0x03,
  0xfe, 0x24, 0x12, 0xd4, 0x00, 0x00, 0xf6, 0x29, 0x01, 0xf5, 0x29, 0x00,
  0xf3, 0x26, 0x00, 0xf0, 0x23, 0x00, 0xeb, 0x23, 0x00, 0xeb, 0x21, 0x00,
  0xff, 0x31, 0x14, 0xff, 0x28, 0x14, 0xe8, 0x00, 0x00, 0xf0, 0x01, 0x00,
  0xde, 0x01, 0x00, 0xe2, 0x07, 0x00, 0xfb, 0x21, 0x00, 0xf9, 0x23, 0x00,
  0xff, 0x32, 0x0d, 0xf2, 0x22, 0x08, 0xd0, 0x07, 0x00, 0xc9, 0x01, 0x00,
  0xc3, 0x00, 0x00, 0xd8, 0x0c, 0x00, 0xf5, 0x27, 0x06, 0xff, 0x39, 0x18,
  0xff, 0x33, 0x1f, 0xff, 0x25, 0x1a, 0xe9, 0x05, 0x00, 0xdb, 0x0f, 0x09,
  0xb0, 0x16, 0x13, 0x75, 0x06, 0x02, 0x48, 0x00, 0x00, 0x40, 0x00, 0x00,
  0x5f, 0x00, 0x00, 0x8d, 0x00, 0x00, 0xc3, 0x00, 0x02, 0xde, 0x00, 0x00,
  0xff, 0x20, 0x07, 0xf8, 0x15, 0x00, 0xf8, 0x25, 0x04, 0xff, 0x43, 0x25,
  0xfd, 0x1f, 0x0b, 0xfa, 0x1b, 0x0b, 0xdb, 0x07, 0x00, 0xb9, 0x00, 0x00,
  0x8e, 0x00, 0x00, 0x95, 0x00, 0x00, 0xc3, 0x00, 0x00, 0xdd, 0x01, 0x00,
  0xea, 0x08, 0x00, 0xff, 0x17, 0x0f, 0xf2, 0x05, 0x05, 0xf4, 0x08, 0x01,
  0xe7, 0x00, 0x00, 0xf8, 0x1a, 0x00, 0xf6, 0x22, 0x08, 0xd1, 0x05, 0x00,
  0xc7, 0x03, 0x00, 0xc8, 0x09, 0x08, 0xc4, 0x04, 0x09, 0xba, 0x00, 0x00,
  0xc9, 0x00, 0x00, 0xe1, 0x14, 0x00, 0xf9, 0x2b, 0x00, 0xf8, 0x29, 0x00,
  0xf9, 0x27, 0x0c, 0xf6, 0x24, 0x0b, 0xe9, 0x1c, 0x00, 0xff, 0x51, 0x1e,
  0xff, 0x55, 0x1a, 0xff, 0x4c, 0x11, 0xfb, 0x3e, 0x03, 0xf5, 0x32, 0x00,
  0xf2, 0x28, 0x00, 0xff, 0x43, 0x21, 0xff, 0x28, 0x13, 0xe0, 0x00, 0x00,
  0xf2, 0x0e, 0x00, 0xf9, 0x1b, 0x04, 0xff, 0x3d, 0x14, 0xfd, 0x33, 0x03,
  0xfe, 0x36, 0x09, 0xff, 0x37, 0x17, 0xed, 0x1b, 0x12, 0xd6, 0x05, 0x05,
  0xcf, 0x05, 0x05, 0xc8, 0x00, 0x00, 0xe1, 0x08, 0x00, 0xff, 0x34, 0x2b,
  0xe3, 0x07, 0x04, 0xe5, 0x08, 0x0a, 0xe1, 0x04, 0x05, 0xcb, 0x10, 0x12,
  0x83, 0x0d, 0x0b, 0x49, 0x03, 0x00, 0x2c, 0x00, 0x00, 0x33, 0x00, 0x00,
  0x6b, 0x00, 0x00, 0x9d, 0x00, 0x04, 0xcc, 0x05, 0x09, 0xe2, 0x04, 0x00,
  0xff, 0x23, 0x03, 0xf3, 0x18, 0x00, 0xf7, 0x27, 0x00, 0xff, 0x43, 0x23,
  0xff, 0x34, 0x22, 0xf4, 0x17, 0x0b, 0xf5, 0x2a, 0x1d, 0xbe, 0x05, 0x00,
  0xa1, 0x00, 0x00, 0xab, 0x00, 0x00, 0xd5, 0x01, 0x00, 0xe7, 0x05, 0x00,
  0xfa, 0x21, 0x0b, 0xff, 0x34, 0x1c, 0xf5, 0x25, 0x10, 0xfb, 0x25, 0x14,
  0xfe, 0x1d, 0x0e, 0xf4, 0x1c, 0x0c, 0xc6, 0x0f, 0x00, 0x99, 0x00, 0x00,
  0x91, 0x00, 0x00, 0x9f, 0x07, 0x04, 0xaf, 0x05, 0x0f, 0xb7, 0x00, 0x00,
  0xc3, 0x00, 0x00, 0xfd, 0x2c, 0x08, 0xf2, 0x26, 0x00, 0xff, 0x44, 0x11,
  0xff, 0x51, 0x2d, 0xe5, 0x16, 0x00, 0xeb, 0x1b, 0x00, 0xfa, 0x36, 0x00,
  0xff, 0x5a, 0x09, 0xff, 0x5f, 0x04, 0xff, 0x5d, 0x0e, 0xff, 0x59, 0x17,
  0xff, 0x44, 0x0c, 0xff, 0x3f, 0x0a, 0xff, 0x3d, 0x0b, 0xef, 0x2a, 0x00,
  0xeb, 0x06, 0x00, 0xfb, 0x20, 0x04, 0xf8, 0x2e, 0x00, 0xeb, 0x2c, 0x00,
  0xff, 0x3f, 0x0b, 0xe9, 0x23, 0x00, 0xd7, 0x00, 0x00, 0xd7, 0x00, 0x00,
  0xc7, 0x00, 0x02, 0xc3, 0x01, 0x05, 0xca, 0x04, 0x04, 0xd0, 0x06, 0x06,
  0xc8, 0x00, 0x00, 0xce, 0x03, 0x08, 0xc4, 0x00, 0x01, 0xaa, 0x08, 0x0b,
  0x58, 0x00, 0x00, 0x32, 0x00, 0x00, 0x34, 0x00, 0x00, 0x4f, 0x00, 0x00,
  0x83, 0x00, 0x00, 0xb1, 0x00, 0x00, 0xd4, 0x08, 0x04, 0xe4, 0x0a, 0x00,
  0xfa, 0x1d, 0x00, 0xfa, 0x1e, 0x00, 0xf4, 0x20, 0x00, 0xf2, 0x1f, 0x00,
  0xf7, 0x1b, 0x08, 0xfb, 0x27, 0x1d, 0xdd, 0x24, 0x17, 0xa6, 0x00, 0x00,
  0xa6, 0x00, 0x00, 0xb5, 0x00, 0x00, 0xdc, 0x03, 0x00, 0xec, 0x09, 0x00,
  0xf3, 0x1d, 0x00, 0xee, 0x22, 0x00, 0xf0, 0x2a, 0x0d, 0xe3, 0x1a, 0x05,
  0xe5, 0x0b, 0x05, 0xd6, 0x09, 0x05, 0xa5, 0x00, 0x00, 0x78, 0x00, 0x00,
  0x7d, 0x00, 0x00, 0x80, 0x00, 0x00, 0x9a, 0x00, 0x07, 0xbd, 0x08, 0x0e,
  0xd7, 0x0a, 0x00, 0xf1, 0x1b, 0x00, 0xff, 0x53, 0x23, 0xff, 0x4f, 0x1b,
  0xff, 0x51, 0x22, 0xdb, 0x10, 0x00, 0xef, 0x1a, 0x00, 0xff, 0x40, 0x0f,
  0xff, 0x76, 0x1b, 0xff, 0x77, 0x0b, 0xff, 0x69, 0x0a, 0xff, 0x5d, 0x0b,
  0xfe, 0x4c, 0x04, 0xf5, 0x41, 0x00, 0xff, 0x4f, 0x0d, 0xef, 0x38, 0x00,
  0xf2, 0x0f, 0x00, 0xf3, 0x1c, 0x00, 0xf2, 0x30, 0x00, 0xed, 0x33, 0x00,
  0xe9, 0x2e, 0x00, 0xff, 0x38, 0x11, 0xfa, 0x1b, 0x0d, 0xdb, 0x00, 0x00,
  0xb5, 0x00, 0x00, 0xa2, 0x00, 0x00, 0x8d, 0x00, 0x00, 0x89, 0x00, 0x00,
  0xa6, 0x00, 0x00, 0xa6, 0x00, 0x00, 0xa5, 0x03, 0x01, 0x83, 0x00, 0x00,
  0x55, 0x00, 0x00, 0x4b, 0x00, 0x00, 0x65, 0x00, 0x00, 0x8a, 0x00, 0x00,
  0xbe, 0x00, 0x00, 0xd8, 0x04, 0x00, 0xec, 0x1b, 0x09, 0xff, 0x36, 0x17,
  0xfa, 0x1a, 0x00, 0xff, 0x28, 0x00, 0xfa, 0x20, 0x00, 0xff, 0x2c, 0x0c,
  0xdd, 0x05, 0x00, 0xfd, 0x39, 0x2e, 0xad, 0x10, 0x03, 0x8e, 0x00, 0x00,
  0x88, 0x00, 0x00, 0xb8, 0x08, 0x00, 0xdf, 0x0e, 0x00, 0xe5, 0x05, 0x00,
  0xf9, 0x21, 0x04, 0xff, 0x34, 0x15, 0xff, 0x36, 0x1c, 0xee, 0x22, 0x10,
  0xce, 0x06, 0x03, 0xb7, 0x00, 0x00, 0xa4, 0x00, 0x00, 0xa1, 0x08, 0x05,
  0x8b, 0x00, 0x00, 0x84, 0x00, 0x00, 0x8e, 0x00, 0x00, 0xaa, 0x00, 0x02,
  0xd8, 0x08, 0x00, 0xf1, 0x19, 0x00, 0xff, 0x50, 0x21, 0xff, 0x52, 0x19,
  0xff, 0x5e, 0x20, 0xf4, 0x2f, 0x00, 0xe1, 0x08, 0x00, 0xde, 0x10, 0x00,
  0xff, 0x5d, 0x04, 0xff, 0x76, 0x07, 0xff, 0x79, 0x0d, 0xff, 0x6b, 0x06,
  0xff, 0x66, 0x0b, 0xff, 0x5d, 0x0b, 0xff, 0x5e, 0x16, 0xff, 0x51, 0x0f,
  0xfb, 0x1f, 0x00, 0xf7, 0x25, 0x00, 0xff, 0x43, 0x09, 0xff, 0x5b, 0x1a,
  0xfc, 0x3f, 0x04, 0xff, 0x42, 0x16, 0xe6, 0x03, 0x00, 0xe9, 0x07, 0x06,
  0xce, 0x0a, 0x0a, 0x9a, 0x00, 0x00, 0x79, 0x00, 0x00, 0x87, 0x00, 0x04,
  0x9f, 0x00, 0x03, 0xa4, 0x00, 0x00, 0x9a, 0x07, 0x02, 0x83, 0x00, 0x00,
  0x64, 0x00, 0x00, 0x74, 0x00, 0x02, 0xa4, 0x05, 0x02, 0xcf, 0x14, 0x06,
  0xe4, 0x19, 0x00, 0xf2, 0x22, 0x00, 0xff, 0x3a, 0x11, 0xff, 0x53, 0x22,
  0xff, 0x30, 0x00, 0xff, 0x38, 0x00, 0xfb, 0x27, 0x00, 0xff, 0x2f, 0x0c,
  0xd5, 0x00, 0x00, 0xd1, 0x0c, 0x05, 0xa4, 0x0b, 0x01, 0x6f, 0x00, 0x00,
  0x8c, 0x00, 0x00, 0xb6, 0x09, 0x00, 0xdf, 0x0d, 0x02, 0xec, 0x0b, 0x00,
  0xf7, 0x1c, 0x06, 0xf8, 0x21, 0x0a, 0xec, 0x19, 0x05, 0xd2, 0x07, 0x00,
  0xbc, 0x00, 0x00, 0xac, 0x00, 0x00, 0xab, 0x02, 0x04, 0xb3, 0x11, 0x11,
  0x9c, 0x00, 0x00, 0x96, 0x00, 0x00, 0x9e, 0x00, 0x00, 0xb9, 0x02, 0x05,
  0xd7, 0x00, 0x00, 0xf6, 0x1b, 0x03, 0xf1, 0x2e, 0x00, 0xff, 0x53, 0x15,
  0xff, 0x58, 0x0c, 0xfd, 0x3c, 0x00, 0xed, 0x11, 0x00, 0xd9, 0x03, 0x00,
  0xfb, 0x4a, 0x04, 0xff, 0x77, 0x11, 0xff, 0x85, 0x0f, 0xfa, 0x70, 0x00,
  0xff, 0x74, 0x09, 0xff, 0x6a, 0x0e, 0xff, 0x52, 0x13, 0xff, 0x3f, 0x0e,
  0xf9, 0x27, 0x03, 0xf5, 0x29, 0x00, 0xff, 0x42, 0x05, 0xff, 0x57, 0x14,
  0xfc, 0x3b, 0x00, 0xff, 0x3a, 0x0e, 0xea, 0x05, 0x00, 0xe4, 0x01, 0x00,
  0xd0, 0x08, 0x05, 0xb0, 0x00, 0x00, 0x9b, 0x00, 0x06, 0x9b, 0x00, 0x09,
  0xad, 0x00, 0x06, 0xb4, 0x04, 0x07, 0xa0, 0x04, 0x00, 0x94, 0x00, 0x00,
  0x8c, 0x00, 0x00, 0xa6, 0x00, 0x03, 0xd1, 0x0c, 0x01, 0xf5, 0x30, 0x0c,
  0xff, 0x56, 0x15, 0xfe, 0x57, 0x09, 0xff, 0x56, 0x0e, 0xff, 0x5f, 0x15,
  0xff, 0x63, 0x0e, 0xff, 0x5c, 0x0a, 0xee, 0x30, 0x00, 0xf2, 0x22, 0x00,
  0xf2, 0x10, 0x06, 0xdc, 0x06, 0x07, 0xc3, 0x13, 0x18, 0x8e, 0x00, 0x00,
  0x9d, 0x00, 0x01, 0xb9, 0x05, 0x09, 0xe1, 0x0a, 0x0c, 0xf7, 0x14, 0x11,
  0xee, 0x11, 0x05, 0xe3, 0x0d, 0x00, 0xd6, 0x06, 0x00, 0xc7, 0x00, 0x00,
  0xb8, 0x00, 0x00, 0xae, 0x00, 0x00, 0xaf, 0x00, 0x00, 0xbc, 0x0d, 0x0d,
  0xb5, 0x01, 0x02, 0xb2, 0x00, 0x00, 0xbe, 0x00, 0x02, 0xd5, 0x03, 0x06,
  0xed, 0x08, 0x03, 0xfa, 0x1c, 0x07, 0xe6, 0x25, 0x00, 0xff, 0x5f, 0x1d,
  0xff, 0x69, 0x14, 0xed, 0x30, 0x00, 0xe0, 0x02, 0x00, 0xee, 0x0c, 0x01,
  0xff, 0x3b, 0x0f, 0xff, 0x61, 0x13, 0xff, 0x7f, 0x0a, 0xfd, 0x7e, 0x00,
  0xf0, 0x69, 0x00, 0xfe, 0x5e, 0x02, 0xf7, 0x2a, 0x02, 0xeb, 0x07, 0x00,
  0xf0, 0x23, 0x00, 0xef, 0x25, 0x00, 0xee, 0x2d, 0x00, 0xe5, 0x28, 0x00,
  0xff, 0x3c, 0x00, 0xe0, 0x0f, 0x00, 0xed, 0x08, 0x00, 0xe7, 0x04, 0x00,
  0xce, 0x05, 0x00, 0xb7, 0x00, 0x01, 0xae, 0x00, 0x12, 0xb2, 0x02, 0x19,
  0xb5, 0x00, 0x07, 0xbf, 0x08, 0x0c, 0xa2, 0x01, 0x00, 0x9e, 0x01, 0x00,
  0xa9, 0x00, 0x07, 0xc0, 0x00, 0x05, 0xdf, 0x07, 0x00, 0xf9, 0x2d, 0x00,
  0xff, 0x62, 0x0f, 0xe6, 0x52, 0x00, 0xe3, 0x34, 0x00, 0xe1, 0x30, 0x00,
  0xf7, 0x5b, 0x00, 0xfe, 0x62, 0x07, 0xf9, 0x45, 0x02, 0xff, 0x41, 0x19,
  0xf7, 0x10, 0x07, 0xe8, 0x08, 0x0f, 0xbd, 0x03, 0x0d, 0x9c, 0x00, 0x00,
  0xa6, 0x01, 0x0b, 0xbb, 0x03, 0x0d, 0xe2, 0x09, 0x10, 0xfe, 0x18, 0x1b,
  0xe5, 0x07, 0x00, 0xda, 0x03, 0x00, 0xd6, 0x06, 0x01, 0xd2, 0x0c, 0x0b,
  0xc4, 0x09, 0x0b, 0xb2, 0x00, 0x00, 0xae, 0x00, 0x00, 0xb7, 0x00, 0x00,
  0xc4, 0x04, 0x05, 0xc4, 0x00, 0x00, 0xd1, 0x00, 0x02, 0xe6, 0x06, 0x0b,
  0xe9, 0x00, 0x00, 0xcf, 0x00, 0x00, 0xd3, 0x14, 0x00, 0xe5, 0x38, 0x00,
  0xff, 0x61, 0x08, 0xf5, 0x3a, 0x00, 0xeb, 0x0a, 0x00, 0xe8, 0x00, 0x00,
  0xe8, 0x12, 0x00, 0xd4, 0x20, 0x00, 0xd0, 0x46, 0x00, 0xe2, 0x69, 0x00,
  0xf2, 0x70, 0x00, 0xfc, 0x5c, 0x00, 0xfc, 0x27, 0x08, 0xef, 0x00, 0x00,
};
const unsigned int menu_lava_rgb_len = 49152;
